solid 
 facet normal -1.220232e-11 -1.000000e+00  5.979579e-12
   outer loop
     vertex  6.254863e+01 -2.500000e+01  1.026020e+00
     vertex  4.994144e+01 -2.500000e+01  3.920507e+00
     vertex  5.004759e+01 -2.500000e+01 -2.180969e+00
   endloop
 endfacet
 facet normal  7.449669e-13 -1.000000e+00  2.778136e-11
   outer loop
     vertex  6.254863e+01 -2.500000e+01  1.026020e+00
     vertex  7.502821e+01 -2.500000e+01  7.221952e-01
     vertex  7.484496e+01 -2.500000e+01  5.290678e+00
   endloop
 endfacet
 facet normal -8.620234e-13 -1.000000e+00 -3.822561e-11
   outer loop
     vertex  6.254863e+01 -2.500000e+01  1.026020e+00
     vertex  5.004759e+01 -2.500000e+01 -2.180969e+00
     vertex  7.502821e+01 -2.500000e+01  7.221952e-01
   endloop
 endfacet
 facet normal  3.411675e-12 -1.000000e+00  2.009242e-11
   outer loop
     vertex  6.199688e+01 -2.500000e+01  8.353180e+00
     vertex  6.254863e+01 -2.500000e+01  1.026020e+00
     vertex  7.484496e+01 -2.500000e+01  5.290678e+00
   endloop
 endfacet
 facet normal  3.865744e-13 -1.000000e+00 -6.873333e-12
   outer loop
     vertex  6.199688e+01 -2.500000e+01  8.353180e+00
     vertex  4.909419e+01 -2.500000e+01  9.963813e+00
     vertex  4.994144e+01 -2.500000e+01  3.920507e+00
   endloop
 endfacet
 facet normal  9.239754e-13 -1.000000e+00  9.655806e-12
   outer loop
     vertex  6.199688e+01 -2.500000e+01  8.353180e+00
     vertex  7.484496e+01 -2.500000e+01  5.290678e+00
     vertex  7.446681e+01 -2.500000e+01  9.189818e+00
   endloop
 endfacet
 facet normal  2.158552e-12 -1.000000e+00 -8.745338e-12
   outer loop
     vertex  6.199688e+01 -2.500000e+01  8.353180e+00
     vertex  7.446681e+01 -2.500000e+01  9.189818e+00
     vertex  7.376881e+01 -2.500000e+01  1.370840e+01
   endloop
 endfacet
 facet normal -2.002466e-12 -1.000000e+00  4.014832e-13
   outer loop
     vertex  6.199688e+01 -2.500000e+01  8.353180e+00
     vertex  7.376881e+01 -2.500000e+01  1.370840e+01
     vertex  7.331689e+01 -2.500000e+01  1.594964e+01
   endloop
 endfacet
 facet normal -9.179845e-12 -1.000000e+00  1.914424e-11
   outer loop
     vertex  6.199688e+01 -2.500000e+01  8.353180e+00
     vertex  4.994144e+01 -2.500000e+01  3.920507e+00
     vertex  6.254863e+01 -2.500000e+01  1.026020e+00
   endloop
 endfacet
 facet normal  3.674461e-12 -1.000000e+00 -8.415898e-11
   outer loop
     vertex  8.751207e+01 -2.500000e+01  5.118963e-01
     vertex  5.004759e+01 -2.500000e+01 -2.180969e+00
     vertex  1.499524e+02 -2.500000e+01  2.180969e+00
   endloop
 endfacet
 facet normal -5.917896e-13 -1.000000e+00 -5.951172e-12
   outer loop
     vertex  8.751207e+01 -2.500000e+01  5.118963e-01
     vertex  1.249133e+02 -2.500000e+01  4.109235e+00
     vertex  9.988324e+01 -2.500000e+01  4.830003e+00
   endloop
 endfacet
 facet normal  2.421301e-12 -1.000000e+00 -3.727805e-11
   outer loop
     vertex  8.751207e+01 -2.500000e+01  5.118963e-01
     vertex  1.499524e+02 -2.500000e+01  2.180969e+00
     vertex  1.249133e+02 -2.500000e+01  4.109235e+00
   endloop
 endfacet
 facet normal  2.374758e-12 -1.000000e+00 -6.607688e-11
   outer loop
     vertex  8.751207e+01 -2.500000e+01  5.118963e-01
     vertex  7.502821e+01 -2.500000e+01  7.221952e-01
     vertex  5.004759e+01 -2.500000e+01 -2.180969e+00
   endloop
 endfacet
 facet normal  4.639244e-14 -1.000000e+00  6.089937e-13
   outer loop
     vertex  5.979311e+01 -2.500000e+01  1.838943e+01
     vertex  4.751843e+01 -2.500000e+01  1.585926e+01
     vertex  4.909419e+01 -2.500000e+01  9.963813e+00
   endloop
 endfacet
 facet normal -9.026004e-13 -1.000000e+00 -1.237502e-12
   outer loop
     vertex  5.979311e+01 -2.500000e+01  1.838943e+01
     vertex  6.199688e+01 -2.500000e+01  8.353180e+00
     vertex  7.331689e+01 -2.500000e+01  1.594964e+01
   endloop
 endfacet
 facet normal  1.283537e-13 -1.000000e+00 -4.596875e-13
   outer loop
     vertex  5.979311e+01 -2.500000e+01  1.838943e+01
     vertex  7.233672e+01 -2.500000e+01  1.992880e+01
     vertex  7.098859e+01 -2.500000e+01  2.429770e+01
   endloop
 endfacet
 facet normal  1.146251e-12 -1.000000e+00 -7.876150e-13
   outer loop
     vertex  5.979311e+01 -2.500000e+01  1.838943e+01
     vertex  4.909419e+01 -2.500000e+01  9.963813e+00
     vertex  6.199688e+01 -2.500000e+01  8.353180e+00
   endloop
 endfacet
 facet normal -2.322169e-13 -1.000000e+00  2.478436e-12
   outer loop
     vertex  5.979311e+01 -2.500000e+01  1.838943e+01
     vertex  7.331689e+01 -2.500000e+01  1.594964e+01
     vertex  7.233672e+01 -2.500000e+01  1.992880e+01
   endloop
 endfacet
 facet normal -6.458842e-14 -1.000000e+00  1.032735e-13
   outer loop
     vertex  5.804186e+01 -2.500000e+01  2.333516e+01
     vertex  4.523753e+01 -2.500000e+01  2.151937e+01
     vertex  4.751843e+01 -2.500000e+01  1.585926e+01
   endloop
 endfacet
 facet normal  8.516984e-14 -1.000000e+00 -3.778592e-13
   outer loop
     vertex  5.804186e+01 -2.500000e+01  2.333516e+01
     vertex  5.979311e+01 -2.500000e+01  1.838943e+01
     vertex  7.098859e+01 -2.500000e+01  2.429770e+01
   endloop
 endfacet
 facet normal  2.386122e-13 -1.000000e+00 -3.235262e-13
   outer loop
     vertex  5.804186e+01 -2.500000e+01  2.333516e+01
     vertex  4.751843e+01 -2.500000e+01  1.585926e+01
     vertex  5.979311e+01 -2.500000e+01  1.838943e+01
   endloop
 endfacet
 facet normal -7.876391e-14 -1.000000e+00  1.665909e-13
   outer loop
     vertex  5.804186e+01 -2.500000e+01  2.333516e+01
     vertex  6.979905e+01 -2.500000e+01  2.752907e+01
     vertex  6.799272e+01 -2.500000e+01  3.172930e+01
   endloop
 endfacet
 facet normal  7.719776e-14 -1.000000e+00 -2.706306e-13
   outer loop
     vertex  5.804186e+01 -2.500000e+01  2.333516e+01
     vertex  7.098859e+01 -2.500000e+01  2.429770e+01
     vertex  6.979905e+01 -2.500000e+01  2.752907e+01
   endloop
 endfacet
 facet normal  7.935122e-15 -1.000000e+00 -2.754360e-14
   outer loop
     vertex  5.490530e+01 -2.500000e+01  2.997993e+01
     vertex  4.228534e+01 -2.500000e+01  2.686015e+01
     vertex  4.523753e+01 -2.500000e+01  2.151937e+01
   endloop
 endfacet
 facet normal -5.647440e-14 -1.000000e+00  4.605632e-14
   outer loop
     vertex  5.490530e+01 -2.500000e+01  2.997993e+01
     vertex  4.523753e+01 -2.500000e+01  2.151937e+01
     vertex  5.804186e+01 -2.500000e+01  2.333516e+01
   endloop
 endfacet
 facet normal  3.051986e-16 -1.000000e+00  7.285825e-14
   outer loop
     vertex  5.490530e+01 -2.500000e+01  2.997993e+01
     vertex  5.804186e+01 -2.500000e+01  2.333516e+01
     vertex  6.799272e+01 -2.500000e+01  3.172930e+01
   endloop
 endfacet
 facet normal  1.980449e-14 -1.000000e+00 -2.448003e-14
   outer loop
     vertex  5.490530e+01 -2.500000e+01  2.997993e+01
     vertex  6.624408e+01 -2.500000e+01  3.523464e+01
     vertex  6.397501e+01 -2.500000e+01  3.920403e+01
   endloop
 endfacet
 facet normal -9.921955e-15 -1.000000e+00  4.748857e-15
   outer loop
     vertex  5.490530e+01 -2.500000e+01  2.997993e+01
     vertex  6.397501e+01 -2.500000e+01  3.920403e+01
     vertex  6.275083e+01 -2.500000e+01  4.113504e+01
   endloop
 endfacet
 facet normal  1.068622e-14 -1.000000e+00 -4.804329e-15
   outer loop
     vertex  5.490530e+01 -2.500000e+01  2.997993e+01
     vertex  6.799272e+01 -2.500000e+01  3.172930e+01
     vertex  6.624408e+01 -2.500000e+01  3.523464e+01
   endloop
 endfacet
 facet normal  2.502300e-15 -1.000000e+00 -2.975368e-15
   outer loop
     vertex  4.930334e+01 -2.500000e+01  3.850414e+01
     vertex  6.051845e+01 -2.500000e+01  4.435397e+01
     vertex  5.770457e+01 -2.500000e+01  4.795770e+01
   endloop
 endfacet
 facet normal  7.716256e-16 -1.000000e+00 -1.599582e-16
   outer loop
     vertex  4.930334e+01 -2.500000e+01  3.850414e+01
     vertex  3.870567e+01 -2.500000e+01  3.180233e+01
     vertex  4.228534e+01 -2.500000e+01  2.686015e+01
   endloop
 endfacet
 facet normal -7.196234e-16 -1.000000e+00 -1.723262e-15
   outer loop
     vertex  4.930334e+01 -2.500000e+01  3.850414e+01
     vertex  5.490530e+01 -2.500000e+01  2.997993e+01
     vertex  6.275083e+01 -2.500000e+01  4.113504e+01
   endloop
 endfacet
 facet normal -2.069442e-15 -1.000000e+00  1.087467e-15
   outer loop
     vertex  4.930334e+01 -2.500000e+01  3.850414e+01
     vertex  5.770457e+01 -2.500000e+01  4.795770e+01
     vertex  5.556536e+01 -2.500000e+01  5.042072e+01
   endloop
 endfacet
 facet normal  1.234585e-15 -1.000000e+00 -4.389902e-16
   outer loop
     vertex  4.930334e+01 -2.500000e+01  3.850414e+01
     vertex  4.228534e+01 -2.500000e+01  2.686015e+01
     vertex  5.490530e+01 -2.500000e+01  2.997993e+01
   endloop
 endfacet
 facet normal -2.261433e-15 -1.000000e+00  6.157498e-15
   outer loop
     vertex  4.930334e+01 -2.500000e+01  3.850414e+01
     vertex  6.275083e+01 -2.500000e+01  4.113504e+01
     vertex  6.051845e+01 -2.500000e+01  4.435397e+01
   endloop
 endfacet
 facet normal -6.555623e-16 -1.000000e+00  3.444900e-16
   outer loop
     vertex  4.595472e+01 -2.500000e+01  4.244469e+01
     vertex  4.930334e+01 -2.500000e+01  3.850414e+01
     vertex  5.556536e+01 -2.500000e+01  5.042072e+01
   endloop
 endfacet
 facet normal -1.200553e-15 -1.000000e+00  1.001172e-15
   outer loop
     vertex  4.595472e+01 -2.500000e+01  4.244469e+01
     vertex  5.556536e+01 -2.500000e+01  5.042072e+01
     vertex  5.239116e+01 -2.500000e+01  5.371149e+01
   endloop
 endfacet
 facet normal -1.352131e-15 -1.000000e+00  1.922488e-15
   outer loop
     vertex  4.595472e+01 -2.500000e+01  4.244469e+01
     vertex  3.455163e+01 -2.500000e+01  3.627261e+01
     vertex  3.870567e+01 -2.500000e+01  3.180233e+01
   endloop
 endfacet
 facet normal  6.525815e-17 -1.000000e+00  9.570322e-16
   outer loop
     vertex  4.595472e+01 -2.500000e+01  4.244469e+01
     vertex  3.870567e+01 -2.500000e+01  3.180233e+01
     vertex  4.930334e+01 -2.500000e+01  3.850414e+01
   endloop
 endfacet
 facet normal  7.918681e-12 -1.000000e+00  1.857526e-12
   outer loop
     vertex  1.371149e+02 -2.500000e+01  9.930328e+00
     vertex  1.499524e+02 -2.500000e+01  2.180969e+00
     vertex  1.490423e+02 -2.500000e+01  1.663925e+01
   endloop
 endfacet
 facet normal -3.070389e-12 -1.000000e+00  1.420881e-11
   outer loop
     vertex  1.371149e+02 -2.500000e+01  9.930328e+00
     vertex  1.245691e+02 -2.500000e+01  1.013773e+01
     vertex  1.249133e+02 -2.500000e+01  4.109235e+00
   endloop
 endfacet
 facet normal  5.071974e-12 -1.000000e+00 -2.858312e-12
   outer loop
     vertex  1.371149e+02 -2.500000e+01  9.930328e+00
     vertex  1.249133e+02 -2.500000e+01  4.109235e+00
     vertex  1.499524e+02 -2.500000e+01  2.180969e+00
   endloop
 endfacet
 facet normal -3.098841e-12 -1.000000e+00  1.248775e-11
   outer loop
     vertex  1.371149e+02 -2.500000e+01  9.930328e+00
     vertex  1.238702e+02 -2.500000e+01  1.662549e+01
     vertex  1.245691e+02 -2.500000e+01  1.013773e+01
   endloop
 endfacet
 facet normal -7.622269e-13 -1.000000e+00 -2.042518e-12
   outer loop
     vertex  1.355831e+02 -2.500000e+01  2.272299e+01
     vertex  1.490423e+02 -2.500000e+01  1.663925e+01
     vertex  1.470336e+02 -2.500000e+01  2.952277e+01
   endloop
 endfacet
 facet normal -5.612116e-12 -1.000000e+00  7.515884e-12
   outer loop
     vertex  1.355831e+02 -2.500000e+01  2.272299e+01
     vertex  1.238702e+02 -2.500000e+01  1.662549e+01
     vertex  1.371149e+02 -2.500000e+01  9.930328e+00
   endloop
 endfacet
 facet normal  4.083020e-12 -1.000000e+00  8.676764e-12
   outer loop
     vertex  1.355831e+02 -2.500000e+01  2.272299e+01
     vertex  1.371149e+02 -2.500000e+01  9.930328e+00
     vertex  1.490423e+02 -2.500000e+01  1.663925e+01
   endloop
 endfacet
 facet normal  1.216676e-12 -1.000000e+00 -3.599877e-12
   outer loop
     vertex  1.355831e+02 -2.500000e+01  2.272299e+01
     vertex  1.223031e+02 -2.500000e+01  2.573311e+01
     vertex  1.230304e+02 -2.500000e+01  2.199480e+01
   endloop
 endfacet
 facet normal  1.347369e-12 -1.000000e+00 -5.852790e-12
   outer loop
     vertex  1.355831e+02 -2.500000e+01  2.272299e+01
     vertex  1.230304e+02 -2.500000e+01  2.199480e+01
     vertex  1.238702e+02 -2.500000e+01  1.662549e+01
   endloop
 endfacet
 facet normal  1.949395e-14 -1.000000e+00 -1.142600e-14
   outer loop
     vertex  3.844610e+01 -2.500000e+01  4.934862e+01
     vertex  4.416343e+01 -2.500000e+01  6.065765e+01
     vertex  4.078539e+01 -2.500000e+01  6.297860e+01
   endloop
 endfacet
 facet normal  7.000624e-15 -1.000000e+00 -7.265328e-16
   outer loop
     vertex  3.844610e+01 -2.500000e+01  4.934862e+01
     vertex  2.988484e+01 -2.500000e+01  4.020462e+01
     vertex  3.455163e+01 -2.500000e+01  3.627261e+01
   endloop
 endfacet
 facet normal -1.248050e-15 -1.000000e+00  1.730195e-15
   outer loop
     vertex  3.844610e+01 -2.500000e+01  4.934862e+01
     vertex  3.455163e+01 -2.500000e+01  3.627261e+01
     vertex  4.595472e+01 -2.500000e+01  4.244469e+01
   endloop
 endfacet
 facet normal  4.231925e-13 -1.000000e+00  6.323532e-13
   outer loop
     vertex  1.339416e+02 -2.500000e+01  3.096386e+01
     vertex  1.470336e+02 -2.500000e+01  2.952277e+01
     vertex  1.435003e+02 -2.500000e+01  4.356773e+01
   endloop
 endfacet
 facet normal -4.491222e-13 -1.000000e+00  9.510799e-13
   outer loop
     vertex  1.339416e+02 -2.500000e+01  3.096386e+01
     vertex  1.209179e+02 -2.500000e+01  3.160856e+01
     vertex  1.223031e+02 -2.500000e+01  2.573311e+01
   endloop
 endfacet
 facet normal -1.056511e-14 -1.000000e+00 -3.308282e-12
   outer loop
     vertex  1.339416e+02 -2.500000e+01  3.096386e+01
     vertex  1.355831e+02 -2.500000e+01  2.272299e+01
     vertex  1.470336e+02 -2.500000e+01  2.952277e+01
   endloop
 endfacet
 facet normal  1.343926e-12 -1.000000e+00 -3.038477e-12
   outer loop
     vertex  1.339416e+02 -2.500000e+01  3.096386e+01
     vertex  1.223031e+02 -2.500000e+01  2.573311e+01
     vertex  1.355831e+02 -2.500000e+01  2.272299e+01
   endloop
 endfacet
 facet normal -1.223218e-15 -1.000000e+00  9.793097e-16
   outer loop
     vertex  6.500838e+01 -2.500000e+01  5.858786e+01
     vertex  5.239116e+01 -2.500000e+01  5.371149e+01
     vertex  5.556536e+01 -2.500000e+01  5.042072e+01
   endloop
 endfacet
 facet normal -8.607513e-15 -1.000000e+00 -6.602992e-15
   outer loop
     vertex  3.232984e+01 -2.500000e+01  5.355532e+01
     vertex  3.844610e+01 -2.500000e+01  4.934862e+01
     vertex  4.078539e+01 -2.500000e+01  6.297860e+01
   endloop
 endfacet
 facet normal -3.506941e-17 -1.000000e+00  5.860774e-15
   outer loop
     vertex  3.232984e+01 -2.500000e+01  5.355532e+01
     vertex  2.988484e+01 -2.500000e+01  4.020462e+01
     vertex  3.844610e+01 -2.500000e+01  4.934862e+01
   endloop
 endfacet
 facet normal -1.489192e-14 -1.000000e+00  1.809347e-14
   outer loop
     vertex  3.232984e+01 -2.500000e+01  5.355532e+01
     vertex  3.687393e+01 -2.500000e+01  6.534585e+01
     vertex  3.383636e+01 -2.500000e+01  6.696918e+01
   endloop
 endfacet
 facet normal -5.993241e-14 -1.000000e+00  1.683014e-14
   outer loop
     vertex  3.232984e+01 -2.500000e+01  5.355532e+01
     vertex  2.477506e+01 -2.500000e+01  4.354002e+01
     vertex  2.988484e+01 -2.500000e+01  4.020462e+01
   endloop
 endfacet
 facet normal -5.212060e-14 -1.000000e+00  3.244149e-14
   outer loop
     vertex  3.232984e+01 -2.500000e+01  5.355532e+01
     vertex  4.078539e+01 -2.500000e+01  6.297860e+01
     vertex  3.687393e+01 -2.500000e+01  6.534585e+01
   endloop
 endfacet
 facet normal  1.727884e-13 -1.000000e+00 -4.121835e-13
   outer loop
     vertex  1.301913e+02 -2.500000e+01  4.415127e+01
     vertex  1.170300e+02 -2.500000e+01  4.386591e+01
     vertex  1.190118e+02 -2.500000e+01  3.816328e+01
   endloop
 endfacet
 facet normal  5.052822e-14 -1.000000e+00  9.149798e-13
   outer loop
     vertex  1.301913e+02 -2.500000e+01  4.415127e+01
     vertex  1.339416e+02 -2.500000e+01  3.096386e+01
     vertex  1.435003e+02 -2.500000e+01  4.356773e+01
   endloop
 endfacet
 facet normal  9.005050e-16 -1.000000e+00 -2.169034e-13
   outer loop
     vertex  1.301913e+02 -2.500000e+01  4.415127e+01
     vertex  1.435003e+02 -2.500000e+01  4.356773e+01
     vertex  1.386281e+02 -2.500000e+01  5.720780e+01
   endloop
 endfacet
 facet normal -4.580691e-13 -1.000000e+00  7.703432e-13
   outer loop
     vertex  1.301913e+02 -2.500000e+01  4.415127e+01
     vertex  1.209179e+02 -2.500000e+01  3.160856e+01
     vertex  1.339416e+02 -2.500000e+01  3.096386e+01
   endloop
 endfacet
 facet normal -4.622564e-13 -1.000000e+00  7.734390e-13
   outer loop
     vertex  1.301913e+02 -2.500000e+01  4.415127e+01
     vertex  1.190118e+02 -2.500000e+01  3.816328e+01
     vertex  1.209179e+02 -2.500000e+01  3.160856e+01
   endloop
 endfacet
 facet normal -9.176982e-16 -1.000000e+00  7.284162e-16
   outer loop
     vertex  5.726092e+01 -2.500000e+01  6.618018e+01
     vertex  7.168599e+01 -2.500000e+01  6.972172e+01
     vertex  6.730626e+01 -2.500000e+01  7.395853e+01
   endloop
 endfacet
 facet normal -1.872322e-16 -1.000000e+00 -2.149430e-16
   outer loop
     vertex  5.726092e+01 -2.500000e+01  6.618018e+01
     vertex  6.730626e+01 -2.500000e+01  7.395853e+01
     vertex  6.402779e+01 -2.500000e+01  7.681433e+01
   endloop
 endfacet
 facet normal -1.050182e-15 -1.000000e+00  1.268035e-15
   outer loop
     vertex  5.726092e+01 -2.500000e+01  6.618018e+01
     vertex  6.500838e+01 -2.500000e+01  5.858786e+01
     vertex  7.168599e+01 -2.500000e+01  6.972172e+01
   endloop
 endfacet
 facet normal -1.900948e-15 -1.000000e+00  1.312295e-15
   outer loop
     vertex  5.726092e+01 -2.500000e+01  6.618018e+01
     vertex  4.777598e+01 -2.500000e+01  5.785511e+01
     vertex  5.239116e+01 -2.500000e+01  5.371149e+01
   endloop
 endfacet
 facet normal -1.254304e-15 -1.000000e+00  1.059742e-15
   outer loop
     vertex  5.726092e+01 -2.500000e+01  6.618018e+01
     vertex  5.239116e+01 -2.500000e+01  5.371149e+01
     vertex  6.500838e+01 -2.500000e+01  5.858786e+01
   endloop
 endfacet
 facet normal  7.770733e-14 -1.000000e+00 -5.174508e-14
   outer loop
     vertex  2.772801e+01 -2.500000e+01  5.607621e+01
     vertex  1.929652e+01 -2.500000e+01  4.622934e+01
     vertex  2.477506e+01 -2.500000e+01  4.354002e+01
   endloop
 endfacet
 facet normal  2.906617e-13 -1.000000e+00 -1.303769e-13
   outer loop
     vertex  2.772801e+01 -2.500000e+01  5.607621e+01
     vertex  3.383636e+01 -2.500000e+01  6.696918e+01
     vertex  2.969364e+01 -2.500000e+01  6.890574e+01
   endloop
 endfacet
 facet normal  3.611062e-14 -1.000000e+00  1.236534e-14
   outer loop
     vertex  2.772801e+01 -2.500000e+01  5.607621e+01
     vertex  3.232984e+01 -2.500000e+01  5.355532e+01
     vertex  3.383636e+01 -2.500000e+01  6.696918e+01
   endloop
 endfacet
 facet normal  9.758686e-15 -1.000000e+00 -3.573950e-14
   outer loop
     vertex  2.772801e+01 -2.500000e+01  5.607621e+01
     vertex  2.477506e+01 -2.500000e+01  4.354002e+01
     vertex  3.232984e+01 -2.500000e+01  5.355532e+01
   endloop
 endfacet
 facet normal -2.286266e-14 -1.000000e+00  6.539437e-14
   outer loop
     vertex  1.255286e+02 -2.500000e+01  5.605069e+01
     vertex  1.386281e+02 -2.500000e+01  5.720780e+01
     vertex  1.331353e+02 -2.500000e+01  6.903232e+01
   endloop
 endfacet
 facet normal  2.144300e-15 -1.000000e+00 -2.177071e-13
   outer loop
     vertex  1.255286e+02 -2.500000e+01  5.605069e+01
     vertex  1.301913e+02 -2.500000e+01  4.415127e+01
     vertex  1.386281e+02 -2.500000e+01  5.720780e+01
   endloop
 endfacet
 facet normal  7.191666e-14 -1.000000e+00 -8.660633e-14
   outer loop
     vertex  1.255286e+02 -2.500000e+01  5.605069e+01
     vertex  1.148942e+02 -2.500000e+01  4.918906e+01
     vertex  1.170300e+02 -2.500000e+01  4.386591e+01
   endloop
 endfacet
 facet normal  1.671698e-13 -1.000000e+00 -1.530431e-13
   outer loop
     vertex  1.255286e+02 -2.500000e+01  5.605069e+01
     vertex  1.170300e+02 -2.500000e+01  4.386591e+01
     vertex  1.301913e+02 -2.500000e+01  4.415127e+01
   endloop
 endfacet
 facet normal -5.675185e-14 -1.000000e+00  1.128088e-13
   outer loop
     vertex  1.255286e+02 -2.500000e+01  5.605069e+01
     vertex  1.126474e+02 -2.500000e+01  5.413693e+01
     vertex  1.148942e+02 -2.500000e+01  4.918906e+01
   endloop
 endfacet
 facet normal -5.270309e-13 -1.000000e+00 -5.097303e-15
   outer loop
     vertex  2.107429e+01 -2.500000e+01  5.890157e+01
     vertex  2.772801e+01 -2.500000e+01  5.607621e+01
     vertex  2.969364e+01 -2.500000e+01  6.890574e+01
   endloop
 endfacet
 facet normal  1.480919e-12 -1.000000e+00  7.932706e-14
   outer loop
     vertex  2.107429e+01 -2.500000e+01  5.890157e+01
     vertex  1.410998e+01 -2.500000e+01  4.806411e+01
     vertex  1.929652e+01 -2.500000e+01  4.622934e+01
   endloop
 endfacet
 facet normal -5.882813e-13 -1.000000e+00  4.767456e-14
   outer loop
     vertex  2.107429e+01 -2.500000e+01  5.890157e+01
     vertex  2.969364e+01 -2.500000e+01  6.890574e+01
     vertex  2.589118e+01 -2.500000e+01  7.042331e+01
   endloop
 endfacet
 facet normal -7.448176e-13 -1.000000e+00  1.131177e-13
   outer loop
     vertex  2.107429e+01 -2.500000e+01  5.890157e+01
     vertex  2.589118e+01 -2.500000e+01  7.042331e+01
     vertex  2.199331e+01 -2.500000e+01  7.173681e+01
   endloop
 endfacet
 facet normal -3.803080e-13 -1.000000e+00  3.404353e-13
   outer loop
     vertex  2.107429e+01 -2.500000e+01  5.890157e+01
     vertex  1.929652e+01 -2.500000e+01  4.622934e+01
     vertex  2.772801e+01 -2.500000e+01  5.607621e+01
   endloop
 endfacet
 facet normal -2.461712e-14 -1.000000e+00  8.786918e-15
   outer loop
     vertex  1.184027e+02 -2.500000e+01  6.985642e+01
     vertex  1.096684e+02 -2.500000e+01  5.994228e+01
     vertex  1.126474e+02 -2.500000e+01  5.413693e+01
   endloop
 endfacet
 facet normal  1.029867e-14 -1.000000e+00 -1.419504e-14
   outer loop
     vertex  1.184027e+02 -2.500000e+01  6.985642e+01
     vertex  1.331353e+02 -2.500000e+01  6.903232e+01
     vertex  1.266363e+02 -2.500000e+01  8.033504e+01
   endloop
 endfacet
 facet normal  1.548414e-14 -1.000000e+00 -2.654193e-14
   outer loop
     vertex  1.184027e+02 -2.500000e+01  6.985642e+01
     vertex  1.069591e+02 -2.500000e+01  6.465281e+01
     vertex  1.096684e+02 -2.500000e+01  5.994228e+01
   endloop
 endfacet
 facet normal  5.775146e-15 -1.000000e+00 -5.190309e-15
   outer loop
     vertex  1.184027e+02 -2.500000e+01  6.985642e+01
     vertex  1.049396e+02 -2.500000e+01  6.788165e+01
     vertex  1.069591e+02 -2.500000e+01  6.465281e+01
   endloop
 endfacet
 facet normal -4.225685e-14 -1.000000e+00  1.524525e-14
   outer loop
     vertex  1.184027e+02 -2.500000e+01  6.985642e+01
     vertex  1.126474e+02 -2.500000e+01  5.413693e+01
     vertex  1.255286e+02 -2.500000e+01  5.605069e+01
   endloop
 endfacet
 facet normal  1.355692e-14 -1.000000e+00  4.405391e-14
   outer loop
     vertex  1.184027e+02 -2.500000e+01  6.985642e+01
     vertex  1.255286e+02 -2.500000e+01  5.605069e+01
     vertex  1.331353e+02 -2.500000e+01  6.903232e+01
   endloop
 endfacet
 facet normal -4.351416e-15 -1.000000e+00  5.738424e-15
   outer loop
     vertex  1.140990e+02 -2.500000e+01  7.668453e+01
     vertex  1.018897e+02 -2.500000e+01  7.237911e+01
     vertex  1.049396e+02 -2.500000e+01  6.788165e+01
   endloop
 endfacet
 facet normal -1.355500e-15 -1.000000e+00  2.708900e-15
   outer loop
     vertex  1.140990e+02 -2.500000e+01  7.668453e+01
     vertex  1.266363e+02 -2.500000e+01  8.033504e+01
     vertex  1.191802e+02 -2.500000e+01  9.103055e+01
   endloop
 endfacet
 facet normal  1.569250e-15 -1.000000e+00 -7.335840e-15
   outer loop
     vertex  1.140990e+02 -2.500000e+01  7.668453e+01
     vertex  1.184027e+02 -2.500000e+01  6.985642e+01
     vertex  1.266363e+02 -2.500000e+01  8.033504e+01
   endloop
 endfacet
 facet normal  5.707291e-15 -1.000000e+00 -4.727707e-15
   outer loop
     vertex  1.140990e+02 -2.500000e+01  7.668453e+01
     vertex  1.049396e+02 -2.500000e+01  6.788165e+01
     vertex  1.184027e+02 -2.500000e+01  6.985642e+01
   endloop
 endfacet
 facet normal -2.410213e-15 -1.000000e+00  2.335341e-16
   outer loop
     vertex  1.140990e+02 -2.500000e+01  7.668453e+01
     vertex  9.797329e+01 -2.500000e+01  7.759814e+01
     vertex  1.018897e+02 -2.500000e+01  7.237911e+01
   endloop
 endfacet
 facet normal -1.170719e-11 -1.000000e+00 -9.194349e-13
   outer loop
     vertex  1.256944e+01 -2.500000e+01  6.128094e+01
     vertex  9.369990e+00 -2.500000e+01  4.922175e+01
     vertex  1.410998e+01 -2.500000e+01  4.806411e+01
   endloop
 endfacet
 facet normal  7.716960e-13 -1.000000e+00  5.350842e-13
   outer loop
     vertex  1.256944e+01 -2.500000e+01  6.128094e+01
     vertex  1.410998e+01 -2.500000e+01  4.806411e+01
     vertex  2.107429e+01 -2.500000e+01  5.890157e+01
   endloop
 endfacet
 facet normal  3.377569e-12 -1.000000e+00 -2.464873e-12
   outer loop
     vertex  1.256944e+01 -2.500000e+01  6.128094e+01
     vertex  2.199331e+01 -2.500000e+01  7.173681e+01
     vertex  1.661594e+01 -2.500000e+01  7.316622e+01
   endloop
 endfacet
 facet normal -1.037844e-11 -1.000000e+00  2.218537e-12
   outer loop
     vertex  1.256944e+01 -2.500000e+01  6.128094e+01
     vertex  1.661594e+01 -2.500000e+01  7.316622e+01
     vertex  1.301022e+01 -2.500000e+01  7.389756e+01
   endloop
 endfacet
 facet normal -1.397868e-11 -1.000000e+00  2.344314e-12
   outer loop
     vertex  1.256944e+01 -2.500000e+01  6.128094e+01
     vertex  1.301022e+01 -2.500000e+01  7.389756e+01
     vertex  9.966814e+00 -2.500000e+01  7.437234e+01
   endloop
 endfacet
 facet normal  6.261806e-13 -1.000000e+00  1.495185e-14
   outer loop
     vertex  1.256944e+01 -2.500000e+01  6.128094e+01
     vertex  2.107429e+01 -2.500000e+01  5.890157e+01
     vertex  2.199331e+01 -2.500000e+01  7.173681e+01
   endloop
 endfacet
 facet normal  3.504262e-16 -1.000000e+00 -7.723912e-16
   outer loop
     vertex  1.047180e+02 -2.500000e+01  8.906882e+01
     vertex  1.191802e+02 -2.500000e+01  9.103055e+01
     vertex  1.108233e+02 -2.500000e+01  1.010380e+02
   endloop
 endfacet
 facet normal -5.953099e-17 -1.000000e+00  2.249886e-15
   outer loop
     vertex  1.047180e+02 -2.500000e+01  8.906882e+01
     vertex  1.140990e+02 -2.500000e+01  7.668453e+01
     vertex  1.191802e+02 -2.500000e+01  9.103055e+01
   endloop
 endfacet
 facet normal  1.741585e-15 -1.000000e+00 -1.953207e-15
   outer loop
     vertex  1.047180e+02 -2.500000e+01  8.906882e+01
     vertex  9.450759e+01 -2.500000e+01  8.178359e+01
     vertex  9.797329e+01 -2.500000e+01  7.759814e+01
   endloop
 endfacet
 facet normal  2.115066e-16 -1.000000e+00  1.912292e-16
   outer loop
     vertex  1.047180e+02 -2.500000e+01  8.906882e+01
     vertex  9.086321e+01 -2.500000e+01  8.581441e+01
     vertex  9.450759e+01 -2.500000e+01  8.178359e+01
   endloop
 endfacet
 facet normal -2.396260e-15 -1.000000e+00  4.798240e-16
   outer loop
     vertex  1.047180e+02 -2.500000e+01  8.906882e+01
     vertex  9.797329e+01 -2.500000e+01  7.759814e+01
     vertex  1.140990e+02 -2.500000e+01  7.668453e+01
   endloop
 endfacet
 facet normal -8.946215e-16 -1.000000e+00  6.474894e-16
   outer loop
     vertex  9.658613e+01 -2.500000e+01  9.782756e+01
     vertex  1.108233e+02 -2.500000e+01  1.010380e+02
     vertex  1.016288e+02 -2.500000e+01  1.102818e+02
   endloop
 endfacet
 facet normal -6.946501e-16 -1.000000e+00 -2.393131e-16
   outer loop
     vertex  9.658613e+01 -2.500000e+01  9.782756e+01
     vertex  1.047180e+02 -2.500000e+01  8.906882e+01
     vertex  1.108233e+02 -2.500000e+01  1.010380e+02
   endloop
 endfacet
 facet normal -5.493768e-16 -1.000000e+00  2.072331e-16
   outer loop
     vertex  9.658613e+01 -2.500000e+01  9.782756e+01
     vertex  8.224786e+01 -2.500000e+01  9.410381e+01
     vertex  8.704709e+01 -2.500000e+01  8.968303e+01
   endloop
 endfacet
 facet normal -1.479031e-15 -1.000000e+00  1.296064e-15
   outer loop
     vertex  9.658613e+01 -2.500000e+01  9.782756e+01
     vertex  8.704709e+01 -2.500000e+01  8.968303e+01
     vertex  9.086321e+01 -2.500000e+01  8.581441e+01
   endloop
 endfacet
 facet normal  1.322960e-16 -1.000000e+00  5.284468e-16
   outer loop
     vertex  9.658613e+01 -2.500000e+01  9.782756e+01
     vertex  9.086321e+01 -2.500000e+01  8.581441e+01
     vertex  1.047180e+02 -2.500000e+01  8.906882e+01
   endloop
 endfacet
 facet normal  4.765735e-11 -1.000000e+00 -9.548687e-12
   outer loop
     vertex  1.637910e+00 -2.500000e+01  6.247754e+01
     vertex  9.966814e+00 -2.500000e+01  7.437234e+01
     vertex  4.275201e+00 -2.500000e+01  7.488791e+01
   endloop
 endfacet
 facet normal  2.079859e-11 -1.000000e+00  9.258195e-12
   outer loop
     vertex  1.637910e+00 -2.500000e+01  6.247754e+01
     vertex  1.256944e+01 -2.500000e+01  6.128094e+01
     vertex  9.966814e+00 -2.500000e+01  7.437234e+01
   endloop
 endfacet
 facet normal  3.846686e-12 -1.000000e+00 -7.000909e-13
   outer loop
     vertex  2.251459e+01 -2.500000e+01  8.456760e+01
     vertex  1.661594e+01 -2.500000e+01  7.316622e+01
     vertex  2.199331e+01 -2.500000e+01  7.173681e+01
   endloop
 endfacet
 facet normal  4.389867e-15 -1.000000e+00 -6.137742e-15
   outer loop
     vertex  8.060810e+01 -2.500000e+01  1.113617e+02
     vertex  9.166621e+01 -2.500000e+01  1.186920e+02
     vertex  7.978747e+01 -2.500000e+01  1.269821e+02
   endloop
 endfacet
 facet normal  5.207945e-15 -1.000000e+00 -2.832235e-15
   outer loop
     vertex  8.060810e+01 -2.500000e+01  1.113617e+02
     vertex  7.015647e+01 -2.500000e+01  1.034326e+02
     vertex  7.506991e+01 -2.500000e+01  9.992368e+01
   endloop
 endfacet
 facet normal -6.107821e-11 -1.000000e+00  1.213338e-12
   outer loop
     vertex  2.134434e+00 -2.500000e+01  8.747207e+01
     vertex -2.180969e+00 -2.500000e+01  5.004759e+01
     vertex  1.637910e+00 -2.500000e+01  6.247754e+01
   endloop
 endfacet
 facet normal  3.004735e-12 -1.000000e+00 -5.969001e-14
   outer loop
     vertex  2.134434e+00 -2.500000e+01  8.747207e+01
     vertex  1.637910e+00 -2.500000e+01  6.247754e+01
     vertex  4.275201e+00 -2.500000e+01  7.488791e+01
   endloop
 endfacet
 facet normal  9.762145e-16 -1.000000e+00  2.745756e-15
   outer loop
     vertex  6.680411e+01 -2.500000e+01  1.201512e+02
     vertex  7.015647e+01 -2.500000e+01  1.034326e+02
     vertex  8.060810e+01 -2.500000e+01  1.113617e+02
   endloop
 endfacet
 facet normal -1.916785e-14 -1.000000e+00  2.030923e-14
   outer loop
     vertex  6.680411e+01 -2.500000e+01  1.201512e+02
     vertex  7.978747e+01 -2.500000e+01  1.269821e+02
     vertex  6.845721e+01 -2.500000e+01  1.334318e+02
   endloop
 endfacet
 facet normal -3.745916e-14 -1.000000e+00  1.615486e-14
   outer loop
     vertex  6.680411e+01 -2.500000e+01  1.201512e+02
     vertex  5.968751e+01 -2.500000e+01  1.098072e+02
     vertex  6.440411e+01 -2.500000e+01  1.071091e+02
   endloop
 endfacet
 facet normal -4.994131e-15 -1.000000e+00 -6.630737e-15
   outer loop
     vertex  6.680411e+01 -2.500000e+01  1.201512e+02
     vertex  8.060810e+01 -2.500000e+01  1.113617e+02
     vertex  7.978747e+01 -2.500000e+01  1.269821e+02
   endloop
 endfacet
 facet normal  1.745396e-14 -1.000000e+00  6.049823e-15
   outer loop
     vertex  6.680411e+01 -2.500000e+01  1.201512e+02
     vertex  6.440411e+01 -2.500000e+01  1.071091e+02
     vertex  7.015647e+01 -2.500000e+01  1.034326e+02
   endloop
 endfacet
 facet normal -3.039945e-14 -1.000000e+00  1.129783e-14
   outer loop
     vertex  6.680411e+01 -2.500000e+01  1.201512e+02
     vertex  5.458538e+01 -2.500000e+01  1.124307e+02
     vertex  5.968751e+01 -2.500000e+01  1.098072e+02
   endloop
 endfacet
 facet normal  8.043843e-14 -1.000000e+00 -6.720944e-14
   outer loop
     vertex  5.535423e+01 -2.500000e+01  1.258374e+02
     vertex  6.845721e+01 -2.500000e+01  1.334318e+02
     vertex  5.526066e+01 -2.500000e+01  1.394162e+02
   endloop
 endfacet
 facet normal  4.704887e-15 -1.000000e+00 -4.425906e-14
   outer loop
     vertex  5.535423e+01 -2.500000e+01  1.258374e+02
     vertex  5.458538e+01 -2.500000e+01  1.124307e+02
     vertex  6.680411e+01 -2.500000e+01  1.201512e+02
   endloop
 endfacet
 facet normal  1.606365e-13 -1.000000e+00 -5.320147e-14
   outer loop
     vertex  5.535423e+01 -2.500000e+01  1.258374e+02
     vertex  4.909004e+01 -2.500000e+01  1.149367e+02
     vertex  5.458538e+01 -2.500000e+01  1.124307e+02
   endloop
 endfacet
 facet normal  3.351367e-14 -1.000000e+00  1.375171e-14
   outer loop
     vertex  5.535423e+01 -2.500000e+01  1.258374e+02
     vertex  6.680411e+01 -2.500000e+01  1.201512e+02
     vertex  6.845721e+01 -2.500000e+01  1.334318e+02
   endloop
 endfacet
 facet normal  3.925070e-15 -1.000000e+00  3.685441e-14
   outer loop
     vertex  5.535423e+01 -2.500000e+01  1.258374e+02
     vertex  4.274558e+01 -2.500000e+01  1.174440e+02
     vertex  4.909004e+01 -2.500000e+01  1.149367e+02
   endloop
 endfacet
 facet normal -2.357229e-13 -1.000000e+00 -6.938808e-14
   outer loop
     vertex  4.255242e+01 -2.500000e+01  1.307220e+02
     vertex  5.535423e+01 -2.500000e+01  1.258374e+02
     vertex  5.526066e+01 -2.500000e+01  1.394162e+02
   endloop
 endfacet
 facet normal -7.553477e-13 -1.000000e+00  2.177786e-13
   outer loop
     vertex  4.255242e+01 -2.500000e+01  1.307220e+02
     vertex  3.703076e+01 -2.500000e+01  1.193683e+02
     vertex  4.274558e+01 -2.500000e+01  1.174440e+02
   endloop
 endfacet
 facet normal -3.812705e-13 -1.000000e+00  1.433566e-13
   outer loop
     vertex  4.255242e+01 -2.500000e+01  1.307220e+02
     vertex  5.526066e+01 -2.500000e+01  1.394162e+02
     vertex  4.156879e+01 -2.500000e+01  1.440905e+02
   endloop
 endfacet
 facet normal -1.226410e-13 -1.000000e+00  2.269828e-13
   outer loop
     vertex  4.255242e+01 -2.500000e+01  1.307220e+02
     vertex  4.274558e+01 -2.500000e+01  1.174440e+02
     vertex  5.535423e+01 -2.500000e+01  1.258374e+02
   endloop
 endfacet
 facet normal  6.707372e-14 -1.000000e+00 -1.821933e-13
   outer loop
     vertex  3.467580e+01 -2.500000e+01  1.330286e+02
     vertex  3.703076e+01 -2.500000e+01  1.193683e+02
     vertex  4.255242e+01 -2.500000e+01  1.307220e+02
   endloop
 endfacet
 facet normal  1.597631e-12 -1.000000e+00  8.166693e-14
   outer loop
     vertex  3.467580e+01 -2.500000e+01  1.330286e+02
     vertex  2.845245e+01 -2.500000e+01  1.217004e+02
     vertex  3.703076e+01 -2.500000e+01  1.193683e+02
   endloop
 endfacet
 facet normal  1.578820e-12 -1.000000e+00 -6.909059e-13
   outer loop
     vertex  3.467580e+01 -2.500000e+01  1.330286e+02
     vertex  4.156879e+01 -2.500000e+01  1.440905e+02
     vertex  2.883602e+01 -2.500000e+01  1.471736e+02
   endloop
 endfacet
 facet normal  1.743838e-13 -1.000000e+00  1.842404e-13
   outer loop
     vertex  3.467580e+01 -2.500000e+01  1.330286e+02
     vertex  4.255242e+01 -2.500000e+01  1.307220e+02
     vertex  4.156879e+01 -2.500000e+01  1.440905e+02
   endloop
 endfacet
 facet normal  4.201909e-13 -1.000000e+00  7.285090e-13
   outer loop
     vertex  2.247136e+01 -2.500000e+01  1.356253e+02
     vertex  2.845245e+01 -2.500000e+01  1.217004e+02
     vertex  3.467580e+01 -2.500000e+01  1.330286e+02
   endloop
 endfacet
 facet normal  1.009188e-12 -1.000000e+00  9.814978e-13
   outer loop
     vertex  2.247136e+01 -2.500000e+01  1.356253e+02
     vertex  2.275858e+01 -2.500000e+01  1.228927e+02
     vertex  2.845245e+01 -2.500000e+01  1.217004e+02
   endloop
 endfacet
 facet normal -9.973519e-12 -1.000000e+00  7.337519e-13
   outer loop
     vertex  2.247136e+01 -2.500000e+01  1.356253e+02
     vertex  1.686484e+01 -2.500000e+01  1.238346e+02
     vertex  2.275858e+01 -2.500000e+01  1.228927e+02
   endloop
 endfacet
 facet normal -5.416189e-12 -1.000000e+00  1.620657e-12
   outer loop
     vertex  2.247136e+01 -2.500000e+01  1.356253e+02
     vertex  2.883602e+01 -2.500000e+01  1.471736e+02
     vertex  1.465284e+01 -2.500000e+01  1.492440e+02
   endloop
 endfacet
 facet normal -2.246063e-14 -1.000000e+00 -1.351998e-12
   outer loop
     vertex  2.247136e+01 -2.500000e+01  1.356253e+02
     vertex  3.467580e+01 -2.500000e+01  1.330286e+02
     vertex  2.883602e+01 -2.500000e+01  1.471736e+02
   endloop
 endfacet
 facet normal  2.247396e-11 -1.000000e+00  6.530001e-12
   outer loop
     vertex  9.408468e+00 -2.500000e+01  1.371538e+02
     vertex  5.147235e+00 -2.500000e+01  1.248868e+02
     vertex  1.686484e+01 -2.500000e+01  1.238346e+02
   endloop
 endfacet
 facet normal  2.873363e-11 -1.000000e+00 -4.378495e-12
   outer loop
     vertex  9.408468e+00 -2.500000e+01  1.371538e+02
     vertex  1.465284e+01 -2.500000e+01  1.492440e+02
     vertex  6.795163e+00 -2.500000e+01  1.498296e+02
   endloop
 endfacet
 facet normal  3.328987e-12 -1.000000e+00  6.641281e-12
   outer loop
     vertex  9.408468e+00 -2.500000e+01  1.371538e+02
     vertex  2.247136e+01 -2.500000e+01  1.356253e+02
     vertex  1.465284e+01 -2.500000e+01  1.492440e+02
   endloop
 endfacet
 facet normal  1.973058e-12 -1.000000e+00 -4.946916e-12
   outer loop
     vertex  9.408468e+00 -2.500000e+01  1.371538e+02
     vertex  1.686484e+01 -2.500000e+01  1.238346e+02
     vertex  2.247136e+01 -2.500000e+01  1.356253e+02
   endloop
 endfacet
 facet normal -3.551879e-11 -1.000000e+00  1.477428e-11
   outer loop
     vertex  3.127483e+00 -2.500000e+01  1.374611e+02
     vertex  6.795163e+00 -2.500000e+01  1.498296e+02
     vertex  2.180969e+00 -2.500000e+01  1.499524e+02
   endloop
 endfacet
 facet normal  2.934682e-11 -1.000000e+00  4.142543e-12
   outer loop
     vertex  3.127483e+00 -2.500000e+01  1.374611e+02
     vertex  5.147235e+00 -2.500000e+01  1.248868e+02
     vertex  9.408468e+00 -2.500000e+01  1.371538e+02
   endloop
 endfacet
 facet normal  2.893181e-11 -1.000000e+00 -4.337636e-12
   outer loop
     vertex  3.127483e+00 -2.500000e+01  1.374611e+02
     vertex  9.408468e+00 -2.500000e+01  1.371538e+02
     vertex  6.795163e+00 -2.500000e+01  1.498296e+02
   endloop
 endfacet
 facet normal -5.007173e-12 -1.000000e+00  2.755063e-11
   outer loop
     vertex  8.110223e+01 -2.500000e+01  5.249538e+00
     vertex  7.484496e+01 -2.500000e+01  5.290678e+00
     vertex  7.502821e+01 -2.500000e+01  7.221952e-01
   endloop
 endfacet
 facet normal -5.128686e-12 -1.000000e+00  9.068803e-12
   outer loop
     vertex  8.110223e+01 -2.500000e+01  5.249538e+00
     vertex  7.446681e+01 -2.500000e+01  9.189818e+00
     vertex  7.484496e+01 -2.500000e+01  5.290678e+00
   endloop
 endfacet
 facet normal  3.753968e-12 -1.000000e+00  1.579641e-11
   outer loop
     vertex  8.110223e+01 -2.500000e+01  5.249538e+00
     vertex  7.502821e+01 -2.500000e+01  7.221952e-01
     vertex  8.751207e+01 -2.500000e+01  5.118963e-01
   endloop
 endfacet
 facet normal  7.842651e-14 -1.000000e+00  1.082355e-11
   outer loop
     vertex  9.346016e+01 -2.500000e+01  7.446509e+00
     vertex  8.110223e+01 -2.500000e+01  5.249538e+00
     vertex  8.751207e+01 -2.500000e+01  5.118963e-01
   endloop
 endfacet
 facet normal -9.235409e-12 -1.000000e+00  1.881238e-11
   outer loop
     vertex  9.346016e+01 -2.500000e+01  7.446509e+00
     vertex  8.751207e+01 -2.500000e+01  5.118963e-01
     vertex  9.988324e+01 -2.500000e+01  4.830003e+00
   endloop
 endfacet
 facet normal -6.638392e-12 -1.000000e+00  2.518762e-11
   outer loop
     vertex  9.346016e+01 -2.500000e+01  7.446509e+00
     vertex  9.988324e+01 -2.500000e+01  4.830003e+00
     vertex  9.940366e+01 -2.500000e+01  1.090473e+01
   endloop
 endfacet
 facet normal  9.379398e-12 -1.000000e+00 -2.341509e-12
   outer loop
     vertex  9.346016e+01 -2.500000e+01  7.446509e+00
     vertex  9.940366e+01 -2.500000e+01  1.090473e+01
     vertex  9.883561e+01 -2.500000e+01  1.521580e+01
   endloop
 endfacet
 facet normal  2.494199e-13 -1.000000e+00 -4.223297e-13
   outer loop
     vertex  7.804829e+01 -2.500000e+01  2.266262e+01
     vertex  7.098859e+01 -2.500000e+01  2.429770e+01
     vertex  7.233672e+01 -2.500000e+01  1.992880e+01
   endloop
 endfacet
 facet normal -1.043381e-12 -1.000000e+00  2.278625e-12
   outer loop
     vertex  7.804829e+01 -2.500000e+01  2.266262e+01
     vertex  7.233672e+01 -2.500000e+01  1.992880e+01
     vertex  7.331689e+01 -2.500000e+01  1.594964e+01
   endloop
 endfacet
 facet normal  2.229936e-13 -1.000000e+00 -5.364289e-13
   outer loop
     vertex  7.804829e+01 -2.500000e+01  2.266262e+01
     vertex  8.219746e+01 -2.500000e+01  3.003676e+01
     vertex  7.098859e+01 -2.500000e+01  2.429770e+01
   endloop
 endfacet
 facet normal -3.137338e-13 -1.000000e+00  2.042406e-12
   outer loop
     vertex  9.004704e+01 -2.500000e+01  2.611094e+01
     vertex  9.772533e+01 -2.500000e+01  2.120746e+01
     vertex  9.658735e+01 -2.500000e+01  2.590144e+01
   endloop
 endfacet
 facet normal -3.740061e-13 -1.000000e+00  1.607679e-13
   outer loop
     vertex  9.004704e+01 -2.500000e+01  2.611094e+01
     vertex  9.658735e+01 -2.500000e+01  2.590144e+01
     vertex  9.483040e+01 -2.500000e+01  3.173631e+01
   endloop
 endfacet
 facet normal -3.719947e-14 -1.000000e+00 -2.825002e-14
   outer loop
     vertex  7.421153e+01 -2.500000e+01  3.313277e+01
     vertex  7.098859e+01 -2.500000e+01  2.429770e+01
     vertex  8.219746e+01 -2.500000e+01  3.003676e+01
   endloop
 endfacet
 facet normal -7.716971e-14 -1.000000e+00  1.672765e-13
   outer loop
     vertex  7.421153e+01 -2.500000e+01  3.313277e+01
     vertex  6.799272e+01 -2.500000e+01  3.172930e+01
     vertex  6.979905e+01 -2.500000e+01  2.752907e+01
   endloop
 endfacet
 facet normal  3.509678e-13 -1.000000e+00 -1.698494e-13
   outer loop
     vertex  7.421153e+01 -2.500000e+01  3.313277e+01
     vertex  6.979905e+01 -2.500000e+01  2.752907e+01
     vertex  7.098859e+01 -2.500000e+01  2.429770e+01
   endloop
 endfacet
 facet normal -3.337408e-14 -1.000000e+00 -2.678381e-14
   outer loop
     vertex  7.421153e+01 -2.500000e+01  3.313277e+01
     vertex  6.624408e+01 -2.500000e+01  3.523464e+01
     vertex  6.799272e+01 -2.500000e+01  3.172930e+01
   endloop
 endfacet
 facet normal -4.262282e-14 -1.000000e+00  8.172848e-14
   outer loop
     vertex  8.586496e+01 -2.500000e+01  3.764917e+01
     vertex  9.152211e+01 -2.500000e+01  4.029519e+01
     vertex  8.889787e+01 -2.500000e+01  4.579482e+01
   endloop
 endfacet
 facet normal -2.333622e-14 -1.000000e+00  7.509294e-15
   outer loop
     vertex  8.586496e+01 -2.500000e+01  3.764917e+01
     vertex  7.421153e+01 -2.500000e+01  3.313277e+01
     vertex  8.219746e+01 -2.500000e+01  3.003676e+01
   endloop
 endfacet
 facet normal  7.547426e-14 -1.000000e+00 -2.214336e-13
   outer loop
     vertex  8.586496e+01 -2.500000e+01  3.764917e+01
     vertex  9.004704e+01 -2.500000e+01  2.611094e+01
     vertex  9.483040e+01 -2.500000e+01  3.173631e+01
   endloop
 endfacet
 facet normal  2.902704e-13 -1.000000e+00 -1.435798e-13
   outer loop
     vertex  8.586496e+01 -2.500000e+01  3.764917e+01
     vertex  8.219746e+01 -2.500000e+01  3.003676e+01
     vertex  9.004704e+01 -2.500000e+01  2.611094e+01
   endloop
 endfacet
 facet normal  8.934079e-14 -1.000000e+00 -2.004083e-13
   outer loop
     vertex  8.586496e+01 -2.500000e+01  3.764917e+01
     vertex  9.483040e+01 -2.500000e+01  3.173631e+01
     vertex  9.152211e+01 -2.500000e+01  4.029519e+01
   endloop
 endfacet
 facet normal  8.270335e-14 -1.000000e+00 -2.029739e-13
   outer loop
     vertex  1.006919e+02 -2.500000e+01  3.389708e+01
     vertex  9.152211e+01 -2.500000e+01  4.029519e+01
     vertex  9.483040e+01 -2.500000e+01  3.173631e+01
   endloop
 endfacet
 facet normal -8.361905e-14 -1.000000e+00  2.482068e-13
   outer loop
     vertex  1.006919e+02 -2.500000e+01  3.389708e+01
     vertex  9.483040e+01 -2.500000e+01  3.173631e+01
     vertex  9.658735e+01 -2.500000e+01  2.590144e+01
   endloop
 endfacet
 facet normal  3.278966e-15 -1.000000e+00 -2.368929e-15
   outer loop
     vertex  6.434379e+01 -2.500000e+01  4.964884e+01
     vertex  5.770457e+01 -2.500000e+01  4.795770e+01
     vertex  6.051845e+01 -2.500000e+01  4.435397e+01
   endloop
 endfacet
 facet normal  1.589152e-15 -1.000000e+00  4.265084e-15
   outer loop
     vertex  6.434379e+01 -2.500000e+01  4.964884e+01
     vertex  5.556536e+01 -2.500000e+01  5.042072e+01
     vertex  5.770457e+01 -2.500000e+01  4.795770e+01
   endloop
 endfacet
 facet normal -5.456182e-15 -1.000000e+00  3.941886e-15
   outer loop
     vertex  6.434379e+01 -2.500000e+01  4.964884e+01
     vertex  6.051845e+01 -2.500000e+01  4.435397e+01
     vertex  6.275083e+01 -2.500000e+01  4.113504e+01
   endloop
 endfacet
 facet normal  1.067366e-15 -1.000000e+00 -1.669111e-15
   outer loop
     vertex  6.434379e+01 -2.500000e+01  4.964884e+01
     vertex  6.500838e+01 -2.500000e+01  5.858786e+01
     vertex  5.556536e+01 -2.500000e+01  5.042072e+01
   endloop
 endfacet
 facet normal  1.236942e-13 -1.000000e+00 -4.292446e-13
   outer loop
     vertex  1.126503e+02 -2.500000e+01  3.752195e+01
     vertex  1.190118e+02 -2.500000e+01  3.816328e+01
     vertex  1.170300e+02 -2.500000e+01  4.386591e+01
   endloop
 endfacet
 facet normal -1.078880e-14 -1.000000e+00  9.047271e-13
   outer loop
     vertex  1.126503e+02 -2.500000e+01  3.752195e+01
     vertex  1.209179e+02 -2.500000e+01  3.160856e+01
     vertex  1.190118e+02 -2.500000e+01  3.816328e+01
   endloop
 endfacet
 facet normal -2.092215e-13 -1.000000e+00 -1.994085e-13
   outer loop
     vertex  1.126503e+02 -2.500000e+01  3.752195e+01
     vertex  1.170300e+02 -2.500000e+01  4.386591e+01
     vertex  1.148942e+02 -2.500000e+01  4.918906e+01
   endloop
 endfacet
 facet normal  1.406421e-13 -1.000000e+00 -3.395046e-13
   outer loop
     vertex  1.126503e+02 -2.500000e+01  3.752195e+01
     vertex  1.041634e+02 -2.500000e+01  4.247188e+01
     vertex  1.006919e+02 -2.500000e+01  3.389708e+01
   endloop
 endfacet
 facet normal -1.840497e-14 -1.000000e+00  9.328441e-14
   outer loop
     vertex  9.551404e+01 -2.500000e+01  4.652891e+01
     vertex  8.889787e+01 -2.500000e+01  4.579482e+01
     vertex  9.152211e+01 -2.500000e+01  4.029519e+01
   endloop
 endfacet
 facet normal -3.218373e-15 -1.000000e+00 -4.358752e-14
   outer loop
     vertex  9.551404e+01 -2.500000e+01  4.652891e+01
     vertex  8.682320e+01 -2.500000e+01  4.961585e+01
     vertex  8.889787e+01 -2.500000e+01  4.579482e+01
   endloop
 endfacet
 facet normal  1.943513e-13 -1.000000e+00 -4.295973e-14
   outer loop
     vertex  9.551404e+01 -2.500000e+01  4.652891e+01
     vertex  9.152211e+01 -2.500000e+01  4.029519e+01
     vertex  1.006919e+02 -2.500000e+01  3.389708e+01
   endloop
 endfacet
 facet normal -1.963067e-13 -1.000000e+00 -2.030926e-13
   outer loop
     vertex  9.551404e+01 -2.500000e+01  4.652891e+01
     vertex  1.006919e+02 -2.500000e+01  3.389708e+01
     vertex  1.041634e+02 -2.500000e+01  4.247188e+01
   endloop
 endfacet
 facet normal -1.069925e-15 -1.000000e+00  2.237890e-15
   outer loop
     vertex  4.519937e+01 -2.500000e+01  5.186066e+01
     vertex  5.239116e+01 -2.500000e+01  5.371149e+01
     vertex  4.777598e+01 -2.500000e+01  5.785511e+01
   endloop
 endfacet
 facet normal  3.984444e-15 -1.000000e+00  6.535580e-17
   outer loop
     vertex  4.519937e+01 -2.500000e+01  5.186066e+01
     vertex  4.777598e+01 -2.500000e+01  5.785511e+01
     vertex  4.416343e+01 -2.500000e+01  6.065765e+01
   endloop
 endfacet
 facet normal -1.872064e-15 -1.000000e+00 -6.243114e-16
   outer loop
     vertex  4.519937e+01 -2.500000e+01  5.186066e+01
     vertex  4.416343e+01 -2.500000e+01  6.065765e+01
     vertex  3.844610e+01 -2.500000e+01  4.934862e+01
   endloop
 endfacet
 facet normal -2.315883e-15 -1.000000e+00  5.688355e-16
   outer loop
     vertex  4.519937e+01 -2.500000e+01  5.186066e+01
     vertex  3.844610e+01 -2.500000e+01  4.934862e+01
     vertex  4.595472e+01 -2.500000e+01  4.244469e+01
   endloop
 endfacet
 facet normal -6.742785e-16 -1.000000e+00  7.005245e-16
   outer loop
     vertex  4.519937e+01 -2.500000e+01  5.186066e+01
     vertex  4.595472e+01 -2.500000e+01  4.244469e+01
     vertex  5.239116e+01 -2.500000e+01  5.371149e+01
   endloop
 endfacet
 facet normal  8.881821e-16 -1.000000e+00  1.054888e-16
   outer loop
     vertex  7.297573e+01 -2.500000e+01  5.886250e+01
     vertex  7.168599e+01 -2.500000e+01  6.972172e+01
     vertex  6.500838e+01 -2.500000e+01  5.858786e+01
   endloop
 endfacet
 facet normal  7.085562e-16 -1.000000e+00  8.415474e-17
   outer loop
     vertex  7.297573e+01 -2.500000e+01  5.886250e+01
     vertex  7.747080e+01 -2.500000e+01  6.323191e+01
     vertex  7.168599e+01 -2.500000e+01  6.972172e+01
   endloop
 endfacet
 facet normal  1.271225e-15 -1.000000e+00 -4.946953e-16
   outer loop
     vertex  7.297573e+01 -2.500000e+01  5.886250e+01
     vertex  8.117831e+01 -2.500000e+01  5.839591e+01
     vertex  7.747080e+01 -2.500000e+01  6.323191e+01
   endloop
 endfacet
 facet normal -6.075758e-15 -1.000000e+00  1.830130e-14
   outer loop
     vertex  1.072332e+02 -2.500000e+01  5.098065e+01
     vertex  1.126474e+02 -2.500000e+01  5.413693e+01
     vertex  1.096684e+02 -2.500000e+01  5.994228e+01
   endloop
 endfacet
 facet normal  3.216285e-13 -1.000000e+00 -2.919266e-14
   outer loop
     vertex  1.072332e+02 -2.500000e+01  5.098065e+01
     vertex  1.041634e+02 -2.500000e+01  4.247188e+01
     vertex  1.126503e+02 -2.500000e+01  3.752195e+01
   endloop
 endfacet
 facet normal -1.361755e-13 -1.000000e+00 -2.134571e-13
   outer loop
     vertex  1.072332e+02 -2.500000e+01  5.098065e+01
     vertex  1.126503e+02 -2.500000e+01  3.752195e+01
     vertex  1.148942e+02 -2.500000e+01  4.918906e+01
   endloop
 endfacet
 facet normal -6.024578e-14 -1.000000e+00  1.112222e-13
   outer loop
     vertex  1.072332e+02 -2.500000e+01  5.098065e+01
     vertex  1.148942e+02 -2.500000e+01  4.918906e+01
     vertex  1.126474e+02 -2.500000e+01  5.413693e+01
   endloop
 endfacet
 facet normal -1.000634e-14 -1.000000e+00  5.022468e-15
   outer loop
     vertex  8.452893e+01 -2.500000e+01  6.436404e+01
     vertex  8.117831e+01 -2.500000e+01  5.839591e+01
     vertex  8.363998e+01 -2.500000e+01  5.481197e+01
   endloop
 endfacet
 facet normal  6.580968e-16 -1.000000e+00 -9.647483e-16
   outer loop
     vertex  8.452893e+01 -2.500000e+01  6.436404e+01
     vertex  7.747080e+01 -2.500000e+01  6.323191e+01
     vertex  8.117831e+01 -2.500000e+01  5.839591e+01
   endloop
 endfacet
 facet normal  3.897379e-15 -1.000000e+00 -4.687265e-17
   outer loop
     vertex  4.877360e+01 -2.500000e+01  6.500975e+01
     vertex  4.416343e+01 -2.500000e+01  6.065765e+01
     vertex  4.777598e+01 -2.500000e+01  5.785511e+01
   endloop
 endfacet
 facet normal  1.744911e-14 -1.000000e+00 -1.440217e-14
   outer loop
     vertex  4.877360e+01 -2.500000e+01  6.500975e+01
     vertex  4.078539e+01 -2.500000e+01  6.297860e+01
     vertex  4.416343e+01 -2.500000e+01  6.065765e+01
   endloop
 endfacet
 facet normal -1.350211e-15 -1.000000e+00  6.848283e-16
   outer loop
     vertex  4.877360e+01 -2.500000e+01  6.500975e+01
     vertex  4.777598e+01 -2.500000e+01  5.785511e+01
     vertex  5.726092e+01 -2.500000e+01  6.618018e+01
   endloop
 endfacet
 facet normal -8.883675e-16 -1.000000e+00  7.587362e-16
   outer loop
     vertex  7.575776e+01 -2.500000e+01  7.448916e+01
     vertex  6.730626e+01 -2.500000e+01  7.395853e+01
     vertex  7.168599e+01 -2.500000e+01  6.972172e+01
   endloop
 endfacet
 facet normal -1.266094e-15 -1.000000e+00 -1.798553e-15
   outer loop
     vertex  7.575776e+01 -2.500000e+01  7.448916e+01
     vertex  8.452893e+01 -2.500000e+01  6.436404e+01
     vertex  8.448329e+01 -2.500000e+01  7.427276e+01
   endloop
 endfacet
 facet normal  5.407725e-16 -1.000000e+00 -2.333030e-16
   outer loop
     vertex  7.575776e+01 -2.500000e+01  7.448916e+01
     vertex  7.747080e+01 -2.500000e+01  6.323191e+01
     vertex  8.452893e+01 -2.500000e+01  6.436404e+01
   endloop
 endfacet
 facet normal  3.136329e-16 -1.000000e+00 -2.678673e-16
   outer loop
     vertex  7.575776e+01 -2.500000e+01  7.448916e+01
     vertex  7.168599e+01 -2.500000e+01  6.972172e+01
     vertex  7.747080e+01 -2.500000e+01  6.323191e+01
   endloop
 endfacet
 facet normal -5.680670e-16 -1.000000e+00  1.615889e-15
   outer loop
     vertex  9.310296e+01 -2.500000e+01  7.368736e+01
     vertex  1.018897e+02 -2.500000e+01  7.237911e+01
     vertex  9.797329e+01 -2.500000e+01  7.759814e+01
   endloop
 endfacet
 facet normal  2.075699e-15 -1.000000e+00 -1.676549e-15
   outer loop
     vertex  9.310296e+01 -2.500000e+01  7.368736e+01
     vertex  9.797329e+01 -2.500000e+01  7.759814e+01
     vertex  9.450759e+01 -2.500000e+01  8.178359e+01
   endloop
 endfacet
 facet normal -2.847336e-15 -1.000000e+00  1.477771e-15
   outer loop
     vertex  5.668232e+01 -2.500000e+01  7.468176e+01
     vertex  5.726092e+01 -2.500000e+01  6.618018e+01
     vertex  6.402779e+01 -2.500000e+01  7.681433e+01
   endloop
 endfacet
 facet normal -2.565383e-15 -1.000000e+00  5.066072e-16
   outer loop
     vertex  5.668232e+01 -2.500000e+01  7.468176e+01
     vertex  6.402779e+01 -2.500000e+01  7.681433e+01
     vertex  5.923029e+01 -2.500000e+01  8.057153e+01
   endloop
 endfacet
 facet normal  1.345410e-14 -1.000000e+00 -6.423568e-15
   outer loop
     vertex  5.668232e+01 -2.500000e+01  7.468176e+01
     vertex  5.923029e+01 -2.500000e+01  8.057153e+01
     vertex  5.526992e+01 -2.500000e+01  8.333807e+01
   endloop
 endfacet
 facet normal -1.472464e-15 -1.000000e+00  1.571342e-15
   outer loop
     vertex  5.668232e+01 -2.500000e+01  7.468176e+01
     vertex  4.877360e+01 -2.500000e+01  6.500975e+01
     vertex  5.726092e+01 -2.500000e+01  6.618018e+01
   endloop
 endfacet
 facet normal -8.266202e-16 -1.000000e+00 -7.473711e-16
   outer loop
     vertex  8.382787e+01 -2.500000e+01  8.408853e+01
     vertex  9.450759e+01 -2.500000e+01  8.178359e+01
     vertex  9.086321e+01 -2.500000e+01  8.581441e+01
   endloop
 endfacet
 facet normal -1.357352e-15 -1.000000e+00  1.416092e-15
   outer loop
     vertex  8.382787e+01 -2.500000e+01  8.408853e+01
     vertex  9.086321e+01 -2.500000e+01  8.581441e+01
     vertex  8.704709e+01 -2.500000e+01  8.968303e+01
   endloop
 endfacet
 facet normal  1.730242e-15 -1.000000e+00  1.201349e-15
   outer loop
     vertex  8.382787e+01 -2.500000e+01  8.408853e+01
     vertex  8.448329e+01 -2.500000e+01  7.427276e+01
     vertex  9.310296e+01 -2.500000e+01  7.368736e+01
   endloop
 endfacet
 facet normal -9.151701e-16 -1.000000e+00 -1.157659e-15
   outer loop
     vertex  8.382787e+01 -2.500000e+01  8.408853e+01
     vertex  9.310296e+01 -2.500000e+01  7.368736e+01
     vertex  9.450759e+01 -2.500000e+01  8.178359e+01
   endloop
 endfacet
 facet normal  3.136235e-13 -1.000000e+00 -5.565529e-13
   outer loop
     vertex  2.658530e+01 -2.500000e+01  7.680121e+01
     vertex  2.251459e+01 -2.500000e+01  8.456760e+01
     vertex  2.199331e+01 -2.500000e+01  7.173681e+01
   endloop
 endfacet
 facet normal -4.816764e-13 -1.000000e+00  3.147853e-13
   outer loop
     vertex  2.658530e+01 -2.500000e+01  7.680121e+01
     vertex  2.589118e+01 -2.500000e+01  7.042331e+01
     vertex  2.969364e+01 -2.500000e+01  6.890574e+01
   endloop
 endfacet
 facet normal -6.699552e-13 -1.000000e+00  3.352760e-13
   outer loop
     vertex  2.658530e+01 -2.500000e+01  7.680121e+01
     vertex  2.199331e+01 -2.500000e+01  7.173681e+01
     vertex  2.589118e+01 -2.500000e+01  7.042331e+01
   endloop
 endfacet
 facet normal  2.043209e-11 -1.000000e+00  5.910013e-12
   outer loop
     vertex  4.065889e+00 -2.500000e+01  5.613221e+01
     vertex  1.256944e+01 -2.500000e+01  6.128094e+01
     vertex  1.637910e+00 -2.500000e+01  6.247754e+01
   endloop
 endfacet
 facet normal -7.948620e-13 -1.000000e+00  1.828378e-13
   outer loop
     vertex  2.912318e+01 -2.500000e+01  8.911866e+01
     vertex  3.633798e+01 -2.500000e+01  9.316407e+01
     vertex  3.180399e+01 -2.500000e+01  9.480778e+01
   endloop
 endfacet
 facet normal  8.443816e-14 -1.000000e+00 -2.315025e-13
   outer loop
     vertex  2.912318e+01 -2.500000e+01  8.911866e+01
     vertex  3.180399e+01 -2.500000e+01  9.480778e+01
     vertex  2.655838e+01 -2.500000e+01  9.640881e+01
   endloop
 endfacet
 facet normal  1.102283e-12 -1.000000e+00 -1.431813e-13
   outer loop
     vertex  2.912318e+01 -2.500000e+01  8.911866e+01
     vertex  2.251459e+01 -2.500000e+01  8.456760e+01
     vertex  2.658530e+01 -2.500000e+01  7.680121e+01
   endloop
 endfacet
 facet normal -1.113331e-15 -1.000000e+00  2.284584e-16
   outer loop
     vertex  8.885519e+01 -2.500000e+01  1.048993e+02
     vertex  8.060810e+01 -2.500000e+01  1.113617e+02
     vertex  7.506991e+01 -2.500000e+01  9.992368e+01
   endloop
 endfacet
 facet normal -1.475636e-15 -1.000000e+00  1.232247e-15
   outer loop
     vertex  8.885519e+01 -2.500000e+01  1.048993e+02
     vertex  7.506991e+01 -2.500000e+01  9.992368e+01
     vertex  8.224786e+01 -2.500000e+01  9.410381e+01
   endloop
 endfacet
 facet normal -6.908339e-16 -1.000000e+00  7.519131e-16
   outer loop
     vertex  8.885519e+01 -2.500000e+01  1.048993e+02
     vertex  8.224786e+01 -2.500000e+01  9.410381e+01
     vertex  9.658613e+01 -2.500000e+01  9.782756e+01
   endloop
 endfacet
 facet normal -9.145350e-16 -1.000000e+00  5.073600e-16
   outer loop
     vertex  9.457935e+01 -2.500000e+01  1.082150e+02
     vertex  8.885519e+01 -2.500000e+01  1.048993e+02
     vertex  9.658613e+01 -2.500000e+01  9.782756e+01
   endloop
 endfacet
 facet normal -9.061401e-16 -1.000000e+00  4.928669e-16
   outer loop
     vertex  9.457935e+01 -2.500000e+01  1.082150e+02
     vertex  8.060810e+01 -2.500000e+01  1.113617e+02
     vertex  8.885519e+01 -2.500000e+01  1.048993e+02
   endloop
 endfacet
 facet normal -9.256114e-16 -1.000000e+00  1.438116e-15
   outer loop
     vertex  9.457935e+01 -2.500000e+01  1.082150e+02
     vertex  1.016288e+02 -2.500000e+01  1.102818e+02
     vertex  9.166621e+01 -2.500000e+01  1.186920e+02
   endloop
 endfacet
 facet normal -6.777138e-16 -1.000000e+00  1.507044e-15
   outer loop
     vertex  9.457935e+01 -2.500000e+01  1.082150e+02
     vertex  9.166621e+01 -2.500000e+01  1.186920e+02
     vertex  8.060810e+01 -2.500000e+01  1.113617e+02
   endloop
 endfacet
 facet normal -6.667586e-16 -1.000000e+00  5.552289e-16
   outer loop
     vertex  9.457935e+01 -2.500000e+01  1.082150e+02
     vertex  9.658613e+01 -2.500000e+01  9.782756e+01
     vertex  1.016288e+02 -2.500000e+01  1.102818e+02
   endloop
 endfacet
 facet normal -1.608757e-11 -1.000000e+00 -1.117400e-11
   outer loop
     vertex  8.304149e+00 -2.500000e+01  8.084759e+01
     vertex  9.966814e+00 -2.500000e+01  7.437234e+01
     vertex  1.301022e+01 -2.500000e+01  7.389756e+01
   endloop
 endfacet
 facet normal  4.902460e-11 -1.000000e+00  5.545008e-12
   outer loop
     vertex  8.304149e+00 -2.500000e+01  8.084759e+01
     vertex  4.275201e+00 -2.500000e+01  7.488791e+01
     vertex  9.966814e+00 -2.500000e+01  7.437234e+01
   endloop
 endfacet
 facet normal -4.822770e-12 -1.000000e+00  3.785162e-12
   outer loop
     vertex  1.271634e+01 -2.500000e+01  8.658742e+01
     vertex  1.661594e+01 -2.500000e+01  7.316622e+01
     vertex  2.251459e+01 -2.500000e+01  8.456760e+01
   endloop
 endfacet
 facet normal  2.592063e-11 -1.000000e+00  4.552740e-12
   outer loop
     vertex  1.271634e+01 -2.500000e+01  8.658742e+01
     vertex  9.270303e+00 -2.500000e+01  9.956950e+01
     vertex  2.134434e+00 -2.500000e+01  8.747207e+01
   endloop
 endfacet
 facet normal  4.112071e-12 -1.000000e+00  2.503765e-12
   outer loop
     vertex  1.271634e+01 -2.500000e+01  8.658742e+01
     vertex  8.304149e+00 -2.500000e+01  8.084759e+01
     vertex  1.301022e+01 -2.500000e+01  7.389756e+01
   endloop
 endfacet
 facet normal  1.177709e-11 -1.000000e+00  7.983993e-13
   outer loop
     vertex  1.271634e+01 -2.500000e+01  8.658742e+01
     vertex  1.278424e+01 -2.500000e+01  9.917991e+01
     vertex  9.270303e+00 -2.500000e+01  9.956950e+01
   endloop
 endfacet
 facet normal  2.444282e-11 -1.000000e+00 -1.312439e-11
   outer loop
     vertex  1.271634e+01 -2.500000e+01  8.658742e+01
     vertex  2.134434e+00 -2.500000e+01  8.747207e+01
     vertex  8.304149e+00 -2.500000e+01  8.084759e+01
   endloop
 endfacet
 facet normal -1.038870e-11 -1.000000e+00  2.167950e-12
   outer loop
     vertex  1.271634e+01 -2.500000e+01  8.658742e+01
     vertex  1.301022e+01 -2.500000e+01  7.389756e+01
     vertex  1.661594e+01 -2.500000e+01  7.316622e+01
   endloop
 endfacet
 facet normal  3.885874e-11 -1.000000e+00  6.039648e-12
   outer loop
     vertex  6.564687e+00 -2.500000e+01  8.100208e+01
     vertex  2.134434e+00 -2.500000e+01  8.747207e+01
     vertex  4.275201e+00 -2.500000e+01  7.488791e+01
   endloop
 endfacet
 facet normal  6.000689e-11 -1.000000e+00 -1.879401e-12
   outer loop
     vertex  6.564687e+00 -2.500000e+01  8.100208e+01
     vertex  4.275201e+00 -2.500000e+01  7.488791e+01
     vertex  8.304149e+00 -2.500000e+01  8.084759e+01
   endloop
 endfacet
 facet normal  6.212517e-11 -1.000000e+00  2.197106e-11
   outer loop
     vertex  6.564687e+00 -2.500000e+01  8.100208e+01
     vertex  8.304149e+00 -2.500000e+01  8.084759e+01
     vertex  2.134434e+00 -2.500000e+01  8.747207e+01
   endloop
 endfacet
 facet normal -6.733951e-12 -1.000000e+00 -5.486049e-12
   outer loop
     vertex  1.806973e+01 -2.500000e+01  9.199802e+01
     vertex  1.271634e+01 -2.500000e+01  8.658742e+01
     vertex  2.251459e+01 -2.500000e+01  8.456760e+01
   endloop
 endfacet
 facet normal -1.322180e-11 -1.000000e+00  9.332036e-13
   outer loop
     vertex  1.806973e+01 -2.500000e+01  9.199802e+01
     vertex  1.278424e+01 -2.500000e+01  9.917991e+01
     vertex  1.271634e+01 -2.500000e+01  8.658742e+01
   endloop
 endfacet
 facet normal  3.201855e-12 -1.000000e+00 -2.634121e-12
   outer loop
     vertex  1.806973e+01 -2.500000e+01  9.199802e+01
     vertex  2.655838e+01 -2.500000e+01  9.640881e+01
     vertex  2.231333e+01 -2.500000e+01  9.747859e+01
   endloop
 endfacet
 facet normal -2.380743e-12 -1.000000e+00  1.688477e-12
   outer loop
     vertex  1.806973e+01 -2.500000e+01  9.199802e+01
     vertex  2.231333e+01 -2.500000e+01  9.747859e+01
     vertex  1.747671e+01 -2.500000e+01  9.846097e+01
   endloop
 endfacet
 facet normal -1.359353e-11 -1.000000e+00  6.596265e-13
   outer loop
     vertex  1.806973e+01 -2.500000e+01  9.199802e+01
     vertex  1.747671e+01 -2.500000e+01  9.846097e+01
     vertex  1.278424e+01 -2.500000e+01  9.917991e+01
   endloop
 endfacet
 facet normal  1.664571e-12 -1.000000e+00  3.244153e-13
   outer loop
     vertex  1.806973e+01 -2.500000e+01  9.199802e+01
     vertex  2.912318e+01 -2.500000e+01  8.911866e+01
     vertex  2.655838e+01 -2.500000e+01  9.640881e+01
   endloop
 endfacet
 facet normal  1.421875e-12 -1.000000e+00 -6.072595e-13
   outer loop
     vertex  1.806973e+01 -2.500000e+01  9.199802e+01
     vertex  2.251459e+01 -2.500000e+01  8.456760e+01
     vertex  2.912318e+01 -2.500000e+01  8.911866e+01
   endloop
 endfacet
 facet normal  2.901155e-11 -1.000000e+00  2.729513e-12
   outer loop
     vertex  1.736053e+00 -2.500000e+01  1.187314e+02
     vertex  2.134434e+00 -2.500000e+01  8.747207e+01
     vertex  9.270303e+00 -2.500000e+01  9.956950e+01
   endloop
 endfacet
 facet normal -1.572642e-10 -1.000000e+00  6.866302e-12
   outer loop
     vertex  1.736053e+00 -2.500000e+01  1.187314e+02
     vertex  2.180969e+00 -2.500000e+01  1.499524e+02
     vertex -2.180969e+00 -2.500000e+01  5.004759e+01
   endloop
 endfacet
 facet normal -1.433326e-11 -1.000000e+00 -2.873570e-12
   outer loop
     vertex  1.736053e+00 -2.500000e+01  1.187314e+02
     vertex  5.147235e+00 -2.500000e+01  1.248868e+02
     vertex  3.127483e+00 -2.500000e+01  1.374611e+02
   endloop
 endfacet
 facet normal -1.426331e-10 -1.000000e+00  6.657802e-12
   outer loop
     vertex  1.736053e+00 -2.500000e+01  1.187314e+02
     vertex  3.127483e+00 -2.500000e+01  1.374611e+02
     vertex  2.180969e+00 -2.500000e+01  1.499524e+02
   endloop
 endfacet
 facet normal -6.395225e-11 -1.000000e+00  1.544743e-12
   outer loop
     vertex  1.736053e+00 -2.500000e+01  1.187314e+02
     vertex -2.180969e+00 -2.500000e+01  5.004759e+01
     vertex  2.134434e+00 -2.500000e+01  8.747207e+01
   endloop
 endfacet
 facet normal -4.487846e-14 -1.000000e+00  1.151714e-11
   outer loop
     vertex  8.365551e+01 -2.500000e+01  1.112971e+01
     vertex  8.110223e+01 -2.500000e+01  5.249538e+00
     vertex  9.346016e+01 -2.500000e+01  7.446509e+00
   endloop
 endfacet
 facet normal  1.628874e-12 -1.000000e+00 -8.827159e-12
   outer loop
     vertex  8.365551e+01 -2.500000e+01  1.112971e+01
     vertex  7.376881e+01 -2.500000e+01  1.370840e+01
     vertex  7.446681e+01 -2.500000e+01  9.189818e+00
   endloop
 endfacet
 facet normal -2.930700e-12 -1.000000e+00  1.277021e-11
   outer loop
     vertex  8.365551e+01 -2.500000e+01  1.112971e+01
     vertex  7.446681e+01 -2.500000e+01  9.189818e+00
     vertex  8.110223e+01 -2.500000e+01  5.249538e+00
   endloop
 endfacet
 facet normal  3.021523e-12 -1.000000e+00 -3.487746e-12
   outer loop
     vertex  8.209994e+01 -2.500000e+01  1.953748e+01
     vertex  7.376881e+01 -2.500000e+01  1.370840e+01
     vertex  8.365551e+01 -2.500000e+01  1.112971e+01
   endloop
 endfacet
 facet normal -3.996154e-13 -1.000000e+00  1.824890e-12
   outer loop
     vertex  8.209994e+01 -2.500000e+01  1.953748e+01
     vertex  7.804829e+01 -2.500000e+01  2.266262e+01
     vertex  7.331689e+01 -2.500000e+01  1.594964e+01
   endloop
 endfacet
 facet normal  5.638933e-13 -1.000000e+00  4.035218e-13
   outer loop
     vertex  8.209994e+01 -2.500000e+01  1.953748e+01
     vertex  9.004704e+01 -2.500000e+01  2.611094e+01
     vertex  8.219746e+01 -2.500000e+01  3.003676e+01
   endloop
 endfacet
 facet normal  1.561378e-14 -1.000000e+00  8.084067e-13
   outer loop
     vertex  8.209994e+01 -2.500000e+01  1.953748e+01
     vertex  7.331689e+01 -2.500000e+01  1.594964e+01
     vertex  7.376881e+01 -2.500000e+01  1.370840e+01
   endloop
 endfacet
 facet normal -1.481301e-12 -1.000000e+00  4.225173e-13
   outer loop
     vertex  8.209994e+01 -2.500000e+01  1.953748e+01
     vertex  8.219746e+01 -2.500000e+01  3.003676e+01
     vertex  7.804829e+01 -2.500000e+01  2.266262e+01
   endloop
 endfacet
 facet normal  1.724217e-13 -1.000000e+00  8.767984e-13
   outer loop
     vertex  9.222697e+01 -2.500000e+01  1.686529e+01
     vertex  9.004704e+01 -2.500000e+01  2.611094e+01
     vertex  8.209994e+01 -2.500000e+01  1.953748e+01
   endloop
 endfacet
 facet normal -1.184579e-12 -1.000000e+00 -4.265938e-12
   outer loop
     vertex  9.222697e+01 -2.500000e+01  1.686529e+01
     vertex  8.209994e+01 -2.500000e+01  1.953748e+01
     vertex  8.365551e+01 -2.500000e+01  1.112971e+01
   endloop
 endfacet
 facet normal  3.978104e-12 -1.000000e+00  1.395563e-12
   outer loop
     vertex  9.222697e+01 -2.500000e+01  1.686529e+01
     vertex  9.346016e+01 -2.500000e+01  7.446509e+00
     vertex  9.883561e+01 -2.500000e+01  1.521580e+01
   endloop
 endfacet
 facet normal -1.276238e-12 -1.000000e+00  5.352355e-13
   outer loop
     vertex  9.222697e+01 -2.500000e+01  1.686529e+01
     vertex  9.772533e+01 -2.500000e+01  2.120746e+01
     vertex  9.004704e+01 -2.500000e+01  2.611094e+01
   endloop
 endfacet
 facet normal -4.251923e-12 -1.000000e+00  3.180157e-13
   outer loop
     vertex  9.222697e+01 -2.500000e+01  1.686529e+01
     vertex  8.365551e+01 -2.500000e+01  1.112971e+01
     vertex  9.346016e+01 -2.500000e+01  7.446509e+00
   endloop
 endfacet
 facet normal  2.553094e-12 -1.000000e+00 -4.313736e-12
   outer loop
     vertex  9.222697e+01 -2.500000e+01  1.686529e+01
     vertex  9.883561e+01 -2.500000e+01  1.521580e+01
     vertex  9.772533e+01 -2.500000e+01  2.120746e+01
   endloop
 endfacet
 facet normal -6.321822e-13 -1.000000e+00  1.965203e-12
   outer loop
     vertex  1.054654e+02 -2.500000e+01  2.895084e+01
     vertex  9.658735e+01 -2.500000e+01  2.590144e+01
     vertex  9.772533e+01 -2.500000e+01  2.120746e+01
   endloop
 endfacet
 facet normal -3.361904e-14 -1.000000e+00  2.225394e-13
   outer loop
     vertex  1.054654e+02 -2.500000e+01  2.895084e+01
     vertex  1.006919e+02 -2.500000e+01  3.389708e+01
     vertex  9.658735e+01 -2.500000e+01  2.590144e+01
   endloop
 endfacet
 facet normal -3.060754e-14 -1.000000e+00  2.254457e-13
   outer loop
     vertex  1.054654e+02 -2.500000e+01  2.895084e+01
     vertex  1.126503e+02 -2.500000e+01  3.752195e+01
     vertex  1.006919e+02 -2.500000e+01  3.389708e+01
   endloop
 endfacet
 facet normal -5.048942e-14 -1.000000e+00  8.465750e-14
   outer loop
     vertex  8.080473e+01 -2.500000e+01  4.105203e+01
     vertex  8.586496e+01 -2.500000e+01  3.764917e+01
     vertex  8.889787e+01 -2.500000e+01  4.579482e+01
   endloop
 endfacet
 facet normal -1.322555e-14 -1.000000e+00  4.959200e-14
   outer loop
     vertex  8.080473e+01 -2.500000e+01  4.105203e+01
     vertex  6.624408e+01 -2.500000e+01  3.523464e+01
     vertex  7.421153e+01 -2.500000e+01  3.313277e+01
   endloop
 endfacet
 facet normal  1.793474e-14 -1.000000e+00 -3.210218e-14
   outer loop
     vertex  8.080473e+01 -2.500000e+01  4.105203e+01
     vertex  8.889787e+01 -2.500000e+01  4.579482e+01
     vertex  8.682320e+01 -2.500000e+01  4.961585e+01
   endloop
 endfacet
 facet normal  1.700717e-14 -1.000000e+00 -2.607909e-14
   outer loop
     vertex  8.080473e+01 -2.500000e+01  4.105203e+01
     vertex  6.397501e+01 -2.500000e+01  3.920403e+01
     vertex  6.624408e+01 -2.500000e+01  3.523464e+01
   endloop
 endfacet
 facet normal -5.223170e-14 -1.000000e+00  8.206664e-14
   outer loop
     vertex  8.080473e+01 -2.500000e+01  4.105203e+01
     vertex  7.421153e+01 -2.500000e+01  3.313277e+01
     vertex  8.586496e+01 -2.500000e+01  3.764917e+01
   endloop
 endfacet
 facet normal  1.494010e-14 -1.000000e+00 -7.254289e-15
   outer loop
     vertex  7.380922e+01 -2.500000e+01  5.260108e+01
     vertex  6.397501e+01 -2.500000e+01  3.920403e+01
     vertex  8.080473e+01 -2.500000e+01  4.105203e+01
   endloop
 endfacet
 facet normal -2.441111e-15 -1.000000e+00 -1.778246e-14
   outer loop
     vertex  7.380922e+01 -2.500000e+01  5.260108e+01
     vertex  8.080473e+01 -2.500000e+01  4.105203e+01
     vertex  8.682320e+01 -2.500000e+01  4.961585e+01
   endloop
 endfacet
 facet normal  8.918576e-16 -1.000000e+00 -1.656063e-15
   outer loop
     vertex  7.380922e+01 -2.500000e+01  5.260108e+01
     vertex  6.500838e+01 -2.500000e+01  5.858786e+01
     vertex  6.434379e+01 -2.500000e+01  4.964884e+01
   endloop
 endfacet
 facet normal -5.689244e-16 -1.000000e+00  3.027468e-15
   outer loop
     vertex  7.380922e+01 -2.500000e+01  5.260108e+01
     vertex  6.434379e+01 -2.500000e+01  4.964884e+01
     vertex  6.275083e+01 -2.500000e+01  4.113504e+01
   endloop
 endfacet
 facet normal -1.378891e-15 -1.000000e+00 -1.315177e-14
   outer loop
     vertex  7.380922e+01 -2.500000e+01  5.260108e+01
     vertex  8.682320e+01 -2.500000e+01  4.961585e+01
     vertex  8.363998e+01 -2.500000e+01  5.481197e+01
   endloop
 endfacet
 facet normal  9.461528e-16 -1.000000e+00 -1.576246e-15
   outer loop
     vertex  7.380922e+01 -2.500000e+01  5.260108e+01
     vertex  7.297573e+01 -2.500000e+01  5.886250e+01
     vertex  6.500838e+01 -2.500000e+01  5.858786e+01
   endloop
 endfacet
 facet normal  1.211713e-15 -1.000000e+00 -1.540896e-15
   outer loop
     vertex  7.380922e+01 -2.500000e+01  5.260108e+01
     vertex  8.117831e+01 -2.500000e+01  5.839591e+01
     vertex  7.297573e+01 -2.500000e+01  5.886250e+01
   endloop
 endfacet
 facet normal -6.073662e-15 -1.000000e+00  7.723677e-15
   outer loop
     vertex  7.380922e+01 -2.500000e+01  5.260108e+01
     vertex  8.363998e+01 -2.500000e+01  5.481197e+01
     vertex  8.117831e+01 -2.500000e+01  5.839591e+01
   endloop
 endfacet
 facet normal -5.355452e-15 -1.000000e+00  7.643816e-15
   outer loop
     vertex  7.380922e+01 -2.500000e+01  5.260108e+01
     vertex  6.275083e+01 -2.500000e+01  4.113504e+01
     vertex  6.397501e+01 -2.500000e+01  3.920403e+01
   endloop
 endfacet
 facet normal -1.077344e-15 -1.000000e+00  4.191504e-15
   outer loop
     vertex  9.046209e+01 -2.500000e+01  5.571786e+01
     vertex  8.452893e+01 -2.500000e+01  6.436404e+01
     vertex  8.363998e+01 -2.500000e+01  5.481197e+01
   endloop
 endfacet
 facet normal  1.029696e-15 -1.000000e+00 -1.167623e-14
   outer loop
     vertex  9.046209e+01 -2.500000e+01  5.571786e+01
     vertex  8.363998e+01 -2.500000e+01  5.481197e+01
     vertex  8.682320e+01 -2.500000e+01  4.961585e+01
   endloop
 endfacet
 facet normal  6.877626e-15 -1.000000e+00 -1.516360e-14
   outer loop
     vertex  9.046209e+01 -2.500000e+01  5.571786e+01
     vertex  8.682320e+01 -2.500000e+01  4.961585e+01
     vertex  9.551404e+01 -2.500000e+01  4.652891e+01
   endloop
 endfacet
 facet normal  3.208804e-14 -1.000000e+00  7.527040e-14
   outer loop
     vertex  1.015283e+02 -2.500000e+01  5.530065e+01
     vertex  1.041634e+02 -2.500000e+01  4.247188e+01
     vertex  1.072332e+02 -2.500000e+01  5.098065e+01
   endloop
 endfacet
 facet normal  1.587834e-14 -1.000000e+00 -2.631520e-14
   outer loop
     vertex  1.015283e+02 -2.500000e+01  5.530065e+01
     vertex  1.096684e+02 -2.500000e+01  5.994228e+01
     vertex  1.069591e+02 -2.500000e+01  6.465281e+01
   endloop
 endfacet
 facet normal  1.599028e-14 -1.000000e+00 -1.015360e-14
   outer loop
     vertex  1.015283e+02 -2.500000e+01  5.530065e+01
     vertex  9.046209e+01 -2.500000e+01  5.571786e+01
     vertex  9.551404e+01 -2.500000e+01  4.652891e+01
   endloop
 endfacet
 facet normal -1.020226e-14 -1.000000e+00  1.942261e-14
   outer loop
     vertex  1.015283e+02 -2.500000e+01  5.530065e+01
     vertex  1.072332e+02 -2.500000e+01  5.098065e+01
     vertex  1.096684e+02 -2.500000e+01  5.994228e+01
   endloop
 endfacet
 facet normal -7.616841e-14 -1.000000e+00  5.303446e-14
   outer loop
     vertex  1.015283e+02 -2.500000e+01  5.530065e+01
     vertex  9.551404e+01 -2.500000e+01  4.652891e+01
     vertex  1.041634e+02 -2.500000e+01  4.247188e+01
   endloop
 endfacet
 facet normal -4.392175e-15 -1.000000e+00  5.710784e-15
   outer loop
     vertex  9.558240e+01 -2.500000e+01  6.503975e+01
     vertex  1.049396e+02 -2.500000e+01  6.788165e+01
     vertex  1.018897e+02 -2.500000e+01  7.237911e+01
   endloop
 endfacet
 facet normal -2.448589e-15 -1.000000e+00  3.250530e-15
   outer loop
     vertex  9.558240e+01 -2.500000e+01  6.503975e+01
     vertex  8.452893e+01 -2.500000e+01  6.436404e+01
     vertex  9.046209e+01 -2.500000e+01  5.571786e+01
   endloop
 endfacet
 facet normal  1.611129e-14 -1.000000e+00 -6.943991e-15
   outer loop
     vertex  9.558240e+01 -2.500000e+01  6.503975e+01
     vertex  9.046209e+01 -2.500000e+01  5.571786e+01
     vertex  1.015283e+02 -2.500000e+01  5.530065e+01
   endloop
 endfacet
 facet normal  1.317447e-17 -1.000000e+00 -8.794231e-15
   outer loop
     vertex  9.558240e+01 -2.500000e+01  6.503975e+01
     vertex  1.069591e+02 -2.500000e+01  6.465281e+01
     vertex  1.049396e+02 -2.500000e+01  6.788165e+01
   endloop
 endfacet
 facet normal -2.639227e-16 -1.000000e+00 -1.694140e-14
   outer loop
     vertex  9.558240e+01 -2.500000e+01  6.503975e+01
     vertex  1.015283e+02 -2.500000e+01  5.530065e+01
     vertex  1.069591e+02 -2.500000e+01  6.465281e+01
   endloop
 endfacet
 facet normal -2.733928e-15 -1.000000e+00  7.918193e-15
   outer loop
     vertex  9.458037e+01 -2.500000e+01  6.648849e+01
     vertex  8.452893e+01 -2.500000e+01  6.436404e+01
     vertex  9.558240e+01 -2.500000e+01  6.503975e+01
   endloop
 endfacet
 facet normal -5.075897e-15 -1.000000e+00  6.298359e-15
   outer loop
     vertex  9.458037e+01 -2.500000e+01  6.648849e+01
     vertex  9.558240e+01 -2.500000e+01  6.503975e+01
     vertex  1.018897e+02 -2.500000e+01  7.237911e+01
   endloop
 endfacet
 facet normal -6.807913e-16 -1.000000e+00 -1.795857e-15
   outer loop
     vertex  9.458037e+01 -2.500000e+01  6.648849e+01
     vertex  8.448329e+01 -2.500000e+01  7.427276e+01
     vertex  8.452893e+01 -2.500000e+01  6.436404e+01
   endloop
 endfacet
 facet normal  1.739936e-15 -1.000000e+00  1.344103e-15
   outer loop
     vertex  9.458037e+01 -2.500000e+01  6.648849e+01
     vertex  9.310296e+01 -2.500000e+01  7.368736e+01
     vertex  8.448329e+01 -2.500000e+01  7.427276e+01
   endloop
 endfacet
 facet normal -6.825557e-16 -1.000000e+00  8.469400e-16
   outer loop
     vertex  9.458037e+01 -2.500000e+01  6.648849e+01
     vertex  1.018897e+02 -2.500000e+01  7.237911e+01
     vertex  9.310296e+01 -2.500000e+01  7.368736e+01
   endloop
 endfacet
 facet normal -5.642931e-15 -1.000000e+00  5.281643e-15
   outer loop
     vertex  4.994549e+01 -2.500000e+01  7.563147e+01
     vertex  5.526992e+01 -2.500000e+01  8.333807e+01
     vertex  5.009134e+01 -2.500000e+01  8.654974e+01
   endloop
 endfacet
 facet normal -4.894853e-14 -1.000000e+00  3.768280e-14
   outer loop
     vertex  4.994549e+01 -2.500000e+01  7.563147e+01
     vertex  3.687393e+01 -2.500000e+01  6.534585e+01
     vertex  4.078539e+01 -2.500000e+01  6.297860e+01
   endloop
 endfacet
 facet normal  1.619757e-14 -1.000000e+00 -9.480042e-15
   outer loop
     vertex  4.994549e+01 -2.500000e+01  7.563147e+01
     vertex  4.078539e+01 -2.500000e+01  6.297860e+01
     vertex  4.877360e+01 -2.500000e+01  6.500975e+01
   endloop
 endfacet
 facet normal  1.171092e-14 -1.000000e+00 -6.707993e-15
   outer loop
     vertex  4.994549e+01 -2.500000e+01  7.563147e+01
     vertex  5.668232e+01 -2.500000e+01  7.468176e+01
     vertex  5.526992e+01 -2.500000e+01  8.333807e+01
   endloop
 endfacet
 facet normal  1.139484e-14 -1.000000e+00 -8.950155e-15
   outer loop
     vertex  4.994549e+01 -2.500000e+01  7.563147e+01
     vertex  4.877360e+01 -2.500000e+01  6.500975e+01
     vertex  5.668232e+01 -2.500000e+01  7.468176e+01
   endloop
 endfacet
 facet normal  0.000000e+00 -1.000000e+00  0.000000e+00
   outer loop
     vertex  7.366861e+01 -2.500000e+01  8.083340e+01
     vertex  6.402779e+01 -2.500000e+01  7.681433e+01
     vertex  6.730626e+01 -2.500000e+01  7.395853e+01
   endloop
 endfacet
 facet normal -8.925939e-16 -1.000000e+00  8.260515e-16
   outer loop
     vertex  7.366861e+01 -2.500000e+01  8.083340e+01
     vertex  6.730626e+01 -2.500000e+01  7.395853e+01
     vertex  7.575776e+01 -2.500000e+01  7.448916e+01
   endloop
 endfacet
 facet normal -1.203542e-15 -1.000000e+00  7.236570e-16
   outer loop
     vertex  7.366861e+01 -2.500000e+01  8.083340e+01
     vertex  7.575776e+01 -2.500000e+01  7.448916e+01
     vertex  8.448329e+01 -2.500000e+01  7.427276e+01
   endloop
 endfacet
 facet normal -1.025374e-15 -1.000000e+00  1.017352e-15
   outer loop
     vertex  7.366861e+01 -2.500000e+01  8.083340e+01
     vertex  8.448329e+01 -2.500000e+01  7.427276e+01
     vertex  8.382787e+01 -2.500000e+01  8.408853e+01
   endloop
 endfacet
 facet normal  4.277727e-11 -1.000000e+00 -3.099491e-11
   outer loop
     vertex  7.174954e+00 -2.500000e+01  5.272797e+01
     vertex  1.256944e+01 -2.500000e+01  6.128094e+01
     vertex  4.065889e+00 -2.500000e+01  5.613221e+01
   endloop
 endfacet
 facet normal  3.649107e-11 -1.000000e+00  1.879287e-11
   outer loop
     vertex  7.174954e+00 -2.500000e+01  5.272797e+01
     vertex  5.697783e+00 -2.500000e+01  4.975664e+01
     vertex  9.369990e+00 -2.500000e+01  4.922175e+01
   endloop
 endfacet
 facet normal  2.976260e-14 -1.000000e+00 -4.033398e-12
   outer loop
     vertex  7.174954e+00 -2.500000e+01  5.272797e+01
     vertex  9.369990e+00 -2.500000e+01  4.922175e+01
     vertex  1.256944e+01 -2.500000e+01  6.128094e+01
   endloop
 endfacet
 facet normal  7.586117e-11 -1.000000e+00 -7.796513e-13
   outer loop
     vertex  7.174954e+00 -2.500000e+01  5.272797e+01
     vertex  4.065889e+00 -2.500000e+01  5.613221e+01
     vertex  5.697783e+00 -2.500000e+01  4.975664e+01
   endloop
 endfacet
 facet normal -6.465380e-16 -1.000000e+00  1.007071e-15
   outer loop
     vertex  7.980535e+01 -2.500000e+01  9.208938e+01
     vertex  8.382787e+01 -2.500000e+01  8.408853e+01
     vertex  8.704709e+01 -2.500000e+01  8.968303e+01
   endloop
 endfacet
 facet normal -1.117123e-15 -1.000000e+00 -4.091148e-16
   outer loop
     vertex  7.980535e+01 -2.500000e+01  9.208938e+01
     vertex  8.704709e+01 -2.500000e+01  8.968303e+01
     vertex  8.224786e+01 -2.500000e+01  9.410381e+01
   endloop
 endfacet
 facet normal -1.968984e-15 -1.000000e+00  6.237756e-16
   outer loop
     vertex  7.980535e+01 -2.500000e+01  9.208938e+01
     vertex  8.224786e+01 -2.500000e+01  9.410381e+01
     vertex  7.506991e+01 -2.500000e+01  9.992368e+01
   endloop
 endfacet
 facet normal -1.194033e-11 -1.000000e+00 -5.768060e-11
   outer loop
     vertex  1.535737e+00 -2.500000e+01  5.310232e+01
     vertex -2.180969e+00 -2.500000e+01  5.004759e+01
     vertex  5.697783e+00 -2.500000e+01  4.975664e+01
   endloop
 endfacet
 facet normal  5.501486e-12 -1.000000e+00  1.969699e-13
   outer loop
     vertex  1.535737e+00 -2.500000e+01  5.310232e+01
     vertex  4.065889e+00 -2.500000e+01  5.613221e+01
     vertex  1.637910e+00 -2.500000e+01  6.247754e+01
   endloop
 endfacet
 facet normal -6.009698e-11 -1.000000e+00  9.118745e-13
   outer loop
     vertex  1.535737e+00 -2.500000e+01  5.310232e+01
     vertex  1.637910e+00 -2.500000e+01  6.247754e+01
     vertex -2.180969e+00 -2.500000e+01  5.004759e+01
   endloop
 endfacet
 facet normal  2.290341e-11 -1.000000e+00 -1.433475e-11
   outer loop
     vertex  1.535737e+00 -2.500000e+01  5.310232e+01
     vertex  5.697783e+00 -2.500000e+01  4.975664e+01
     vertex  4.065889e+00 -2.500000e+01  5.613221e+01
   endloop
 endfacet
 facet normal  1.753638e-13 -1.000000e+00 -3.905618e-14
   outer loop
     vertex  3.382961e+01 -2.500000e+01  8.408453e+01
     vertex  4.194504e+01 -2.500000e+01  9.077782e+01
     vertex  3.633798e+01 -2.500000e+01  9.316407e+01
   endloop
 endfacet
 facet normal -8.254798e-13 -1.000000e+00  2.374430e-13
   outer loop
     vertex  3.382961e+01 -2.500000e+01  8.408453e+01
     vertex  3.633798e+01 -2.500000e+01  9.316407e+01
     vertex  2.912318e+01 -2.500000e+01  8.911866e+01
   endloop
 endfacet
 facet normal -8.109553e-13 -1.000000e+00  2.510220e-13
   outer loop
     vertex  3.382961e+01 -2.500000e+01  8.408453e+01
     vertex  2.912318e+01 -2.500000e+01  8.911866e+01
     vertex  2.658530e+01 -2.500000e+01  7.680121e+01
   endloop
 endfacet
 facet normal  1.916316e-11 -1.000000e+00 -3.034114e-11
   outer loop
     vertex  8.668964e+00 -2.500000e+01  1.215506e+02
     vertex  1.686484e+01 -2.500000e+01  1.238346e+02
     vertex  5.147235e+00 -2.500000e+01  1.248868e+02
   endloop
 endfacet
 facet normal  2.469476e-11 -1.000000e+00 -2.450191e-11
   outer loop
     vertex  8.668964e+00 -2.500000e+01  1.215506e+02
     vertex  5.147235e+00 -2.500000e+01  1.248868e+02
     vertex  1.736053e+00 -2.500000e+01  1.187314e+02
   endloop
 endfacet
 facet normal  1.042351e-12 -1.000000e+00 -3.633791e-12
   outer loop
     vertex  1.148185e+02 -2.500000e+01  2.337400e+01
     vertex  1.230304e+02 -2.500000e+01  2.199480e+01
     vertex  1.223031e+02 -2.500000e+01  2.573311e+01
   endloop
 endfacet
 facet normal  6.513797e-13 -1.000000e+00 -5.961656e-12
   outer loop
     vertex  1.148185e+02 -2.500000e+01  2.337400e+01
     vertex  1.238702e+02 -2.500000e+01  1.662549e+01
     vertex  1.230304e+02 -2.500000e+01  2.199480e+01
   endloop
 endfacet
 facet normal  3.788360e-14 -1.000000e+00  1.065896e-12
   outer loop
     vertex  1.142832e+02 -2.500000e+01  2.586483e+01
     vertex  1.223031e+02 -2.500000e+01  2.573311e+01
     vertex  1.209179e+02 -2.500000e+01  3.160856e+01
   endloop
 endfacet
 facet normal  1.426676e-14 -1.000000e+00 -3.720563e-13
   outer loop
     vertex  1.142832e+02 -2.500000e+01  2.586483e+01
     vertex  1.148185e+02 -2.500000e+01  2.337400e+01
     vertex  1.223031e+02 -2.500000e+01  2.573311e+01
   endloop
 endfacet
 facet normal -8.315729e-13 -1.000000e+00  8.968698e-13
   outer loop
     vertex  1.142832e+02 -2.500000e+01  2.586483e+01
     vertex  1.126503e+02 -2.500000e+01  3.752195e+01
     vertex  1.054654e+02 -2.500000e+01  2.895084e+01
   endloop
 endfacet
 facet normal  7.435454e-14 -1.000000e+00  1.023767e-12
   outer loop
     vertex  1.142832e+02 -2.500000e+01  2.586483e+01
     vertex  1.209179e+02 -2.500000e+01  3.160856e+01
     vertex  1.126503e+02 -2.500000e+01  3.752195e+01
   endloop
 endfacet
 facet normal -3.495200e-14 -1.000000e+00 -1.944296e-14
   outer loop
     vertex  3.585448e+01 -2.500000e+01  7.467021e+01
     vertex  3.383636e+01 -2.500000e+01  6.696918e+01
     vertex  3.687393e+01 -2.500000e+01  6.534585e+01
   endloop
 endfacet
 facet normal -3.450953e-13 -1.000000e+00 -2.123431e-13
   outer loop
     vertex  3.585448e+01 -2.500000e+01  7.467021e+01
     vertex  3.382961e+01 -2.500000e+01  8.408453e+01
     vertex  2.658530e+01 -2.500000e+01  7.680121e+01
   endloop
 endfacet
 facet normal -1.982554e-13 -1.000000e+00  4.263642e-13
   outer loop
     vertex  3.585448e+01 -2.500000e+01  7.467021e+01
     vertex  2.658530e+01 -2.500000e+01  7.680121e+01
     vertex  2.969364e+01 -2.500000e+01  6.890574e+01
   endloop
 endfacet
 facet normal  3.013243e-13 -1.000000e+00 -1.075671e-13
   outer loop
     vertex  3.585448e+01 -2.500000e+01  7.467021e+01
     vertex  2.969364e+01 -2.500000e+01  6.890574e+01
     vertex  3.383636e+01 -2.500000e+01  6.696918e+01
   endloop
 endfacet
 facet normal -6.494795e-14 -1.000000e+00  3.112998e-14
   outer loop
     vertex  4.210051e+01 -2.500000e+01  8.026349e+01
     vertex  5.009134e+01 -2.500000e+01  8.654974e+01
     vertex  4.628203e+01 -2.500000e+01  8.864521e+01
   endloop
 endfacet
 facet normal -3.595608e-14 -1.000000e+00  2.117124e-14
   outer loop
     vertex  4.210051e+01 -2.500000e+01  8.026349e+01
     vertex  3.687393e+01 -2.500000e+01  6.534585e+01
     vertex  4.994549e+01 -2.500000e+01  7.563147e+01
   endloop
 endfacet
 facet normal  1.404333e-13 -1.000000e+00 -1.079137e-13
   outer loop
     vertex  4.210051e+01 -2.500000e+01  8.026349e+01
     vertex  3.382961e+01 -2.500000e+01  8.408453e+01
     vertex  3.585448e+01 -2.500000e+01  7.467021e+01
   endloop
 endfacet
 facet normal  5.263315e-14 -1.000000e+00 -9.867084e-15
   outer loop
     vertex  4.210051e+01 -2.500000e+01  8.026349e+01
     vertex  3.585448e+01 -2.500000e+01  7.467021e+01
     vertex  3.687393e+01 -2.500000e+01  6.534585e+01
   endloop
 endfacet
 facet normal  1.733644e-13 -1.000000e+00 -3.663201e-14
   outer loop
     vertex  4.210051e+01 -2.500000e+01  8.026349e+01
     vertex  4.194504e+01 -2.500000e+01  9.077782e+01
     vertex  3.382961e+01 -2.500000e+01  8.408453e+01
   endloop
 endfacet
 facet normal -4.502736e-14 -1.000000e+00  5.807741e-15
   outer loop
     vertex  4.210051e+01 -2.500000e+01  8.026349e+01
     vertex  4.994549e+01 -2.500000e+01  7.563147e+01
     vertex  5.009134e+01 -2.500000e+01  8.654974e+01
   endloop
 endfacet
 facet normal  7.382904e-14 -1.000000e+00 -3.810381e-14
   outer loop
     vertex  4.210051e+01 -2.500000e+01  8.026349e+01
     vertex  4.628203e+01 -2.500000e+01  8.864521e+01
     vertex  4.194504e+01 -2.500000e+01  9.077782e+01
   endloop
 endfacet
 facet normal -7.254030e-16 -1.000000e+00  8.114264e-17
   outer loop
     vertex  7.472263e+01 -2.500000e+01  9.025612e+01
     vertex  7.366861e+01 -2.500000e+01  8.083340e+01
     vertex  8.382787e+01 -2.500000e+01  8.408853e+01
   endloop
 endfacet
 facet normal  1.849601e-16 -1.000000e+00  1.425116e-15
   outer loop
     vertex  7.472263e+01 -2.500000e+01  9.025612e+01
     vertex  8.382787e+01 -2.500000e+01  8.408853e+01
     vertex  7.980535e+01 -2.500000e+01  9.208938e+01
   endloop
 endfacet
 facet normal -9.845462e-16 -1.000000e+00  1.218819e-15
   outer loop
     vertex  7.252069e+01 -2.500000e+01  9.203469e+01
     vertex  7.980535e+01 -2.500000e+01  9.208938e+01
     vertex  7.506991e+01 -2.500000e+01  9.992368e+01
   endloop
 endfacet
 facet normal -1.010990e-15 -1.000000e+00  4.740893e-15
   outer loop
     vertex  7.252069e+01 -2.500000e+01  9.203469e+01
     vertex  7.472263e+01 -2.500000e+01  9.025612e+01
     vertex  7.980535e+01 -2.500000e+01  9.208938e+01
   endloop
 endfacet
 facet normal  6.397478e-15 -1.000000e+00 -1.166583e-15
   outer loop
     vertex  7.252069e+01 -2.500000e+01  9.203469e+01
     vertex  7.506991e+01 -2.500000e+01  9.992368e+01
     vertex  7.015647e+01 -2.500000e+01  1.034326e+02
   endloop
 endfacet
 facet normal -4.439258e-15 -1.000000e+00  4.965697e-16
   outer loop
     vertex  7.252069e+01 -2.500000e+01  9.203469e+01
     vertex  7.366861e+01 -2.500000e+01  8.083340e+01
     vertex  7.472263e+01 -2.500000e+01  9.025612e+01
   endloop
 endfacet
 facet normal  1.570949e-11 -1.000000e+00 -2.500716e-12
   outer loop
     vertex  1.359332e+01 -2.500000e+01  1.100906e+02
     vertex  1.736053e+00 -2.500000e+01  1.187314e+02
     vertex  9.270303e+00 -2.500000e+01  9.956950e+01
   endloop
 endfacet
 facet normal  1.159859e-11 -1.000000e+00 -8.115782e-13
   outer loop
     vertex  1.359332e+01 -2.500000e+01  1.100906e+02
     vertex  9.270303e+00 -2.500000e+01  9.956950e+01
     vertex  1.278424e+01 -2.500000e+01  9.917991e+01
   endloop
 endfacet
 facet normal  1.573425e-11 -1.000000e+00 -2.466739e-12
   outer loop
     vertex  1.359332e+01 -2.500000e+01  1.100906e+02
     vertex  8.668964e+00 -2.500000e+01  1.215506e+02
     vertex  1.736053e+00 -2.500000e+01  1.187314e+02
   endloop
 endfacet
 facet normal -7.445579e-12 -1.000000e+00  2.512390e-11
   outer loop
     vertex  1.077413e+02 -2.500000e+01  1.351930e+01
     vertex  9.940366e+01 -2.500000e+01  1.090473e+01
     vertex  9.988324e+01 -2.500000e+01  4.830003e+00
   endloop
 endfacet
 facet normal  1.493043e-12 -1.000000e+00 -3.380643e-12
   outer loop
     vertex  1.077413e+02 -2.500000e+01  1.351930e+01
     vertex  9.883561e+01 -2.500000e+01  1.521580e+01
     vertex  9.940366e+01 -2.500000e+01  1.090473e+01
   endloop
 endfacet
 facet normal  9.658687e-13 -1.000000e+00 -5.417759e-12
   outer loop
     vertex  1.072794e+02 -2.500000e+01  1.679572e+01
     vertex  1.077413e+02 -2.500000e+01  1.351930e+01
     vertex  1.148185e+02 -2.500000e+01  2.337400e+01
   endloop
 endfacet
 facet normal  1.108821e-12 -1.000000e+00 -5.397605e-12
   outer loop
     vertex  1.072794e+02 -2.500000e+01  1.679572e+01
     vertex  9.883561e+01 -2.500000e+01  1.521580e+01
     vertex  1.077413e+02 -2.500000e+01  1.351930e+01
   endloop
 endfacet
 facet normal -2.891794e-12 -1.000000e+00 -9.966413e-13
   outer loop
     vertex  1.072794e+02 -2.500000e+01  1.679572e+01
     vertex  1.148185e+02 -2.500000e+01  2.337400e+01
     vertex  1.142832e+02 -2.500000e+01  2.586483e+01
   endloop
 endfacet
 facet normal -1.791613e-12 -1.000000e+00 -1.846275e-12
   outer loop
     vertex  1.072794e+02 -2.500000e+01  1.679572e+01
     vertex  1.142832e+02 -2.500000e+01  2.586483e+01
     vertex  1.054654e+02 -2.500000e+01  2.895084e+01
   endloop
 endfacet
 facet normal  9.612126e-13 -1.000000e+00 -4.608720e-12
   outer loop
     vertex  1.072794e+02 -2.500000e+01  1.679572e+01
     vertex  9.772533e+01 -2.500000e+01  2.120746e+01
     vertex  9.883561e+01 -2.500000e+01  1.521580e+01
   endloop
 endfacet
 facet normal  2.534966e-12 -1.000000e+00 -1.200595e-12
   outer loop
     vertex  1.072794e+02 -2.500000e+01  1.679572e+01
     vertex  1.054654e+02 -2.500000e+01  2.895084e+01
     vertex  9.772533e+01 -2.500000e+01  2.120746e+01
   endloop
 endfacet
 facet normal -2.276312e-15 -1.000000e+00  8.757172e-16
   outer loop
     vertex  6.364162e+01 -2.500000e+01  8.798130e+01
     vertex  5.923029e+01 -2.500000e+01  8.057153e+01
     vertex  6.402779e+01 -2.500000e+01  7.681433e+01
   endloop
 endfacet
 facet normal  1.243496e-14 -1.000000e+00 -7.882499e-15
   outer loop
     vertex  6.364162e+01 -2.500000e+01  8.798130e+01
     vertex  5.526992e+01 -2.500000e+01  8.333807e+01
     vertex  5.923029e+01 -2.500000e+01  8.057153e+01
   endloop
 endfacet
 facet normal -3.922304e-16 -1.000000e+00  9.408713e-16
   outer loop
     vertex  6.364162e+01 -2.500000e+01  8.798130e+01
     vertex  6.402779e+01 -2.500000e+01  7.681433e+01
     vertex  7.366861e+01 -2.500000e+01  8.083340e+01
   endloop
 endfacet
 facet normal -4.149617e-16 -1.000000e+00  9.089841e-16
   outer loop
     vertex  6.364162e+01 -2.500000e+01  8.798130e+01
     vertex  7.366861e+01 -2.500000e+01  8.083340e+01
     vertex  7.252069e+01 -2.500000e+01  9.203469e+01
   endloop
 endfacet
 facet normal  4.100611e-12 -1.000000e+00  9.322801e-13
   outer loop
     vertex  2.051665e+01 -2.500000e+01  1.034492e+02
     vertex  2.231333e+01 -2.500000e+01  9.747859e+01
     vertex  2.655838e+01 -2.500000e+01  9.640881e+01
   endloop
 endfacet
 facet normal -2.966272e-12 -1.000000e+00 -1.194301e-12
   outer loop
     vertex  2.051665e+01 -2.500000e+01  1.034492e+02
     vertex  1.747671e+01 -2.500000e+01  9.846097e+01
     vertex  2.231333e+01 -2.500000e+01  9.747859e+01
   endloop
 endfacet
 facet normal -1.294577e-11 -1.000000e+00  4.887487e-12
   outer loop
     vertex  2.051665e+01 -2.500000e+01  1.034492e+02
     vertex  1.278424e+01 -2.500000e+01  9.917991e+01
     vertex  1.747671e+01 -2.500000e+01  9.846097e+01
   endloop
 endfacet
 facet normal -1.071267e-11 -1.000000e+00  8.429172e-13
   outer loop
     vertex  2.051665e+01 -2.500000e+01  1.034492e+02
     vertex  1.359332e+01 -2.500000e+01  1.100906e+02
     vertex  1.278424e+01 -2.500000e+01  9.917991e+01
   endloop
 endfacet
 facet normal -1.078306e-11 -1.000000e+00  7.695458e-13
   outer loop
     vertex  2.067496e+01 -2.500000e+01  1.161287e+02
     vertex  1.359332e+01 -2.500000e+01  1.100906e+02
     vertex  2.051665e+01 -2.500000e+01  1.034492e+02
   endloop
 endfacet
 facet normal  5.877722e-13 -1.000000e+00 -1.030894e-12
   outer loop
     vertex  2.067496e+01 -2.500000e+01  1.161287e+02
     vertex  2.845245e+01 -2.500000e+01  1.217004e+02
     vertex  2.275858e+01 -2.500000e+01  1.228927e+02
   endloop
 endfacet
 facet normal -9.746761e-12 -1.000000e+00  2.152601e-12
   outer loop
     vertex  2.067496e+01 -2.500000e+01  1.161287e+02
     vertex  2.275858e+01 -2.500000e+01  1.228927e+02
     vertex  1.686484e+01 -2.500000e+01  1.238346e+02
   endloop
 endfacet
 facet normal  7.703377e-12 -1.000000e+00  1.078063e-11
   outer loop
     vertex  2.067496e+01 -2.500000e+01  1.161287e+02
     vertex  1.686484e+01 -2.500000e+01  1.238346e+02
     vertex  8.668964e+00 -2.500000e+01  1.215506e+02
   endloop
 endfacet
 facet normal -1.653220e-12 -1.000000e+00 -9.938090e-12
   outer loop
     vertex  2.067496e+01 -2.500000e+01  1.161287e+02
     vertex  8.668964e+00 -2.500000e+01  1.215506e+02
     vertex  1.359332e+01 -2.500000e+01  1.100906e+02
   endloop
 endfacet
 facet normal -8.749023e-12 -1.000000e+00  1.559023e-12
   outer loop
     vertex  1.164186e+02 -2.500000e+01  9.221041e+00
     vertex  1.148185e+02 -2.500000e+01  2.337400e+01
     vertex  1.077413e+02 -2.500000e+01  1.351930e+01
   endloop
 endfacet
 facet normal  7.735023e-14 -1.000000e+00  1.728604e-11
   outer loop
     vertex  1.164186e+02 -2.500000e+01  9.221041e+00
     vertex  9.988324e+01 -2.500000e+01  4.830003e+00
     vertex  1.249133e+02 -2.500000e+01  4.109235e+00
   endloop
 endfacet
 facet normal -1.728286e-12 -1.000000e+00  1.428545e-11
   outer loop
     vertex  1.164186e+02 -2.500000e+01  9.221041e+00
     vertex  1.249133e+02 -2.500000e+01  4.109235e+00
     vertex  1.245691e+02 -2.500000e+01  1.013773e+01
   endloop
 endfacet
 facet normal  7.639803e-12 -1.000000e+00  3.411837e-12
   outer loop
     vertex  1.164186e+02 -2.500000e+01  9.221041e+00
     vertex  1.238702e+02 -2.500000e+01  1.662549e+01
     vertex  1.148185e+02 -2.500000e+01  2.337400e+01
   endloop
 endfacet
 facet normal -2.842128e-13 -1.000000e+00  1.864758e-11
   outer loop
     vertex  1.164186e+02 -2.500000e+01  9.221041e+00
     vertex  1.077413e+02 -2.500000e+01  1.351930e+01
     vertex  9.988324e+01 -2.500000e+01  4.830003e+00
   endloop
 endfacet
 facet normal -1.544927e-12 -1.000000e+00  1.265514e-11
   outer loop
     vertex  1.164186e+02 -2.500000e+01  9.221041e+00
     vertex  1.245691e+02 -2.500000e+01  1.013773e+01
     vertex  1.238702e+02 -2.500000e+01  1.662549e+01
   endloop
 endfacet
 facet normal -4.100193e-14 -1.000000e+00  9.961857e-15
   outer loop
     vertex  6.221900e+01 -2.500000e+01  9.882868e+01
     vertex  6.440411e+01 -2.500000e+01  1.071091e+02
     vertex  5.968751e+01 -2.500000e+01  1.098072e+02
   endloop
 endfacet
 facet normal  9.281433e-15 -1.000000e+00 -5.683779e-16
   outer loop
     vertex  6.221900e+01 -2.500000e+01  9.882868e+01
     vertex  7.252069e+01 -2.500000e+01  9.203469e+01
     vertex  7.015647e+01 -2.500000e+01  1.034326e+02
   endloop
 endfacet
 facet normal  1.115725e-14 -1.000000e+00 -3.802377e-15
   outer loop
     vertex  6.221900e+01 -2.500000e+01  9.882868e+01
     vertex  7.015647e+01 -2.500000e+01  1.034326e+02
     vertex  6.440411e+01 -2.500000e+01  1.071091e+02
   endloop
 endfacet
 facet normal  3.949953e-15 -1.000000e+00 -8.652473e-15
   outer loop
     vertex  6.221900e+01 -2.500000e+01  9.882868e+01
     vertex  6.364162e+01 -2.500000e+01  8.798130e+01
     vertex  7.252069e+01 -2.500000e+01  9.203469e+01
   endloop
 endfacet
 facet normal  1.391634e-12 -1.000000e+00 -6.760955e-13
   outer loop
     vertex  2.828679e+01 -2.500000e+01  1.116959e+02
     vertex  3.703076e+01 -2.500000e+01  1.193683e+02
     vertex  2.845245e+01 -2.500000e+01  1.217004e+02
   endloop
 endfacet
 facet normal  3.208991e-13 -1.000000e+00 -6.583650e-13
   outer loop
     vertex  2.828679e+01 -2.500000e+01  1.116959e+02
     vertex  2.845245e+01 -2.500000e+01  1.217004e+02
     vertex  2.067496e+01 -2.500000e+01  1.161287e+02
   endloop
 endfacet
 facet normal  1.066302e-12 -1.000000e+00  6.216035e-13
   outer loop
     vertex  2.828679e+01 -2.500000e+01  1.116959e+02
     vertex  2.067496e+01 -2.500000e+01  1.161287e+02
     vertex  2.051665e+01 -2.500000e+01  1.034492e+02
   endloop
 endfacet
 facet normal -6.737293e-15 -1.000000e+00  3.517066e-15
   outer loop
     vertex  5.397786e+01 -2.500000e+01  9.399475e+01
     vertex  5.009134e+01 -2.500000e+01  8.654974e+01
     vertex  5.526992e+01 -2.500000e+01  8.333807e+01
   endloop
 endfacet
 facet normal -3.811803e-15 -1.000000e+00 -9.670419e-15
   outer loop
     vertex  5.397786e+01 -2.500000e+01  9.399475e+01
     vertex  6.364162e+01 -2.500000e+01  8.798130e+01
     vertex  6.221900e+01 -2.500000e+01  9.882868e+01
   endloop
 endfacet
 facet normal  5.302732e-15 -1.000000e+00  4.976852e-15
   outer loop
     vertex  5.397786e+01 -2.500000e+01  9.399475e+01
     vertex  5.526992e+01 -2.500000e+01  8.333807e+01
     vertex  6.364162e+01 -2.500000e+01  8.798130e+01
   endloop
 endfacet
 facet normal -4.600884e-14 -1.000000e+00  6.226944e-14
   outer loop
     vertex  5.169071e+01 -2.500000e+01  9.527166e+01
     vertex  5.397786e+01 -2.500000e+01  9.399475e+01
     vertex  6.221900e+01 -2.500000e+01  9.882868e+01
   endloop
 endfacet
 facet normal -6.396806e-14 -1.000000e+00  3.291130e-14
   outer loop
     vertex  5.169071e+01 -2.500000e+01  9.527166e+01
     vertex  4.628203e+01 -2.500000e+01  8.864521e+01
     vertex  5.009134e+01 -2.500000e+01  8.654974e+01
   endloop
 endfacet
 facet normal  5.928157e-14 -1.000000e+00 -6.768822e-14
   outer loop
     vertex  5.169071e+01 -2.500000e+01  9.527166e+01
     vertex  4.194504e+01 -2.500000e+01  9.077782e+01
     vertex  4.628203e+01 -2.500000e+01  8.864521e+01
   endloop
 endfacet
 facet normal -6.254503e-14 -1.000000e+00  3.265035e-14
   outer loop
     vertex  5.169071e+01 -2.500000e+01  9.527166e+01
     vertex  5.009134e+01 -2.500000e+01  8.654974e+01
     vertex  5.397786e+01 -2.500000e+01  9.399475e+01
   endloop
 endfacet
 facet normal  1.538677e-12 -1.000000e+00 -1.266264e-12
   outer loop
     vertex  3.280204e+01 -2.500000e+01  1.024890e+02
     vertex  2.051665e+01 -2.500000e+01  1.034492e+02
     vertex  2.655838e+01 -2.500000e+01  9.640881e+01
   endloop
 endfacet
 facet normal -7.730857e-13 -1.000000e+00  2.429056e-13
   outer loop
     vertex  3.280204e+01 -2.500000e+01  1.024890e+02
     vertex  3.180399e+01 -2.500000e+01  9.480778e+01
     vertex  3.633798e+01 -2.500000e+01  9.316407e+01
   endloop
 endfacet
 facet normal  1.910006e-13 -1.000000e+00  1.176378e-13
   outer loop
     vertex  3.280204e+01 -2.500000e+01  1.024890e+02
     vertex  2.655838e+01 -2.500000e+01  9.640881e+01
     vertex  3.180399e+01 -2.500000e+01  9.480778e+01
   endloop
 endfacet
 facet normal  1.643700e-12 -1.000000e+00  7.757338e-14
   outer loop
     vertex  3.280204e+01 -2.500000e+01  1.024890e+02
     vertex  2.828679e+01 -2.500000e+01  1.116959e+02
     vertex  2.051665e+01 -2.500000e+01  1.034492e+02
   endloop
 endfacet
 facet normal  1.498829e-13 -1.000000e+00 -9.892957e-14
   outer loop
     vertex  4.239900e+01 -2.500000e+01  9.933023e+01
     vertex  3.633798e+01 -2.500000e+01  9.316407e+01
     vertex  4.194504e+01 -2.500000e+01  9.077782e+01
   endloop
 endfacet
 facet normal  7.177554e-14 -1.000000e+00 -9.478361e-14
   outer loop
     vertex  4.239900e+01 -2.500000e+01  9.933023e+01
     vertex  4.194504e+01 -2.500000e+01  9.077782e+01
     vertex  5.169071e+01 -2.500000e+01  9.527166e+01
   endloop
 endfacet
 facet normal -3.580063e-13 -1.000000e+00  4.002998e-13
   outer loop
     vertex  4.239900e+01 -2.500000e+01  9.933023e+01
     vertex  3.280204e+01 -2.500000e+01  1.024890e+02
     vertex  3.633798e+01 -2.500000e+01  9.316407e+01
   endloop
 endfacet
 facet normal  1.232923e-13 -1.000000e+00  2.315896e-14
   outer loop
     vertex  5.077428e+01 -2.500000e+01  1.050595e+02
     vertex  4.239900e+01 -2.500000e+01  9.933023e+01
     vertex  5.169071e+01 -2.500000e+01  9.527166e+01
   endloop
 endfacet
 facet normal  1.506878e-13 -1.000000e+00 -7.501746e-14
   outer loop
     vertex  5.077428e+01 -2.500000e+01  1.050595e+02
     vertex  5.458538e+01 -2.500000e+01  1.124307e+02
     vertex  4.909004e+01 -2.500000e+01  1.149367e+02
   endloop
 endfacet
 facet normal -2.554049e-14 -1.000000e+00  1.352702e-14
   outer loop
     vertex  5.077428e+01 -2.500000e+01  1.050595e+02
     vertex  6.221900e+01 -2.500000e+01  9.882868e+01
     vertex  5.968751e+01 -2.500000e+01  1.098072e+02
   endloop
 endfacet
 facet normal -2.742964e-14 -1.000000e+00  1.707362e-14
   outer loop
     vertex  5.077428e+01 -2.500000e+01  1.050595e+02
     vertex  5.968751e+01 -2.500000e+01  1.098072e+02
     vertex  5.458538e+01 -2.500000e+01  1.124307e+02
   endloop
 endfacet
 facet normal -2.800909e-14 -1.000000e+00  8.992679e-15
   outer loop
     vertex  5.077428e+01 -2.500000e+01  1.050595e+02
     vertex  5.169071e+01 -2.500000e+01  9.527166e+01
     vertex  6.221900e+01 -2.500000e+01  9.882868e+01
   endloop
 endfacet
 facet normal -7.542396e-13 -1.000000e+00  2.210694e-13
   outer loop
     vertex  4.058607e+01 -2.500000e+01  1.089834e+02
     vertex  4.274558e+01 -2.500000e+01  1.174440e+02
     vertex  3.703076e+01 -2.500000e+01  1.193683e+02
   endloop
 endfacet
 facet normal  2.905535e-13 -1.000000e+00  5.787561e-13
   outer loop
     vertex  4.058607e+01 -2.500000e+01  1.089834e+02
     vertex  3.703076e+01 -2.500000e+01  1.193683e+02
     vertex  2.828679e+01 -2.500000e+01  1.116959e+02
   endloop
 endfacet
 facet normal -5.221628e-13 -1.000000e+00 -9.843400e-14
   outer loop
     vertex  4.058607e+01 -2.500000e+01  1.089834e+02
     vertex  3.280204e+01 -2.500000e+01  1.024890e+02
     vertex  4.239900e+01 -2.500000e+01  9.933023e+01
   endloop
 endfacet
 facet normal  2.514471e-15 -1.000000e+00 -7.273043e-13
   outer loop
     vertex  4.058607e+01 -2.500000e+01  1.089834e+02
     vertex  2.828679e+01 -2.500000e+01  1.116959e+02
     vertex  3.280204e+01 -2.500000e+01  1.024890e+02
   endloop
 endfacet
 facet normal  1.235177e-13 -1.000000e+00  2.282948e-14
   outer loop
     vertex  4.058607e+01 -2.500000e+01  1.089834e+02
     vertex  4.239900e+01 -2.500000e+01  9.933023e+01
     vertex  5.077428e+01 -2.500000e+01  1.050595e+02
   endloop
 endfacet
 facet normal  8.127388e-14 -1.000000e+00 -8.685378e-14
   outer loop
     vertex  4.058607e+01 -2.500000e+01  1.089834e+02
     vertex  5.077428e+01 -2.500000e+01  1.050595e+02
     vertex  4.909004e+01 -2.500000e+01  1.149367e+02
   endloop
 endfacet
 facet normal  5.857884e-16 -1.000000e+00  2.840462e-14
   outer loop
     vertex  4.058607e+01 -2.500000e+01  1.089834e+02
     vertex  4.909004e+01 -2.500000e+01  1.149367e+02
     vertex  4.274558e+01 -2.500000e+01  1.174440e+02
   endloop
 endfacet
 facet normal  9.980249e-01  0.000000e+00  6.282037e-02
   outer loop
     vertex  1.490423e+02  2.500000e+01  1.663925e+01
     vertex  1.499524e+02 -2.500000e+01  2.180969e+00
     vertex  1.499524e+02  2.500000e+01  2.180969e+00
   endloop
 endfacet
 facet normal  9.980249e-01  0.000000e+00  6.282037e-02
   outer loop
     vertex  1.490423e+02  2.500000e+01  1.663925e+01
     vertex  1.490423e+02 -2.500000e+01  1.663925e+01
     vertex  1.499524e+02 -2.500000e+01  2.180969e+00
   endloop
 endfacet
 facet normal  9.880627e-01  0.000000e+00  1.540523e-01
   outer loop
     vertex  1.490423e+02  2.500000e+01  1.663925e+01
     vertex  1.470336e+02 -2.500000e+01  2.952277e+01
     vertex  1.490423e+02 -2.500000e+01  1.663925e+01
   endloop
 endfacet
 facet normal  9.880627e-01  0.000000e+00  1.540523e-01
   outer loop
     vertex  1.470336e+02  2.500000e+01  2.952277e+01
     vertex  1.470336e+02 -2.500000e+01  2.952277e+01
     vertex  1.490423e+02  2.500000e+01  1.663925e+01
   endloop
 endfacet
 facet normal  9.697824e-01  0.000000e+00  2.439714e-01
   outer loop
     vertex  1.435003e+02  2.500000e+01  4.356773e+01
     vertex  1.435003e+02 -2.500000e+01  4.356773e+01
     vertex  1.470336e+02 -2.500000e+01  2.952277e+01
   endloop
 endfacet
 facet normal  9.697824e-01  0.000000e+00  2.439714e-01
   outer loop
     vertex  1.435003e+02  2.500000e+01  4.356773e+01
     vertex  1.470336e+02 -2.500000e+01  2.952277e+01
     vertex  1.470336e+02  2.500000e+01  2.952277e+01
   endloop
 endfacet
 facet normal  9.417254e-01  0.000000e+00  3.363825e-01
   outer loop
     vertex  1.386281e+02  2.500000e+01  5.720780e+01
     vertex  1.386281e+02 -2.500000e+01  5.720780e+01
     vertex  1.435003e+02 -2.500000e+01  4.356773e+01
   endloop
 endfacet
 facet normal  9.069271e-01  0.000000e+00  4.212877e-01
   outer loop
     vertex  1.386281e+02  2.500000e+01  5.720780e+01
     vertex  1.331353e+02 -2.500000e+01  6.903232e+01
     vertex  1.386281e+02 -2.500000e+01  5.720780e+01
   endloop
 endfacet
 facet normal  9.417254e-01  0.000000e+00  3.363825e-01
   outer loop
     vertex  1.386281e+02  2.500000e+01  5.720780e+01
     vertex  1.435003e+02 -2.500000e+01  4.356773e+01
     vertex  1.435003e+02  2.500000e+01  4.356773e+01
   endloop
 endfacet
 facet normal  9.069271e-01  0.000000e+00  4.212877e-01
   outer loop
     vertex  1.331353e+02  2.500000e+01  6.903232e+01
     vertex  1.331353e+02 -2.500000e+01  6.903232e+01
     vertex  1.386281e+02  2.500000e+01  5.720780e+01
   endloop
 endfacet
 facet normal  8.669082e-01  0.000000e+00  4.984678e-01
   outer loop
     vertex  1.266363e+02  2.500000e+01  8.033504e+01
     vertex  1.266363e+02 -2.500000e+01  8.033504e+01
     vertex  1.331353e+02 -2.500000e+01  6.903232e+01
   endloop
 endfacet
 facet normal  8.203372e-01  0.000000e+00  5.718801e-01
   outer loop
     vertex  1.266363e+02  2.500000e+01  8.033504e+01
     vertex  1.191802e+02 -2.500000e+01  9.103055e+01
     vertex  1.266363e+02 -2.500000e+01  8.033504e+01
   endloop
 endfacet
 facet normal  8.669082e-01  0.000000e+00  4.984678e-01
   outer loop
     vertex  1.266363e+02  2.500000e+01  8.033504e+01
     vertex  1.331353e+02 -2.500000e+01  6.903232e+01
     vertex  1.331353e+02  2.500000e+01  6.903232e+01
   endloop
 endfacet
 facet normal  8.203372e-01  0.000000e+00  5.718801e-01
   outer loop
     vertex  1.191802e+02  2.500000e+01  9.103055e+01
     vertex  1.191802e+02 -2.500000e+01  9.103055e+01
     vertex  1.266363e+02  2.500000e+01  8.033504e+01
   endloop
 endfacet
 facet normal  7.675660e-01  0.000000e+00  6.409699e-01
   outer loop
     vertex  1.108233e+02  2.500000e+01  1.010380e+02
     vertex  1.108233e+02 -2.500000e+01  1.010380e+02
     vertex  1.191802e+02 -2.500000e+01  9.103055e+01
   endloop
 endfacet
 facet normal  7.675660e-01  0.000000e+00  6.409699e-01
   outer loop
     vertex  1.108233e+02  2.500000e+01  1.010380e+02
     vertex  1.191802e+02 -2.500000e+01  9.103055e+01
     vertex  1.191802e+02  2.500000e+01  9.103055e+01
   endloop
 endfacet
 facet normal  7.089938e-01  0.000000e+00  7.052147e-01
   outer loop
     vertex  1.016288e+02  2.500000e+01  1.102818e+02
     vertex  1.016288e+02 -2.500000e+01  1.102818e+02
     vertex  1.108233e+02 -2.500000e+01  1.010380e+02
   endloop
 endfacet
 facet normal  7.089938e-01  0.000000e+00  7.052147e-01
   outer loop
     vertex  1.016288e+02  2.500000e+01  1.102818e+02
     vertex  1.108233e+02 -2.500000e+01  1.010380e+02
     vertex  1.108233e+02  2.500000e+01  1.010380e+02
   endloop
 endfacet
 facet normal  6.450620e-01  0.000000e+00  7.641302e-01
   outer loop
     vertex  9.166621e+01  2.500000e+01  1.186920e+02
     vertex  9.166621e+01 -2.500000e+01  1.186920e+02
     vertex  1.016288e+02 -2.500000e+01  1.102818e+02
   endloop
 endfacet
 facet normal  6.450620e-01  0.000000e+00  7.641302e-01
   outer loop
     vertex  9.166621e+01  2.500000e+01  1.186920e+02
     vertex  1.016288e+02 -2.500000e+01  1.102818e+02
     vertex  1.016288e+02  2.500000e+01  1.102818e+02
   endloop
 endfacet
 facet normal  5.723037e-01  0.000000e+00  8.200418e-01
   outer loop
     vertex  7.978747e+01  2.500000e+01  1.269821e+02
     vertex  7.978747e+01 -2.500000e+01  1.269821e+02
     vertex  9.166621e+01 -2.500000e+01  1.186920e+02
   endloop
 endfacet
 facet normal  5.723037e-01  0.000000e+00  8.200418e-01
   outer loop
     vertex  7.978747e+01  2.500000e+01  1.269821e+02
     vertex  9.166621e+01 -2.500000e+01  1.186920e+02
     vertex  9.166621e+01  2.500000e+01  1.186920e+02
   endloop
 endfacet
 facet normal  2.018582e-03  0.000000e+00  9.999980e-01
   outer loop
     vertex  3.788096e+00  0.000000e+00  1.499492e+02
     vertex  2.180969e+00  2.500000e+01  1.499524e+02
     vertex  2.180969e+00 -2.500000e+01  1.499524e+02
   endloop
 endfacet
 facet normal  1.444407e-01 -3.094305e-03  9.895086e-01
   outer loop
     vertex  1.554186e+01 -1.250000e+01  1.491533e+02
     vertex  1.465284e+01 -2.500000e+01  1.492440e+02
     vertex  2.883602e+01 -2.500000e+01  1.471736e+02
   endloop
 endfacet
 facet normal  7.431895e-02 -2.697508e-03  9.972309e-01
   outer loop
     vertex  8.633990e+00 -1.250000e+01  1.497263e+02
     vertex  6.795163e+00 -2.500000e+01  1.498296e+02
     vertex  1.465284e+01 -2.500000e+01  1.492440e+02
   endloop
 endfacet
 facet normal  8.267243e-02  1.350034e-03  9.965759e-01
   outer loop
     vertex  8.633990e+00 -1.250000e+01  1.497263e+02
     vertex  1.465284e+01 -2.500000e+01  1.492440e+02
     vertex  1.554186e+01 -1.250000e+01  1.491533e+02
   endloop
 endfacet
 facet normal  8.266577e-02  1.276197e-02  9.964956e-01
   outer loop
     vertex  1.999062e+01  0.000000e+00  1.486241e+02
     vertex  8.633990e+00 -1.250000e+01  1.497263e+02
     vertex  1.554186e+01 -1.250000e+01  1.491533e+02
   endloop
 endfacet
 facet normal  8.149919e-02  1.382906e-02  9.965775e-01
   outer loop
     vertex  1.999062e+01  0.000000e+00  1.486241e+02
     vertex  3.788096e+00  0.000000e+00  1.499492e+02
     vertex  8.633990e+00 -1.250000e+01  1.497263e+02
   endloop
 endfacet
 facet normal  1.444407e-01  3.094305e-03  9.895086e-01
   outer loop
     vertex  1.554186e+01  1.250000e+01  1.491533e+02
     vertex  2.883602e+01  2.500000e+01  1.471736e+02
     vertex  1.465284e+01  2.500000e+01  1.492440e+02
   endloop
 endfacet
 facet normal  7.431895e-02  2.697508e-03  9.972309e-01
   outer loop
     vertex  8.633990e+00  1.250000e+01  1.497263e+02
     vertex  1.465284e+01  2.500000e+01  1.492440e+02
     vertex  6.795163e+00  2.500000e+01  1.498296e+02
   endloop
 endfacet
 facet normal  8.149919e-02 -1.382906e-02  9.965775e-01
   outer loop
     vertex  8.633990e+00  1.250000e+01  1.497263e+02
     vertex  3.788096e+00  0.000000e+00  1.499492e+02
     vertex  1.999062e+01  0.000000e+00  1.486241e+02
   endloop
 endfacet
 facet normal  8.267243e-02 -1.350034e-03  9.965759e-01
   outer loop
     vertex  8.633990e+00  1.250000e+01  1.497263e+02
     vertex  1.554186e+01  1.250000e+01  1.491533e+02
     vertex  1.465284e+01  2.500000e+01  1.492440e+02
   endloop
 endfacet
 facet normal  8.266577e-02 -1.276197e-02  9.964956e-01
   outer loop
     vertex  8.633990e+00  1.250000e+01  1.497263e+02
     vertex  1.999062e+01  0.000000e+00  1.486241e+02
     vertex  1.554186e+01  1.250000e+01  1.491533e+02
   endloop
 endfacet
 facet normal  2.353322e-01 -6.236382e-03  9.718950e-01
   outer loop
     vertex  3.090430e+01 -1.250000e+01  1.467530e+02
     vertex  2.883602e+01 -2.500000e+01  1.471736e+02
     vertex  4.156879e+01 -2.500000e+01  1.440905e+02
   endloop
 endfacet
 facet normal  1.543563e-01 -1.311539e-02  9.879282e-01
   outer loop
     vertex  3.090430e+01 -1.250000e+01  1.467530e+02
     vertex  1.999062e+01  0.000000e+00  1.486241e+02
     vertex  1.554186e+01 -1.250000e+01  1.491533e+02
   endloop
 endfacet
 facet normal  1.543650e-01  7.702032e-03  9.879839e-01
   outer loop
     vertex  3.090430e+01 -1.250000e+01  1.467530e+02
     vertex  1.554186e+01 -1.250000e+01  1.491533e+02
     vertex  2.883602e+01 -2.500000e+01  1.471736e+02
   endloop
 endfacet
 facet normal  1.813259e-01  1.111535e-02  9.833602e-01
   outer loop
     vertex  3.447743e+01  0.000000e+00  1.459529e+02
     vertex  1.999062e+01  0.000000e+00  1.486241e+02
     vertex  3.090430e+01 -1.250000e+01  1.467530e+02
   endloop
 endfacet
 facet normal  2.661517e-02 -6.026330e-03  9.996276e-01
   outer loop
     vertex  4.432329e+00 -1.875000e+01  1.499301e+02
     vertex  2.180969e+00 -2.500000e+01  1.499524e+02
     vertex  6.795163e+00 -2.500000e+01  1.498296e+02
   endloop
 endfacet
 facet normal  4.753149e-02  6.198898e-04  9.988695e-01
   outer loop
     vertex  4.432329e+00 -1.875000e+01  1.499301e+02
     vertex  8.633990e+00 -1.250000e+01  1.497263e+02
     vertex  3.788096e+00  0.000000e+00  1.499492e+02
   endloop
 endfacet
 facet normal  4.632163e-02  1.435065e-03  9.989255e-01
   outer loop
     vertex  4.432329e+00 -1.875000e+01  1.499301e+02
     vertex  6.795163e+00 -2.500000e+01  1.498296e+02
     vertex  8.633990e+00 -1.250000e+01  1.497263e+02
   endloop
 endfacet
 facet normal  1.159809e-02 -6.158276e-04  9.999326e-01
   outer loop
     vertex  4.432329e+00 -1.875000e+01  1.499301e+02
     vertex  3.788096e+00  0.000000e+00  1.499492e+02
     vertex  2.180969e+00 -2.500000e+01  1.499524e+02
   endloop
 endfacet
 facet normal  2.353322e-01  6.236382e-03  9.718950e-01
   outer loop
     vertex  3.090430e+01  1.250000e+01  1.467530e+02
     vertex  4.156879e+01  2.500000e+01  1.440905e+02
     vertex  2.883602e+01  2.500000e+01  1.471736e+02
   endloop
 endfacet
 facet normal  1.813259e-01 -1.111535e-02  9.833602e-01
   outer loop
     vertex  3.090430e+01  1.250000e+01  1.467530e+02
     vertex  1.999062e+01  0.000000e+00  1.486241e+02
     vertex  3.447743e+01  0.000000e+00  1.459529e+02
   endloop
 endfacet
 facet normal  1.543650e-01 -7.702032e-03  9.879839e-01
   outer loop
     vertex  3.090430e+01  1.250000e+01  1.467530e+02
     vertex  2.883602e+01  2.500000e+01  1.471736e+02
     vertex  1.554186e+01  1.250000e+01  1.491533e+02
   endloop
 endfacet
 facet normal  1.543563e-01  1.311539e-02  9.879282e-01
   outer loop
     vertex  3.090430e+01  1.250000e+01  1.467530e+02
     vertex  1.554186e+01  1.250000e+01  1.491533e+02
     vertex  1.999062e+01  0.000000e+00  1.486241e+02
   endloop
 endfacet
 facet normal  4.632163e-02 -1.435065e-03  9.989255e-01
   outer loop
     vertex  4.432329e+00  1.875000e+01  1.499301e+02
     vertex  8.633990e+00  1.250000e+01  1.497263e+02
     vertex  6.795163e+00  2.500000e+01  1.498296e+02
   endloop
 endfacet
 facet normal  4.753149e-02 -6.198898e-04  9.988695e-01
   outer loop
     vertex  4.432329e+00  1.875000e+01  1.499301e+02
     vertex  3.788096e+00  0.000000e+00  1.499492e+02
     vertex  8.633990e+00  1.250000e+01  1.497263e+02
   endloop
 endfacet
 facet normal  2.661517e-02  6.026330e-03  9.996276e-01
   outer loop
     vertex  4.432329e+00  1.875000e+01  1.499301e+02
     vertex  6.795163e+00  2.500000e+01  1.498296e+02
     vertex  2.180969e+00  2.500000e+01  1.499524e+02
   endloop
 endfacet
 facet normal  1.159809e-02  6.158276e-04  9.999326e-01
   outer loop
     vertex  4.432329e+00  1.875000e+01  1.499301e+02
     vertex  2.180969e+00  2.500000e+01  1.499524e+02
     vertex  3.788096e+00  0.000000e+00  1.499492e+02
   endloop
 endfacet
 facet normal  3.230677e-01 -1.035781e-02  9.463192e-01
   outer loop
     vertex  4.498043e+01 -1.250000e+01  1.430626e+02
     vertex  4.156879e+01 -2.500000e+01  1.440905e+02
     vertex  5.526066e+01 -2.500000e+01  1.394162e+02
   endloop
 endfacet
 facet normal  2.535885e-01  1.032697e-02  9.672571e-01
   outer loop
     vertex  4.498043e+01 -1.250000e+01  1.430626e+02
     vertex  3.090430e+01 -1.250000e+01  1.467530e+02
     vertex  4.156879e+01 -2.500000e+01  1.440905e+02
   endloop
 endfacet
 facet normal  2.535878e-01 -1.057175e-02  9.672546e-01
   outer loop
     vertex  4.498043e+01 -1.250000e+01  1.430626e+02
     vertex  3.447743e+01  0.000000e+00  1.459529e+02
     vertex  3.090430e+01 -1.250000e+01  1.467530e+02
   endloop
 endfacet
 facet normal  2.768619e-01  1.046427e-02  9.608527e-01
   outer loop
     vertex  4.843767e+01  0.000000e+00  1.419303e+02
     vertex  3.447743e+01  0.000000e+00  1.459529e+02
     vertex  4.498043e+01 -1.250000e+01  1.430626e+02
   endloop
 endfacet
 facet normal  3.230677e-01  1.035781e-02  9.463192e-01
   outer loop
     vertex  4.498043e+01  1.250000e+01  1.430626e+02
     vertex  5.526066e+01  2.500000e+01  1.394162e+02
     vertex  4.156879e+01  2.500000e+01  1.440905e+02
   endloop
 endfacet
 facet normal  2.535878e-01  1.057175e-02  9.672546e-01
   outer loop
     vertex  4.498043e+01  1.250000e+01  1.430626e+02
     vertex  3.090430e+01  1.250000e+01  1.467530e+02
     vertex  3.447743e+01  0.000000e+00  1.459529e+02
   endloop
 endfacet
 facet normal  2.768619e-01 -1.046427e-02  9.608527e-01
   outer loop
     vertex  4.498043e+01  1.250000e+01  1.430626e+02
     vertex  3.447743e+01  0.000000e+00  1.459529e+02
     vertex  4.843767e+01  0.000000e+00  1.419303e+02
   endloop
 endfacet
 facet normal  2.535885e-01 -1.032697e-02  9.672571e-01
   outer loop
     vertex  4.498043e+01  1.250000e+01  1.430626e+02
     vertex  4.156879e+01  2.500000e+01  1.440905e+02
     vertex  3.090430e+01  1.250000e+01  1.467530e+02
   endloop
 endfacet
 facet normal  3.456515e-01 -1.060416e-02  9.383030e-01
   outer loop
     vertex  5.860278e+01 -1.250000e+01  1.380444e+02
     vertex  4.843767e+01  0.000000e+00  1.419303e+02
     vertex  4.498043e+01 -1.250000e+01  1.430626e+02
   endloop
 endfacet
 facet normal  4.129779e-01 -1.047838e-02  9.106807e-01
   outer loop
     vertex  5.860278e+01 -1.250000e+01  1.380444e+02
     vertex  5.526066e+01 -2.500000e+01  1.394162e+02
     vertex  6.845721e+01 -2.500000e+01  1.334318e+02
   endloop
 endfacet
 facet normal  3.456517e-01  1.055398e-02  9.383035e-01
   outer loop
     vertex  5.860278e+01 -1.250000e+01  1.380444e+02
     vertex  4.498043e+01 -1.250000e+01  1.430626e+02
     vertex  5.526066e+01 -2.500000e+01  1.394162e+02
   endloop
 endfacet
 facet normal  3.683514e-01  1.055281e-02  9.296267e-01
   outer loop
     vertex  6.192405e+01  0.000000e+00  1.365865e+02
     vertex  4.843767e+01  0.000000e+00  1.419303e+02
     vertex  5.860278e+01 -1.250000e+01  1.380444e+02
   endloop
 endfacet
 facet normal  4.946143e-01 -1.961078e-02  8.688913e-01
   outer loop
     vertex  6.192405e+01  0.000000e+00  1.365865e+02
     vertex  7.978747e+01  2.500000e+01  1.269821e+02
     vertex  6.845721e+01  2.500000e+01  1.334318e+02
   endloop
 endfacet
 facet normal  4.946143e-01  1.961078e-02  8.688913e-01
   outer loop
     vertex  6.192405e+01  0.000000e+00  1.365865e+02
     vertex  6.845721e+01 -2.500000e+01  1.334318e+02
     vertex  7.978747e+01 -2.500000e+01  1.269821e+02
   endloop
 endfacet
 facet normal  4.735530e-01  0.000000e+00  8.807653e-01
   outer loop
     vertex  6.192405e+01  0.000000e+00  1.365865e+02
     vertex  7.978747e+01 -2.500000e+01  1.269821e+02
     vertex  7.978747e+01  2.500000e+01  1.269821e+02
   endloop
 endfacet
 facet normal  4.184527e-01 -5.255518e-03  9.082234e-01
   outer loop
     vertex  6.192405e+01  0.000000e+00  1.365865e+02
     vertex  5.860278e+01 -1.250000e+01  1.380444e+02
     vertex  6.845721e+01 -2.500000e+01  1.334318e+02
   endloop
 endfacet
 facet normal  3.683514e-01 -1.055281e-02  9.296267e-01
   outer loop
     vertex  5.860278e+01  1.250000e+01  1.380444e+02
     vertex  4.843767e+01  0.000000e+00  1.419303e+02
     vertex  6.192405e+01  0.000000e+00  1.365865e+02
   endloop
 endfacet
 facet normal  4.129779e-01  1.047838e-02  9.106807e-01
   outer loop
     vertex  5.860278e+01  1.250000e+01  1.380444e+02
     vertex  6.845721e+01  2.500000e+01  1.334318e+02
     vertex  5.526066e+01  2.500000e+01  1.394162e+02
   endloop
 endfacet
 facet normal  3.456517e-01 -1.055398e-02  9.383035e-01
   outer loop
     vertex  5.860278e+01  1.250000e+01  1.380444e+02
     vertex  5.526066e+01  2.500000e+01  1.394162e+02
     vertex  4.498043e+01  1.250000e+01  1.430626e+02
   endloop
 endfacet
 facet normal  3.456515e-01  1.060416e-02  9.383030e-01
   outer loop
     vertex  5.860278e+01  1.250000e+01  1.380444e+02
     vertex  4.498043e+01  1.250000e+01  1.430626e+02
     vertex  4.843767e+01  0.000000e+00  1.419303e+02
   endloop
 endfacet
 facet normal  4.184527e-01  5.255518e-03  9.082234e-01
   outer loop
     vertex  5.860278e+01  1.250000e+01  1.380444e+02
     vertex  6.192405e+01  0.000000e+00  1.365865e+02
     vertex  6.845721e+01  2.500000e+01  1.334318e+02
   endloop
 endfacet
 facet normal -3.493928e-12  1.000000e+00  1.418463e-11
   outer loop
     vertex  1.373147e+02  2.500000e+01  6.615156e+00
     vertex  1.249133e+02  2.500000e+01  4.109235e+00
     vertex  1.245691e+02  2.500000e+01  1.013773e+01
   endloop
 endfacet
 facet normal  1.183951e-11  1.000000e+00  2.104321e-12
   outer loop
     vertex  1.373147e+02  2.500000e+01  6.615156e+00
     vertex  1.490423e+02  2.500000e+01  1.663925e+01
     vertex  1.499524e+02  2.500000e+01  2.180969e+00
   endloop
 endfacet
 facet normal  3.658562e-12  1.000000e+00 -2.121186e-11
   outer loop
     vertex  1.373147e+02  2.500000e+01  6.615156e+00
     vertex  1.499524e+02  2.500000e+01  2.180969e+00
     vertex  1.249133e+02  2.500000e+01  4.109235e+00
   endloop
 endfacet
 facet normal -7.622269e-13  1.000000e+00 -2.042518e-12
   outer loop
     vertex  1.355831e+02  2.500000e+01  2.272299e+01
     vertex  1.470336e+02  2.500000e+01  2.952277e+01
     vertex  1.490423e+02  2.500000e+01  1.663925e+01
   endloop
 endfacet
 facet normal  1.347369e-12  1.000000e+00 -5.852790e-12
   outer loop
     vertex  1.355831e+02  2.500000e+01  2.272299e+01
     vertex  1.238702e+02  2.500000e+01  1.662549e+01
     vertex  1.230304e+02  2.500000e+01  2.199480e+01
   endloop
 endfacet
 facet normal -7.929482e-12  1.000000e+00  1.196738e-11
   outer loop
     vertex  1.355831e+02  2.500000e+01  2.272299e+01
     vertex  1.245691e+02  2.500000e+01  1.013773e+01
     vertex  1.238702e+02  2.500000e+01  1.662549e+01
   endloop
 endfacet
 facet normal  4.822821e-12  1.000000e+00  1.031345e-11
   outer loop
     vertex  1.355831e+02  2.500000e+01  2.272299e+01
     vertex  1.490423e+02  2.500000e+01  1.663925e+01
     vertex  1.373147e+02  2.500000e+01  6.615156e+00
   endloop
 endfacet
 facet normal -4.851252e-12  1.000000e+00  9.273466e-12
   outer loop
     vertex  1.355831e+02  2.500000e+01  2.272299e+01
     vertex  1.373147e+02  2.500000e+01  6.615156e+00
     vertex  1.245691e+02  2.500000e+01  1.013773e+01
   endloop
 endfacet
 facet normal  1.216676e-12  1.000000e+00 -3.599877e-12
   outer loop
     vertex  1.355831e+02  2.500000e+01  2.272299e+01
     vertex  1.230304e+02  2.500000e+01  2.199480e+01
     vertex  1.223031e+02  2.500000e+01  2.573311e+01
   endloop
 endfacet
 facet normal  4.231925e-13  1.000000e+00  6.323532e-13
   outer loop
     vertex  1.339416e+02  2.500000e+01  3.096386e+01
     vertex  1.435003e+02  2.500000e+01  4.356773e+01
     vertex  1.470336e+02  2.500000e+01  2.952277e+01
   endloop
 endfacet
 facet normal -1.056511e-14  1.000000e+00 -3.308282e-12
   outer loop
     vertex  1.339416e+02  2.500000e+01  3.096386e+01
     vertex  1.470336e+02  2.500000e+01  2.952277e+01
     vertex  1.355831e+02  2.500000e+01  2.272299e+01
   endloop
 endfacet
 facet normal  1.343926e-12  1.000000e+00 -3.038477e-12
   outer loop
     vertex  1.339416e+02  2.500000e+01  3.096386e+01
     vertex  1.355831e+02  2.500000e+01  2.272299e+01
     vertex  1.223031e+02  2.500000e+01  2.573311e+01
   endloop
 endfacet
 facet normal -4.491222e-13  1.000000e+00  9.510799e-13
   outer loop
     vertex  1.339416e+02  2.500000e+01  3.096386e+01
     vertex  1.223031e+02  2.500000e+01  2.573311e+01
     vertex  1.209179e+02  2.500000e+01  3.160856e+01
   endloop
 endfacet
 facet normal  2.857415e-12  1.000000e+00 -6.544555e-11
   outer loop
     vertex  1.124733e+02  2.500000e+01  1.904001e+00
     vertex  1.499524e+02  2.500000e+01  2.180969e+00
     vertex  5.004759e+01  2.500000e+01 -2.180969e+00
   endloop
 endfacet
 facet normal  1.337365e-12  1.000000e+00 -5.530225e-12
   outer loop
     vertex  1.124733e+02  2.500000e+01  1.904001e+00
     vertex  7.502821e+01  2.500000e+01  7.221952e-01
     vertex  9.988324e+01  2.500000e+01  4.830003e+00
   endloop
 endfacet
 facet normal  3.573944e-12  1.000000e+00 -7.639542e-11
   outer loop
     vertex  1.124733e+02  2.500000e+01  1.904001e+00
     vertex  5.004759e+01  2.500000e+01 -2.180969e+00
     vertex  7.502821e+01  2.500000e+01  7.221952e-01
   endloop
 endfacet
 facet normal  2.629299e-12  1.000000e+00 -3.457714e-11
   outer loop
     vertex  1.124733e+02  2.500000e+01  1.904001e+00
     vertex  1.249133e+02  2.500000e+01  4.109235e+00
     vertex  1.499524e+02  2.500000e+01  2.180969e+00
   endloop
 endfacet
 facet normal  9.005050e-16  1.000000e+00 -2.169034e-13
   outer loop
     vertex  1.301913e+02  2.500000e+01  4.415127e+01
     vertex  1.386281e+02  2.500000e+01  5.720780e+01
     vertex  1.435003e+02  2.500000e+01  4.356773e+01
   endloop
 endfacet
 facet normal  5.052822e-14  1.000000e+00  9.149798e-13
   outer loop
     vertex  1.301913e+02  2.500000e+01  4.415127e+01
     vertex  1.435003e+02  2.500000e+01  4.356773e+01
     vertex  1.339416e+02  2.500000e+01  3.096386e+01
   endloop
 endfacet
 facet normal -4.580691e-13  1.000000e+00  7.703432e-13
   outer loop
     vertex  1.301913e+02  2.500000e+01  4.415127e+01
     vertex  1.339416e+02  2.500000e+01  3.096386e+01
     vertex  1.209179e+02  2.500000e+01  3.160856e+01
   endloop
 endfacet
 facet normal  1.727884e-13  1.000000e+00 -4.121835e-13
   outer loop
     vertex  1.301913e+02  2.500000e+01  4.415127e+01
     vertex  1.190118e+02  2.500000e+01  3.816328e+01
     vertex  1.170300e+02  2.500000e+01  4.386591e+01
   endloop
 endfacet
 facet normal -4.622564e-13  1.000000e+00  7.734390e-13
   outer loop
     vertex  1.301913e+02  2.500000e+01  4.415127e+01
     vertex  1.209179e+02  2.500000e+01  3.160856e+01
     vertex  1.190118e+02  2.500000e+01  3.816328e+01
   endloop
 endfacet
 facet normal -2.286266e-14  1.000000e+00  6.539437e-14
   outer loop
     vertex  1.255286e+02  2.500000e+01  5.605069e+01
     vertex  1.331353e+02  2.500000e+01  6.903232e+01
     vertex  1.386281e+02  2.500000e+01  5.720780e+01
   endloop
 endfacet
 facet normal  2.144300e-15  1.000000e+00 -2.177071e-13
   outer loop
     vertex  1.255286e+02  2.500000e+01  5.605069e+01
     vertex  1.386281e+02  2.500000e+01  5.720780e+01
     vertex  1.301913e+02  2.500000e+01  4.415127e+01
   endloop
 endfacet
 facet normal  1.671698e-13  1.000000e+00 -1.530431e-13
   outer loop
     vertex  1.255286e+02  2.500000e+01  5.605069e+01
     vertex  1.301913e+02  2.500000e+01  4.415127e+01
     vertex  1.170300e+02  2.500000e+01  4.386591e+01
   endloop
 endfacet
 facet normal -5.675185e-14  1.000000e+00  1.128088e-13
   outer loop
     vertex  1.255286e+02  2.500000e+01  5.605069e+01
     vertex  1.148942e+02  2.500000e+01  4.918906e+01
     vertex  1.126474e+02  2.500000e+01  5.413693e+01
   endloop
 endfacet
 facet normal  7.191666e-14  1.000000e+00 -8.660633e-14
   outer loop
     vertex  1.255286e+02  2.500000e+01  5.605069e+01
     vertex  1.170300e+02  2.500000e+01  4.386591e+01
     vertex  1.148942e+02  2.500000e+01  4.918906e+01
   endloop
 endfacet
 facet normal  1.029867e-14  1.000000e+00 -1.419504e-14
   outer loop
     vertex  1.184027e+02  2.500000e+01  6.985642e+01
     vertex  1.266363e+02  2.500000e+01  8.033504e+01
     vertex  1.331353e+02  2.500000e+01  6.903232e+01
   endloop
 endfacet
 facet normal  1.355692e-14  1.000000e+00  4.405391e-14
   outer loop
     vertex  1.184027e+02  2.500000e+01  6.985642e+01
     vertex  1.331353e+02  2.500000e+01  6.903232e+01
     vertex  1.255286e+02  2.500000e+01  5.605069e+01
   endloop
 endfacet
 facet normal -4.225685e-14  1.000000e+00  1.524525e-14
   outer loop
     vertex  1.184027e+02  2.500000e+01  6.985642e+01
     vertex  1.255286e+02  2.500000e+01  5.605069e+01
     vertex  1.126474e+02  2.500000e+01  5.413693e+01
   endloop
 endfacet
 facet normal -2.461712e-14  1.000000e+00  8.786918e-15
   outer loop
     vertex  1.184027e+02  2.500000e+01  6.985642e+01
     vertex  1.126474e+02  2.500000e+01  5.413693e+01
     vertex  1.096684e+02  2.500000e+01  5.994228e+01
   endloop
 endfacet
 facet normal  1.548414e-14  1.000000e+00 -2.654193e-14
   outer loop
     vertex  1.184027e+02  2.500000e+01  6.985642e+01
     vertex  1.096684e+02  2.500000e+01  5.994228e+01
     vertex  1.069591e+02  2.500000e+01  6.465281e+01
   endloop
 endfacet
 facet normal  5.775146e-15  1.000000e+00 -5.190309e-15
   outer loop
     vertex  1.184027e+02  2.500000e+01  6.985642e+01
     vertex  1.069591e+02  2.500000e+01  6.465281e+01
     vertex  1.049396e+02  2.500000e+01  6.788165e+01
   endloop
 endfacet
 facet normal -1.355500e-15  1.000000e+00  2.708900e-15
   outer loop
     vertex  1.140990e+02  2.500000e+01  7.668453e+01
     vertex  1.191802e+02  2.500000e+01  9.103055e+01
     vertex  1.266363e+02  2.500000e+01  8.033504e+01
   endloop
 endfacet
 facet normal  1.569250e-15  1.000000e+00 -7.335840e-15
   outer loop
     vertex  1.140990e+02  2.500000e+01  7.668453e+01
     vertex  1.266363e+02  2.500000e+01  8.033504e+01
     vertex  1.184027e+02  2.500000e+01  6.985642e+01
   endloop
 endfacet
 facet normal  5.707291e-15  1.000000e+00 -4.727707e-15
   outer loop
     vertex  1.140990e+02  2.500000e+01  7.668453e+01
     vertex  1.184027e+02  2.500000e+01  6.985642e+01
     vertex  1.049396e+02  2.500000e+01  6.788165e+01
   endloop
 endfacet
 facet normal -4.351416e-15  1.000000e+00  5.738424e-15
   outer loop
     vertex  1.140990e+02  2.500000e+01  7.668453e+01
     vertex  1.049396e+02  2.500000e+01  6.788165e+01
     vertex  1.018897e+02  2.500000e+01  7.237911e+01
   endloop
 endfacet
 facet normal -2.410213e-15  1.000000e+00  2.335341e-16
   outer loop
     vertex  1.140990e+02  2.500000e+01  7.668453e+01
     vertex  1.018897e+02  2.500000e+01  7.237911e+01
     vertex  9.797329e+01  2.500000e+01  7.759814e+01
   endloop
 endfacet
 facet normal  2.115066e-16  1.000000e+00  1.912292e-16
   outer loop
     vertex  1.047180e+02  2.500000e+01  8.906882e+01
     vertex  9.450759e+01  2.500000e+01  8.178359e+01
     vertex  9.086321e+01  2.500000e+01  8.581441e+01
   endloop
 endfacet
 facet normal  3.504262e-16  1.000000e+00 -7.723912e-16
   outer loop
     vertex  1.047180e+02  2.500000e+01  8.906882e+01
     vertex  1.108233e+02  2.500000e+01  1.010380e+02
     vertex  1.191802e+02  2.500000e+01  9.103055e+01
   endloop
 endfacet
 facet normal -2.396260e-15  1.000000e+00  4.798240e-16
   outer loop
     vertex  1.047180e+02  2.500000e+01  8.906882e+01
     vertex  1.140990e+02  2.500000e+01  7.668453e+01
     vertex  9.797329e+01  2.500000e+01  7.759814e+01
   endloop
 endfacet
 facet normal -5.953099e-17  1.000000e+00  2.249886e-15
   outer loop
     vertex  1.047180e+02  2.500000e+01  8.906882e+01
     vertex  1.191802e+02  2.500000e+01  9.103055e+01
     vertex  1.140990e+02  2.500000e+01  7.668453e+01
   endloop
 endfacet
 facet normal  1.741585e-15  1.000000e+00 -1.953207e-15
   outer loop
     vertex  1.047180e+02  2.500000e+01  8.906882e+01
     vertex  9.797329e+01  2.500000e+01  7.759814e+01
     vertex  9.450759e+01  2.500000e+01  8.178359e+01
   endloop
 endfacet
 facet normal -6.946501e-16  1.000000e+00 -2.393131e-16
   outer loop
     vertex  9.658613e+01  2.500000e+01  9.782756e+01
     vertex  1.108233e+02  2.500000e+01  1.010380e+02
     vertex  1.047180e+02  2.500000e+01  8.906882e+01
   endloop
 endfacet
 facet normal -1.479031e-15  1.000000e+00  1.296064e-15
   outer loop
     vertex  9.658613e+01  2.500000e+01  9.782756e+01
     vertex  9.086321e+01  2.500000e+01  8.581441e+01
     vertex  8.704709e+01  2.500000e+01  8.968303e+01
   endloop
 endfacet
 facet normal  1.322960e-16  1.000000e+00  5.284468e-16
   outer loop
     vertex  9.658613e+01  2.500000e+01  9.782756e+01
     vertex  1.047180e+02  2.500000e+01  8.906882e+01
     vertex  9.086321e+01  2.500000e+01  8.581441e+01
   endloop
 endfacet
 facet normal -8.946215e-16  1.000000e+00  6.474894e-16
   outer loop
     vertex  9.658613e+01  2.500000e+01  9.782756e+01
     vertex  1.016288e+02  2.500000e+01  1.102818e+02
     vertex  1.108233e+02  2.500000e+01  1.010380e+02
   endloop
 endfacet
 facet normal -5.493768e-16  1.000000e+00  2.072331e-16
   outer loop
     vertex  9.658613e+01  2.500000e+01  9.782756e+01
     vertex  8.704709e+01  2.500000e+01  8.968303e+01
     vertex  8.224786e+01  2.500000e+01  9.410381e+01
   endloop
 endfacet
 facet normal -1.220232e-11  1.000000e+00  5.979579e-12
   outer loop
     vertex  6.254863e+01  2.500000e+01  1.026020e+00
     vertex  5.004759e+01  2.500000e+01 -2.180969e+00
     vertex  4.994144e+01  2.500000e+01  3.920507e+00
   endloop
 endfacet
 facet normal -8.620234e-13  1.000000e+00 -3.822561e-11
   outer loop
     vertex  6.254863e+01  2.500000e+01  1.026020e+00
     vertex  7.502821e+01  2.500000e+01  7.221952e-01
     vertex  5.004759e+01  2.500000e+01 -2.180969e+00
   endloop
 endfacet
 facet normal  7.449669e-13  1.000000e+00  2.778136e-11
   outer loop
     vertex  6.254863e+01  2.500000e+01  1.026020e+00
     vertex  7.484496e+01  2.500000e+01  5.290678e+00
     vertex  7.502821e+01  2.500000e+01  7.221952e-01
   endloop
 endfacet
 facet normal  3.865744e-13  1.000000e+00 -6.873333e-12
   outer loop
     vertex  6.199688e+01  2.500000e+01  8.353180e+00
     vertex  4.994144e+01  2.500000e+01  3.920507e+00
     vertex  4.909419e+01  2.500000e+01  9.963813e+00
   endloop
 endfacet
 facet normal -2.002466e-12  1.000000e+00  4.014832e-13
   outer loop
     vertex  6.199688e+01  2.500000e+01  8.353180e+00
     vertex  7.331689e+01  2.500000e+01  1.594964e+01
     vertex  7.376881e+01  2.500000e+01  1.370840e+01
   endloop
 endfacet
 facet normal  3.411675e-12  1.000000e+00  2.009242e-11
   outer loop
     vertex  6.199688e+01  2.500000e+01  8.353180e+00
     vertex  7.484496e+01  2.500000e+01  5.290678e+00
     vertex  6.254863e+01  2.500000e+01  1.026020e+00
   endloop
 endfacet
 facet normal -9.179845e-12  1.000000e+00  1.914424e-11
   outer loop
     vertex  6.199688e+01  2.500000e+01  8.353180e+00
     vertex  6.254863e+01  2.500000e+01  1.026020e+00
     vertex  4.994144e+01  2.500000e+01  3.920507e+00
   endloop
 endfacet
 facet normal  2.158552e-12  1.000000e+00 -8.745338e-12
   outer loop
     vertex  6.199688e+01  2.500000e+01  8.353180e+00
     vertex  7.376881e+01  2.500000e+01  1.370840e+01
     vertex  7.446681e+01  2.500000e+01  9.189818e+00
   endloop
 endfacet
 facet normal  9.239754e-13  1.000000e+00  9.655806e-12
   outer loop
     vertex  6.199688e+01  2.500000e+01  8.353180e+00
     vertex  7.446681e+01  2.500000e+01  9.189818e+00
     vertex  7.484496e+01  2.500000e+01  5.290678e+00
   endloop
 endfacet
 facet normal  4.389867e-15  1.000000e+00 -6.137742e-15
   outer loop
     vertex  8.060810e+01  2.500000e+01  1.113617e+02
     vertex  7.978747e+01  2.500000e+01  1.269821e+02
     vertex  9.166621e+01  2.500000e+01  1.186920e+02
   endloop
 endfacet
 facet normal  5.207945e-15  1.000000e+00 -2.832235e-15
   outer loop
     vertex  8.060810e+01  2.500000e+01  1.113617e+02
     vertex  7.506991e+01  2.500000e+01  9.992368e+01
     vertex  7.015647e+01  2.500000e+01  1.034326e+02
   endloop
 endfacet
 facet normal -1.916785e-14  1.000000e+00  2.030923e-14
   outer loop
     vertex  6.680411e+01  2.500000e+01  1.201512e+02
     vertex  6.845721e+01  2.500000e+01  1.334318e+02
     vertex  7.978747e+01  2.500000e+01  1.269821e+02
   endloop
 endfacet
 facet normal -4.994131e-15  1.000000e+00 -6.630737e-15
   outer loop
     vertex  6.680411e+01  2.500000e+01  1.201512e+02
     vertex  7.978747e+01  2.500000e+01  1.269821e+02
     vertex  8.060810e+01  2.500000e+01  1.113617e+02
   endloop
 endfacet
 facet normal  1.745396e-14  1.000000e+00  6.049823e-15
   outer loop
     vertex  6.680411e+01  2.500000e+01  1.201512e+02
     vertex  7.015647e+01  2.500000e+01  1.034326e+02
     vertex  6.440411e+01  2.500000e+01  1.071091e+02
   endloop
 endfacet
 facet normal -3.745916e-14  1.000000e+00  1.615486e-14
   outer loop
     vertex  6.680411e+01  2.500000e+01  1.201512e+02
     vertex  6.440411e+01  2.500000e+01  1.071091e+02
     vertex  5.968751e+01  2.500000e+01  1.098072e+02
   endloop
 endfacet
 facet normal -3.039945e-14  1.000000e+00  1.129783e-14
   outer loop
     vertex  6.680411e+01  2.500000e+01  1.201512e+02
     vertex  5.968751e+01  2.500000e+01  1.098072e+02
     vertex  5.458538e+01  2.500000e+01  1.124307e+02
   endloop
 endfacet
 facet normal  9.762145e-16  1.000000e+00  2.745756e-15
   outer loop
     vertex  6.680411e+01  2.500000e+01  1.201512e+02
     vertex  8.060810e+01  2.500000e+01  1.113617e+02
     vertex  7.015647e+01  2.500000e+01  1.034326e+02
   endloop
 endfacet
 facet normal  4.639244e-14  1.000000e+00  6.089937e-13
   outer loop
     vertex  5.979311e+01  2.500000e+01  1.838943e+01
     vertex  4.909419e+01  2.500000e+01  9.963813e+00
     vertex  4.751843e+01  2.500000e+01  1.585926e+01
   endloop
 endfacet
 facet normal  1.283537e-13  1.000000e+00 -4.596875e-13
   outer loop
     vertex  5.979311e+01  2.500000e+01  1.838943e+01
     vertex  7.098859e+01  2.500000e+01  2.429770e+01
     vertex  7.233672e+01  2.500000e+01  1.992880e+01
   endloop
 endfacet
 facet normal -9.026004e-13  1.000000e+00 -1.237502e-12
   outer loop
     vertex  5.979311e+01  2.500000e+01  1.838943e+01
     vertex  7.331689e+01  2.500000e+01  1.594964e+01
     vertex  6.199688e+01  2.500000e+01  8.353180e+00
   endloop
 endfacet
 facet normal  1.146251e-12  1.000000e+00 -7.876150e-13
   outer loop
     vertex  5.979311e+01  2.500000e+01  1.838943e+01
     vertex  6.199688e+01  2.500000e+01  8.353180e+00
     vertex  4.909419e+01  2.500000e+01  9.963813e+00
   endloop
 endfacet
 facet normal -2.322169e-13  1.000000e+00  2.478436e-12
   outer loop
     vertex  5.979311e+01  2.500000e+01  1.838943e+01
     vertex  7.233672e+01  2.500000e+01  1.992880e+01
     vertex  7.331689e+01  2.500000e+01  1.594964e+01
   endloop
 endfacet
 facet normal  8.043843e-14  1.000000e+00 -6.720944e-14
   outer loop
     vertex  5.535423e+01  2.500000e+01  1.258374e+02
     vertex  5.526066e+01  2.500000e+01  1.394162e+02
     vertex  6.845721e+01  2.500000e+01  1.334318e+02
   endloop
 endfacet
 facet normal  1.606365e-13  1.000000e+00 -5.320147e-14
   outer loop
     vertex  5.535423e+01  2.500000e+01  1.258374e+02
     vertex  5.458538e+01  2.500000e+01  1.124307e+02
     vertex  4.909004e+01  2.500000e+01  1.149367e+02
   endloop
 endfacet
 facet normal  3.925070e-15  1.000000e+00  3.685441e-14
   outer loop
     vertex  5.535423e+01  2.500000e+01  1.258374e+02
     vertex  4.909004e+01  2.500000e+01  1.149367e+02
     vertex  4.274558e+01  2.500000e+01  1.174440e+02
   endloop
 endfacet
 facet normal  3.351367e-14  1.000000e+00  1.375171e-14
   outer loop
     vertex  5.535423e+01  2.500000e+01  1.258374e+02
     vertex  6.845721e+01  2.500000e+01  1.334318e+02
     vertex  6.680411e+01  2.500000e+01  1.201512e+02
   endloop
 endfacet
 facet normal  4.704887e-15  1.000000e+00 -4.425906e-14
   outer loop
     vertex  5.535423e+01  2.500000e+01  1.258374e+02
     vertex  6.680411e+01  2.500000e+01  1.201512e+02
     vertex  5.458538e+01  2.500000e+01  1.124307e+02
   endloop
 endfacet
 facet normal -6.458842e-14  1.000000e+00  1.032735e-13
   outer loop
     vertex  5.804186e+01  2.500000e+01  2.333516e+01
     vertex  4.751843e+01  2.500000e+01  1.585926e+01
     vertex  4.523753e+01  2.500000e+01  2.151937e+01
   endloop
 endfacet
 facet normal  7.719776e-14  1.000000e+00 -2.706306e-13
   outer loop
     vertex  5.804186e+01  2.500000e+01  2.333516e+01
     vertex  6.979905e+01  2.500000e+01  2.752907e+01
     vertex  7.098859e+01  2.500000e+01  2.429770e+01
   endloop
 endfacet
 facet normal -7.876391e-14  1.000000e+00  1.665909e-13
   outer loop
     vertex  5.804186e+01  2.500000e+01  2.333516e+01
     vertex  6.799272e+01  2.500000e+01  3.172930e+01
     vertex  6.979905e+01  2.500000e+01  2.752907e+01
   endloop
 endfacet
 facet normal  8.516984e-14  1.000000e+00 -3.778592e-13
   outer loop
     vertex  5.804186e+01  2.500000e+01  2.333516e+01
     vertex  7.098859e+01  2.500000e+01  2.429770e+01
     vertex  5.979311e+01  2.500000e+01  1.838943e+01
   endloop
 endfacet
 facet normal  2.386122e-13  1.000000e+00 -3.235262e-13
   outer loop
     vertex  5.804186e+01  2.500000e+01  2.333516e+01
     vertex  5.979311e+01  2.500000e+01  1.838943e+01
     vertex  4.751843e+01  2.500000e+01  1.585926e+01
   endloop
 endfacet
 facet normal -1.223218e-15  1.000000e+00  9.793097e-16
   outer loop
     vertex  6.500838e+01  2.500000e+01  5.858786e+01
     vertex  5.556536e+01  2.500000e+01  5.042072e+01
     vertex  5.239116e+01  2.500000e+01  5.371149e+01
   endloop
 endfacet
 facet normal -3.812705e-13  1.000000e+00  1.433566e-13
   outer loop
     vertex  4.255242e+01  2.500000e+01  1.307220e+02
     vertex  4.156879e+01  2.500000e+01  1.440905e+02
     vertex  5.526066e+01  2.500000e+01  1.394162e+02
   endloop
 endfacet
 facet normal -2.357229e-13  1.000000e+00 -6.938808e-14
   outer loop
     vertex  4.255242e+01  2.500000e+01  1.307220e+02
     vertex  5.526066e+01  2.500000e+01  1.394162e+02
     vertex  5.535423e+01  2.500000e+01  1.258374e+02
   endloop
 endfacet
 facet normal -7.553477e-13  1.000000e+00  2.177786e-13
   outer loop
     vertex  4.255242e+01  2.500000e+01  1.307220e+02
     vertex  4.274558e+01  2.500000e+01  1.174440e+02
     vertex  3.703076e+01  2.500000e+01  1.193683e+02
   endloop
 endfacet
 facet normal -1.226410e-13  1.000000e+00  2.269828e-13
   outer loop
     vertex  4.255242e+01  2.500000e+01  1.307220e+02
     vertex  5.535423e+01  2.500000e+01  1.258374e+02
     vertex  4.274558e+01  2.500000e+01  1.174440e+02
   endloop
 endfacet
 facet normal  7.935122e-15  1.000000e+00 -2.754360e-14
   outer loop
     vertex  5.490530e+01  2.500000e+01  2.997993e+01
     vertex  4.523753e+01  2.500000e+01  2.151937e+01
     vertex  4.228534e+01  2.500000e+01  2.686015e+01
   endloop
 endfacet
 facet normal  3.051986e-16  1.000000e+00  7.285825e-14
   outer loop
     vertex  5.490530e+01  2.500000e+01  2.997993e+01
     vertex  6.799272e+01  2.500000e+01  3.172930e+01
     vertex  5.804186e+01  2.500000e+01  2.333516e+01
   endloop
 endfacet
 facet normal -9.921955e-15  1.000000e+00  4.748857e-15
   outer loop
     vertex  5.490530e+01  2.500000e+01  2.997993e+01
     vertex  6.275083e+01  2.500000e+01  4.113504e+01
     vertex  6.397501e+01  2.500000e+01  3.920403e+01
   endloop
 endfacet
 facet normal  1.980449e-14  1.000000e+00 -2.448003e-14
   outer loop
     vertex  5.490530e+01  2.500000e+01  2.997993e+01
     vertex  6.397501e+01  2.500000e+01  3.920403e+01
     vertex  6.624408e+01  2.500000e+01  3.523464e+01
   endloop
 endfacet
 facet normal -5.647440e-14  1.000000e+00  4.605632e-14
   outer loop
     vertex  5.490530e+01  2.500000e+01  2.997993e+01
     vertex  5.804186e+01  2.500000e+01  2.333516e+01
     vertex  4.523753e+01  2.500000e+01  2.151937e+01
   endloop
 endfacet
 facet normal  1.068622e-14  1.000000e+00 -4.804329e-15
   outer loop
     vertex  5.490530e+01  2.500000e+01  2.997993e+01
     vertex  6.624408e+01  2.500000e+01  3.523464e+01
     vertex  6.799272e+01  2.500000e+01  3.172930e+01
   endloop
 endfacet
 facet normal  1.578820e-12  1.000000e+00 -6.909059e-13
   outer loop
     vertex  3.467580e+01  2.500000e+01  1.330286e+02
     vertex  2.883602e+01  2.500000e+01  1.471736e+02
     vertex  4.156879e+01  2.500000e+01  1.440905e+02
   endloop
 endfacet
 facet normal  6.707372e-14  1.000000e+00 -1.821933e-13
   outer loop
     vertex  3.467580e+01  2.500000e+01  1.330286e+02
     vertex  4.255242e+01  2.500000e+01  1.307220e+02
     vertex  3.703076e+01  2.500000e+01  1.193683e+02
   endloop
 endfacet
 facet normal  1.597631e-12  1.000000e+00  8.166693e-14
   outer loop
     vertex  3.467580e+01  2.500000e+01  1.330286e+02
     vertex  3.703076e+01  2.500000e+01  1.193683e+02
     vertex  2.845245e+01  2.500000e+01  1.217004e+02
   endloop
 endfacet
 facet normal  1.743838e-13  1.000000e+00  1.842404e-13
   outer loop
     vertex  3.467580e+01  2.500000e+01  1.330286e+02
     vertex  4.156879e+01  2.500000e+01  1.440905e+02
     vertex  4.255242e+01  2.500000e+01  1.307220e+02
   endloop
 endfacet
 facet normal -9.176982e-16  1.000000e+00  7.284162e-16
   outer loop
     vertex  5.726092e+01  2.500000e+01  6.618018e+01
     vertex  6.730626e+01  2.500000e+01  7.395853e+01
     vertex  7.168599e+01  2.500000e+01  6.972172e+01
   endloop
 endfacet
 facet normal -1.872322e-16  1.000000e+00 -2.149430e-16
   outer loop
     vertex  5.726092e+01  2.500000e+01  6.618018e+01
     vertex  6.402779e+01  2.500000e+01  7.681433e+01
     vertex  6.730626e+01  2.500000e+01  7.395853e+01
   endloop
 endfacet
 facet normal -1.900948e-15  1.000000e+00  1.312295e-15
   outer loop
     vertex  5.726092e+01  2.500000e+01  6.618018e+01
     vertex  5.239116e+01  2.500000e+01  5.371149e+01
     vertex  4.777598e+01  2.500000e+01  5.785511e+01
   endloop
 endfacet
 facet normal -1.050182e-15  1.000000e+00  1.268035e-15
   outer loop
     vertex  5.726092e+01  2.500000e+01  6.618018e+01
     vertex  7.168599e+01  2.500000e+01  6.972172e+01
     vertex  6.500838e+01  2.500000e+01  5.858786e+01
   endloop
 endfacet
 facet normal -1.254304e-15  1.000000e+00  1.059742e-15
   outer loop
     vertex  5.726092e+01  2.500000e+01  6.618018e+01
     vertex  6.500838e+01  2.500000e+01  5.858786e+01
     vertex  5.239116e+01  2.500000e+01  5.371149e+01
   endloop
 endfacet
 facet normal -5.416189e-12  1.000000e+00  1.620657e-12
   outer loop
     vertex  2.247136e+01  2.500000e+01  1.356253e+02
     vertex  1.465284e+01  2.500000e+01  1.492440e+02
     vertex  2.883602e+01  2.500000e+01  1.471736e+02
   endloop
 endfacet
 facet normal -9.973519e-12  1.000000e+00  7.337519e-13
   outer loop
     vertex  2.247136e+01  2.500000e+01  1.356253e+02
     vertex  2.275858e+01  2.500000e+01  1.228927e+02
     vertex  1.686484e+01  2.500000e+01  1.238346e+02
   endloop
 endfacet
 facet normal  1.009188e-12  1.000000e+00  9.814978e-13
   outer loop
     vertex  2.247136e+01  2.500000e+01  1.356253e+02
     vertex  2.845245e+01  2.500000e+01  1.217004e+02
     vertex  2.275858e+01  2.500000e+01  1.228927e+02
   endloop
 endfacet
 facet normal -2.246063e-14  1.000000e+00 -1.351998e-12
   outer loop
     vertex  2.247136e+01  2.500000e+01  1.356253e+02
     vertex  2.883602e+01  2.500000e+01  1.471736e+02
     vertex  3.467580e+01  2.500000e+01  1.330286e+02
   endloop
 endfacet
 facet normal  4.201909e-13  1.000000e+00  7.285090e-13
   outer loop
     vertex  2.247136e+01  2.500000e+01  1.356253e+02
     vertex  3.467580e+01  2.500000e+01  1.330286e+02
     vertex  2.845245e+01  2.500000e+01  1.217004e+02
   endloop
 endfacet
 facet normal  7.716256e-16  1.000000e+00 -1.599582e-16
   outer loop
     vertex  4.930334e+01  2.500000e+01  3.850414e+01
     vertex  4.228534e+01  2.500000e+01  2.686015e+01
     vertex  3.870567e+01  2.500000e+01  3.180233e+01
   endloop
 endfacet
 facet normal -7.196234e-16  1.000000e+00 -1.723262e-15
   outer loop
     vertex  4.930334e+01  2.500000e+01  3.850414e+01
     vertex  6.275083e+01  2.500000e+01  4.113504e+01
     vertex  5.490530e+01  2.500000e+01  2.997993e+01
   endloop
 endfacet
 facet normal -2.261433e-15  1.000000e+00  6.157498e-15
   outer loop
     vertex  4.930334e+01  2.500000e+01  3.850414e+01
     vertex  6.051845e+01  2.500000e+01  4.435397e+01
     vertex  6.275083e+01  2.500000e+01  4.113504e+01
   endloop
 endfacet
 facet normal -2.069442e-15  1.000000e+00  1.087467e-15
   outer loop
     vertex  4.930334e+01  2.500000e+01  3.850414e+01
     vertex  5.556536e+01  2.500000e+01  5.042072e+01
     vertex  5.770457e+01  2.500000e+01  4.795770e+01
   endloop
 endfacet
 facet normal  2.502300e-15  1.000000e+00 -2.975368e-15
   outer loop
     vertex  4.930334e+01  2.500000e+01  3.850414e+01
     vertex  5.770457e+01  2.500000e+01  4.795770e+01
     vertex  6.051845e+01  2.500000e+01  4.435397e+01
   endloop
 endfacet
 facet normal  1.234585e-15  1.000000e+00 -4.389902e-16
   outer loop
     vertex  4.930334e+01  2.500000e+01  3.850414e+01
     vertex  5.490530e+01  2.500000e+01  2.997993e+01
     vertex  4.228534e+01  2.500000e+01  2.686015e+01
   endloop
 endfacet
 facet normal  2.873363e-11  1.000000e+00 -4.378495e-12
   outer loop
     vertex  9.408468e+00  2.500000e+01  1.371538e+02
     vertex  6.795163e+00  2.500000e+01  1.498296e+02
     vertex  1.465284e+01  2.500000e+01  1.492440e+02
   endloop
 endfacet
 facet normal  3.328987e-12  1.000000e+00  6.641281e-12
   outer loop
     vertex  9.408468e+00  2.500000e+01  1.371538e+02
     vertex  1.465284e+01  2.500000e+01  1.492440e+02
     vertex  2.247136e+01  2.500000e+01  1.356253e+02
   endloop
 endfacet
 facet normal  1.973058e-12  1.000000e+00 -4.946916e-12
   outer loop
     vertex  9.408468e+00  2.500000e+01  1.371538e+02
     vertex  2.247136e+01  2.500000e+01  1.356253e+02
     vertex  1.686484e+01  2.500000e+01  1.238346e+02
   endloop
 endfacet
 facet normal  2.247396e-11  1.000000e+00  6.530001e-12
   outer loop
     vertex  9.408468e+00  2.500000e+01  1.371538e+02
     vertex  1.686484e+01  2.500000e+01  1.238346e+02
     vertex  5.147235e+00  2.500000e+01  1.248868e+02
   endloop
 endfacet
 facet normal  6.525815e-17  1.000000e+00  9.570322e-16
   outer loop
     vertex  4.595472e+01  2.500000e+01  4.244469e+01
     vertex  4.930334e+01  2.500000e+01  3.850414e+01
     vertex  3.870567e+01  2.500000e+01  3.180233e+01
   endloop
 endfacet
 facet normal -1.352131e-15  1.000000e+00  1.922488e-15
   outer loop
     vertex  4.595472e+01  2.500000e+01  4.244469e+01
     vertex  3.870567e+01  2.500000e+01  3.180233e+01
     vertex  3.455163e+01  2.500000e+01  3.627261e+01
   endloop
 endfacet
 facet normal -1.200553e-15  1.000000e+00  1.001172e-15
   outer loop
     vertex  4.595472e+01  2.500000e+01  4.244469e+01
     vertex  5.239116e+01  2.500000e+01  5.371149e+01
     vertex  5.556536e+01  2.500000e+01  5.042072e+01
   endloop
 endfacet
 facet normal -6.555623e-16  1.000000e+00  3.444900e-16
   outer loop
     vertex  4.595472e+01  2.500000e+01  4.244469e+01
     vertex  5.556536e+01  2.500000e+01  5.042072e+01
     vertex  4.930334e+01  2.500000e+01  3.850414e+01
   endloop
 endfacet
 facet normal  2.934682e-11  1.000000e+00  4.142543e-12
   outer loop
     vertex  3.127483e+00  2.500000e+01  1.374611e+02
     vertex  9.408468e+00  2.500000e+01  1.371538e+02
     vertex  5.147235e+00  2.500000e+01  1.248868e+02
   endloop
 endfacet
 facet normal -3.551879e-11  1.000000e+00  1.477428e-11
   outer loop
     vertex  3.127483e+00  2.500000e+01  1.374611e+02
     vertex  2.180969e+00  2.500000e+01  1.499524e+02
     vertex  6.795163e+00  2.500000e+01  1.498296e+02
   endloop
 endfacet
 facet normal  2.893181e-11  1.000000e+00 -4.337636e-12
   outer loop
     vertex  3.127483e+00  2.500000e+01  1.374611e+02
     vertex  6.795163e+00  2.500000e+01  1.498296e+02
     vertex  9.408468e+00  2.500000e+01  1.371538e+02
   endloop
 endfacet
 facet normal  7.000624e-15  1.000000e+00 -7.265328e-16
   outer loop
     vertex  3.844610e+01  2.500000e+01  4.934862e+01
     vertex  3.455163e+01  2.500000e+01  3.627261e+01
     vertex  2.988484e+01  2.500000e+01  4.020462e+01
   endloop
 endfacet
 facet normal -1.248050e-15  1.000000e+00  1.730195e-15
   outer loop
     vertex  3.844610e+01  2.500000e+01  4.934862e+01
     vertex  4.595472e+01  2.500000e+01  4.244469e+01
     vertex  3.455163e+01  2.500000e+01  3.627261e+01
   endloop
 endfacet
 facet normal  1.949395e-14  1.000000e+00 -1.142600e-14
   outer loop
     vertex  3.844610e+01  2.500000e+01  4.934862e+01
     vertex  4.078539e+01  2.500000e+01  6.297860e+01
     vertex  4.416343e+01  2.500000e+01  6.065765e+01
   endloop
 endfacet
 facet normal -1.826204e-10  1.000000e+00  3.627810e-12
   outer loop
     vertex  2.630959e+00  2.500000e+01  1.124666e+02
     vertex  2.180969e+00  2.500000e+01  1.499524e+02
     vertex  3.127483e+00  2.500000e+01  1.374611e+02
   endloop
 endfacet
 facet normal  3.165210e-12  1.000000e+00 -6.287789e-14
   outer loop
     vertex  2.630959e+00  2.500000e+01  1.124666e+02
     vertex  3.127483e+00  2.500000e+01  1.374611e+02
     vertex  5.147235e+00  2.500000e+01  1.248868e+02
   endloop
 endfacet
 facet normal -5.993241e-14  1.000000e+00  1.683014e-14
   outer loop
     vertex  3.232984e+01  2.500000e+01  5.355532e+01
     vertex  2.988484e+01  2.500000e+01  4.020462e+01
     vertex  2.477506e+01  2.500000e+01  4.354002e+01
   endloop
 endfacet
 facet normal -8.607513e-15  1.000000e+00 -6.602992e-15
   outer loop
     vertex  3.232984e+01  2.500000e+01  5.355532e+01
     vertex  4.078539e+01  2.500000e+01  6.297860e+01
     vertex  3.844610e+01  2.500000e+01  4.934862e+01
   endloop
 endfacet
 facet normal -3.506941e-17  1.000000e+00  5.860774e-15
   outer loop
     vertex  3.232984e+01  2.500000e+01  5.355532e+01
     vertex  3.844610e+01  2.500000e+01  4.934862e+01
     vertex  2.988484e+01  2.500000e+01  4.020462e+01
   endloop
 endfacet
 facet normal -1.489192e-14  1.000000e+00  1.809347e-14
   outer loop
     vertex  3.232984e+01  2.500000e+01  5.355532e+01
     vertex  3.383636e+01  2.500000e+01  6.696918e+01
     vertex  3.687393e+01  2.500000e+01  6.534585e+01
   endloop
 endfacet
 facet normal -5.212060e-14  1.000000e+00  3.244149e-14
   outer loop
     vertex  3.232984e+01  2.500000e+01  5.355532e+01
     vertex  3.687393e+01  2.500000e+01  6.534585e+01
     vertex  4.078539e+01  2.500000e+01  6.297860e+01
   endloop
 endfacet
 facet normal  2.906617e-13  1.000000e+00 -1.303769e-13
   outer loop
     vertex  2.772801e+01  2.500000e+01  5.607621e+01
     vertex  2.969364e+01  2.500000e+01  6.890574e+01
     vertex  3.383636e+01  2.500000e+01  6.696918e+01
   endloop
 endfacet
 facet normal  7.770733e-14  1.000000e+00 -5.174508e-14
   outer loop
     vertex  2.772801e+01  2.500000e+01  5.607621e+01
     vertex  2.477506e+01  2.500000e+01  4.354002e+01
     vertex  1.929652e+01  2.500000e+01  4.622934e+01
   endloop
 endfacet
 facet normal  3.611062e-14  1.000000e+00  1.236534e-14
   outer loop
     vertex  2.772801e+01  2.500000e+01  5.607621e+01
     vertex  3.383636e+01  2.500000e+01  6.696918e+01
     vertex  3.232984e+01  2.500000e+01  5.355532e+01
   endloop
 endfacet
 facet normal  9.758686e-15  1.000000e+00 -3.573950e-14
   outer loop
     vertex  2.772801e+01  2.500000e+01  5.607621e+01
     vertex  3.232984e+01  2.500000e+01  5.355532e+01
     vertex  2.477506e+01  2.500000e+01  4.354002e+01
   endloop
 endfacet
 facet normal -7.448176e-13  1.000000e+00  1.131177e-13
   outer loop
     vertex  2.107429e+01  2.500000e+01  5.890157e+01
     vertex  2.199331e+01  2.500000e+01  7.173681e+01
     vertex  2.589118e+01  2.500000e+01  7.042331e+01
   endloop
 endfacet
 facet normal  1.480919e-12  1.000000e+00  7.932706e-14
   outer loop
     vertex  2.107429e+01  2.500000e+01  5.890157e+01
     vertex  1.929652e+01  2.500000e+01  4.622934e+01
     vertex  1.410998e+01  2.500000e+01  4.806411e+01
   endloop
 endfacet
 facet normal -5.270309e-13  1.000000e+00 -5.097303e-15
   outer loop
     vertex  2.107429e+01  2.500000e+01  5.890157e+01
     vertex  2.969364e+01  2.500000e+01  6.890574e+01
     vertex  2.772801e+01  2.500000e+01  5.607621e+01
   endloop
 endfacet
 facet normal -5.882813e-13  1.000000e+00  4.767456e-14
   outer loop
     vertex  2.107429e+01  2.500000e+01  5.890157e+01
     vertex  2.589118e+01  2.500000e+01  7.042331e+01
     vertex  2.969364e+01  2.500000e+01  6.890574e+01
   endloop
 endfacet
 facet normal -3.803080e-13  1.000000e+00  3.404353e-13
   outer loop
     vertex  2.107429e+01  2.500000e+01  5.890157e+01
     vertex  2.772801e+01  2.500000e+01  5.607621e+01
     vertex  1.929652e+01  2.500000e+01  4.622934e+01
   endloop
 endfacet
 facet normal  3.377569e-12  1.000000e+00 -2.464873e-12
   outer loop
     vertex  1.256944e+01  2.500000e+01  6.128094e+01
     vertex  1.661594e+01  2.500000e+01  7.316622e+01
     vertex  2.199331e+01  2.500000e+01  7.173681e+01
   endloop
 endfacet
 facet normal  7.716960e-13  1.000000e+00  5.350842e-13
   outer loop
     vertex  1.256944e+01  2.500000e+01  6.128094e+01
     vertex  2.107429e+01  2.500000e+01  5.890157e+01
     vertex  1.410998e+01  2.500000e+01  4.806411e+01
   endloop
 endfacet
 facet normal -1.037844e-11  1.000000e+00  2.218537e-12
   outer loop
     vertex  1.256944e+01  2.500000e+01  6.128094e+01
     vertex  1.301022e+01  2.500000e+01  7.389756e+01
     vertex  1.661594e+01  2.500000e+01  7.316622e+01
   endloop
 endfacet
 facet normal -1.170719e-11  1.000000e+00 -9.194349e-13
   outer loop
     vertex  1.256944e+01  2.500000e+01  6.128094e+01
     vertex  1.410998e+01  2.500000e+01  4.806411e+01
     vertex  9.369990e+00  2.500000e+01  4.922175e+01
   endloop
 endfacet
 facet normal -1.397868e-11  1.000000e+00  2.344314e-12
   outer loop
     vertex  1.256944e+01  2.500000e+01  6.128094e+01
     vertex  9.966814e+00  2.500000e+01  7.437234e+01
     vertex  1.301022e+01  2.500000e+01  7.389756e+01
   endloop
 endfacet
 facet normal  6.261806e-13  1.000000e+00  1.495185e-14
   outer loop
     vertex  1.256944e+01  2.500000e+01  6.128094e+01
     vertex  2.199331e+01  2.500000e+01  7.173681e+01
     vertex  2.107429e+01  2.500000e+01  5.890157e+01
   endloop
 endfacet
 facet normal  4.765735e-11  1.000000e+00 -9.548687e-12
   outer loop
     vertex  1.637910e+00  2.500000e+01  6.247754e+01
     vertex  4.275201e+00  2.500000e+01  7.488791e+01
     vertex  9.966814e+00  2.500000e+01  7.437234e+01
   endloop
 endfacet
 facet normal  2.079859e-11  1.000000e+00  9.258195e-12
   outer loop
     vertex  1.637910e+00  2.500000e+01  6.247754e+01
     vertex  9.966814e+00  2.500000e+01  7.437234e+01
     vertex  1.256944e+01  2.500000e+01  6.128094e+01
   endloop
 endfacet
 facet normal -5.103869e-13  1.000000e+00  1.435499e-11
   outer loop
     vertex  1.183987e+02  2.500000e+01  8.929372e+00
     vertex  1.245691e+02  2.500000e+01  1.013773e+01
     vertex  1.249133e+02  2.500000e+01  4.109235e+00
   endloop
 endfacet
 facet normal -4.975145e-12  1.000000e+00  8.320669e-12
   outer loop
     vertex  1.183987e+02  2.500000e+01  8.929372e+00
     vertex  1.249133e+02  2.500000e+01  4.109235e+00
     vertex  1.124733e+02  2.500000e+01  1.904001e+00
   endloop
 endfacet
 facet normal -2.057549e-13  1.000000e+00  1.279940e-11
   outer loop
     vertex  1.183987e+02  2.500000e+01  8.929372e+00
     vertex  1.238702e+02  2.500000e+01  1.662549e+01
     vertex  1.245691e+02  2.500000e+01  1.013773e+01
   endloop
 endfacet
 facet normal  6.492375e-12  1.000000e+00  1.665082e-11
   outer loop
     vertex  1.058610e+02  2.500000e+01  9.017949e+00
     vertex  1.124733e+02  2.500000e+01  1.904001e+00
     vertex  9.988324e+01  2.500000e+01  4.830003e+00
   endloop
 endfacet
 facet normal -8.761659e-12  1.000000e+00 -4.731839e-12
   outer loop
     vertex  1.058610e+02  2.500000e+01  9.017949e+00
     vertex  9.940366e+01  2.500000e+01  1.090473e+01
     vertex  9.883561e+01  2.500000e+01  1.521580e+01
   endloop
 endfacet
 facet normal  1.368417e-13  1.000000e+00  2.572251e-11
   outer loop
     vertex  1.058610e+02  2.500000e+01  9.017949e+00
     vertex  9.988324e+01  2.500000e+01  4.830003e+00
     vertex  9.940366e+01  2.500000e+01  1.090473e+01
   endloop
 endfacet
 facet normal  1.236942e-13  1.000000e+00 -4.292446e-13
   outer loop
     vertex  1.126503e+02  2.500000e+01  3.752195e+01
     vertex  1.170300e+02  2.500000e+01  4.386591e+01
     vertex  1.190118e+02  2.500000e+01  3.816328e+01
   endloop
 endfacet
 facet normal -2.092215e-13  1.000000e+00 -1.994085e-13
   outer loop
     vertex  1.126503e+02  2.500000e+01  3.752195e+01
     vertex  1.148942e+02  2.500000e+01  4.918906e+01
     vertex  1.170300e+02  2.500000e+01  4.386591e+01
   endloop
 endfacet
 facet normal -1.078880e-14  1.000000e+00  9.047271e-13
   outer loop
     vertex  1.126503e+02  2.500000e+01  3.752195e+01
     vertex  1.190118e+02  2.500000e+01  3.816328e+01
     vertex  1.209179e+02  2.500000e+01  3.160856e+01
   endloop
 endfacet
 facet normal  3.216285e-13  1.000000e+00 -2.919266e-14
   outer loop
     vertex  1.072332e+02  2.500000e+01  5.098065e+01
     vertex  1.126503e+02  2.500000e+01  3.752195e+01
     vertex  1.041634e+02  2.500000e+01  4.247188e+01
   endloop
 endfacet
 facet normal -1.361755e-13  1.000000e+00 -2.134571e-13
   outer loop
     vertex  1.072332e+02  2.500000e+01  5.098065e+01
     vertex  1.148942e+02  2.500000e+01  4.918906e+01
     vertex  1.126503e+02  2.500000e+01  3.752195e+01
   endloop
 endfacet
 facet normal -6.075758e-15  1.000000e+00  1.830130e-14
   outer loop
     vertex  1.072332e+02  2.500000e+01  5.098065e+01
     vertex  1.096684e+02  2.500000e+01  5.994228e+01
     vertex  1.126474e+02  2.500000e+01  5.413693e+01
   endloop
 endfacet
 facet normal -6.024578e-14  1.000000e+00  1.112222e-13
   outer loop
     vertex  1.072332e+02  2.500000e+01  5.098065e+01
     vertex  1.126474e+02  2.500000e+01  5.413693e+01
     vertex  1.148942e+02  2.500000e+01  4.918906e+01
   endloop
 endfacet
 facet normal  1.406421e-13  1.000000e+00 -3.395046e-13
   outer loop
     vertex  1.006919e+02  2.500000e+01  3.389708e+01
     vertex  1.041634e+02  2.500000e+01  4.247188e+01
     vertex  1.126503e+02  2.500000e+01  3.752195e+01
   endloop
 endfacet
 facet normal  8.270335e-14  1.000000e+00 -2.029739e-13
   outer loop
     vertex  1.006919e+02  2.500000e+01  3.389708e+01
     vertex  9.483040e+01  2.500000e+01  3.173631e+01
     vertex  9.152211e+01  2.500000e+01  4.029519e+01
   endloop
 endfacet
 facet normal -8.361905e-14  1.000000e+00  2.482068e-13
   outer loop
     vertex  1.006919e+02  2.500000e+01  3.389708e+01
     vertex  9.658735e+01  2.500000e+01  2.590144e+01
     vertex  9.483040e+01  2.500000e+01  3.173631e+01
   endloop
 endfacet
 facet normal -3.137338e-13  1.000000e+00  2.042406e-12
   outer loop
     vertex  9.004704e+01  2.500000e+01  2.611094e+01
     vertex  9.658735e+01  2.500000e+01  2.590144e+01
     vertex  9.772533e+01  2.500000e+01  2.120746e+01
   endloop
 endfacet
 facet normal -3.740061e-13  1.000000e+00  1.607679e-13
   outer loop
     vertex  9.004704e+01  2.500000e+01  2.611094e+01
     vertex  9.483040e+01  2.500000e+01  3.173631e+01
     vertex  9.658735e+01  2.500000e+01  2.590144e+01
   endloop
 endfacet
 facet normal -1.840497e-14  1.000000e+00  9.328441e-14
   outer loop
     vertex  9.551404e+01  2.500000e+01  4.652891e+01
     vertex  9.152211e+01  2.500000e+01  4.029519e+01
     vertex  8.889787e+01  2.500000e+01  4.579482e+01
   endloop
 endfacet
 facet normal  1.943513e-13  1.000000e+00 -4.295973e-14
   outer loop
     vertex  9.551404e+01  2.500000e+01  4.652891e+01
     vertex  1.006919e+02  2.500000e+01  3.389708e+01
     vertex  9.152211e+01  2.500000e+01  4.029519e+01
   endloop
 endfacet
 facet normal -3.218373e-15  1.000000e+00 -4.358752e-14
   outer loop
     vertex  9.551404e+01  2.500000e+01  4.652891e+01
     vertex  8.889787e+01  2.500000e+01  4.579482e+01
     vertex  8.682320e+01  2.500000e+01  4.961585e+01
   endloop
 endfacet
 facet normal -1.963067e-13  1.000000e+00 -2.030926e-13
   outer loop
     vertex  9.551404e+01  2.500000e+01  4.652891e+01
     vertex  1.041634e+02  2.500000e+01  4.247188e+01
     vertex  1.006919e+02  2.500000e+01  3.389708e+01
   endloop
 endfacet
 facet normal -9.256114e-16  1.000000e+00  1.438116e-15
   outer loop
     vertex  9.457935e+01  2.500000e+01  1.082150e+02
     vertex  9.166621e+01  2.500000e+01  1.186920e+02
     vertex  1.016288e+02  2.500000e+01  1.102818e+02
   endloop
 endfacet
 facet normal -6.667586e-16  1.000000e+00  5.552289e-16
   outer loop
     vertex  9.457935e+01  2.500000e+01  1.082150e+02
     vertex  1.016288e+02  2.500000e+01  1.102818e+02
     vertex  9.658613e+01  2.500000e+01  9.782756e+01
   endloop
 endfacet
 facet normal -6.777138e-16  1.000000e+00  1.507044e-15
   outer loop
     vertex  9.457935e+01  2.500000e+01  1.082150e+02
     vertex  8.060810e+01  2.500000e+01  1.113617e+02
     vertex  9.166621e+01  2.500000e+01  1.186920e+02
   endloop
 endfacet
 facet normal  2.075699e-15  1.000000e+00 -1.676549e-15
   outer loop
     vertex  9.310296e+01  2.500000e+01  7.368736e+01
     vertex  9.450759e+01  2.500000e+01  8.178359e+01
     vertex  9.797329e+01  2.500000e+01  7.759814e+01
   endloop
 endfacet
 facet normal -5.680670e-16  1.000000e+00  1.615889e-15
   outer loop
     vertex  9.310296e+01  2.500000e+01  7.368736e+01
     vertex  9.797329e+01  2.500000e+01  7.759814e+01
     vertex  1.018897e+02  2.500000e+01  7.237911e+01
   endloop
 endfacet
 facet normal -4.262282e-14  1.000000e+00  8.172848e-14
   outer loop
     vertex  8.586496e+01  2.500000e+01  3.764917e+01
     vertex  8.889787e+01  2.500000e+01  4.579482e+01
     vertex  9.152211e+01  2.500000e+01  4.029519e+01
   endloop
 endfacet
 facet normal  2.902704e-13  1.000000e+00 -1.435798e-13
   outer loop
     vertex  8.586496e+01  2.500000e+01  3.764917e+01
     vertex  9.004704e+01  2.500000e+01  2.611094e+01
     vertex  8.219746e+01  2.500000e+01  3.003676e+01
   endloop
 endfacet
 facet normal  7.547426e-14  1.000000e+00 -2.214336e-13
   outer loop
     vertex  8.586496e+01  2.500000e+01  3.764917e+01
     vertex  9.483040e+01  2.500000e+01  3.173631e+01
     vertex  9.004704e+01  2.500000e+01  2.611094e+01
   endloop
 endfacet
 facet normal  8.934079e-14  1.000000e+00 -2.004083e-13
   outer loop
     vertex  8.586496e+01  2.500000e+01  3.764917e+01
     vertex  9.152211e+01  2.500000e+01  4.029519e+01
     vertex  9.483040e+01  2.500000e+01  3.173631e+01
   endloop
 endfacet
 facet normal  2.229936e-13  1.000000e+00 -5.364289e-13
   outer loop
     vertex  7.804829e+01  2.500000e+01  2.266262e+01
     vertex  7.098859e+01  2.500000e+01  2.429770e+01
     vertex  8.219746e+01  2.500000e+01  3.003676e+01
   endloop
 endfacet
 facet normal  2.494199e-13  1.000000e+00 -4.223297e-13
   outer loop
     vertex  7.804829e+01  2.500000e+01  2.266262e+01
     vertex  7.233672e+01  2.500000e+01  1.992880e+01
     vertex  7.098859e+01  2.500000e+01  2.429770e+01
   endloop
 endfacet
 facet normal -1.043381e-12  1.000000e+00  2.278625e-12
   outer loop
     vertex  7.804829e+01  2.500000e+01  2.266262e+01
     vertex  7.331689e+01  2.500000e+01  1.594964e+01
     vertex  7.233672e+01  2.500000e+01  1.992880e+01
   endloop
 endfacet
 facet normal -1.475636e-15  1.000000e+00  1.232247e-15
   outer loop
     vertex  8.885519e+01  2.500000e+01  1.048993e+02
     vertex  8.224786e+01  2.500000e+01  9.410381e+01
     vertex  7.506991e+01  2.500000e+01  9.992368e+01
   endloop
 endfacet
 facet normal -6.908339e-16  1.000000e+00  7.519131e-16
   outer loop
     vertex  8.885519e+01  2.500000e+01  1.048993e+02
     vertex  9.658613e+01  2.500000e+01  9.782756e+01
     vertex  8.224786e+01  2.500000e+01  9.410381e+01
   endloop
 endfacet
 facet normal -1.113331e-15  1.000000e+00  2.284584e-16
   outer loop
     vertex  8.885519e+01  2.500000e+01  1.048993e+02
     vertex  7.506991e+01  2.500000e+01  9.992368e+01
     vertex  8.060810e+01  2.500000e+01  1.113617e+02
   endloop
 endfacet
 facet normal -9.145350e-16  1.000000e+00  5.073600e-16
   outer loop
     vertex  8.885519e+01  2.500000e+01  1.048993e+02
     vertex  9.457935e+01  2.500000e+01  1.082150e+02
     vertex  9.658613e+01  2.500000e+01  9.782756e+01
   endloop
 endfacet
 facet normal -9.061401e-16  1.000000e+00  4.928669e-16
   outer loop
     vertex  8.885519e+01  2.500000e+01  1.048993e+02
     vertex  8.060810e+01  2.500000e+01  1.113617e+02
     vertex  9.457935e+01  2.500000e+01  1.082150e+02
   endloop
 endfacet
 facet normal  6.580968e-16  1.000000e+00 -9.647483e-16
   outer loop
     vertex  8.452893e+01  2.500000e+01  6.436404e+01
     vertex  8.117831e+01  2.500000e+01  5.839591e+01
     vertex  7.747080e+01  2.500000e+01  6.323191e+01
   endloop
 endfacet
 facet normal -1.000634e-14  1.000000e+00  5.022468e-15
   outer loop
     vertex  8.452893e+01  2.500000e+01  6.436404e+01
     vertex  8.363998e+01  2.500000e+01  5.481197e+01
     vertex  8.117831e+01  2.500000e+01  5.839591e+01
   endloop
 endfacet
 facet normal -8.266202e-16  1.000000e+00 -7.473711e-16
   outer loop
     vertex  8.382787e+01  2.500000e+01  8.408853e+01
     vertex  9.086321e+01  2.500000e+01  8.581441e+01
     vertex  9.450759e+01  2.500000e+01  8.178359e+01
   endloop
 endfacet
 facet normal -1.357352e-15  1.000000e+00  1.416092e-15
   outer loop
     vertex  8.382787e+01  2.500000e+01  8.408853e+01
     vertex  8.704709e+01  2.500000e+01  8.968303e+01
     vertex  9.086321e+01  2.500000e+01  8.581441e+01
   endloop
 endfacet
 facet normal -9.151701e-16  1.000000e+00 -1.157659e-15
   outer loop
     vertex  8.382787e+01  2.500000e+01  8.408853e+01
     vertex  9.450759e+01  2.500000e+01  8.178359e+01
     vertex  9.310296e+01  2.500000e+01  7.368736e+01
   endloop
 endfacet
 facet normal  1.730242e-15  1.000000e+00  1.201349e-15
   outer loop
     vertex  8.382787e+01  2.500000e+01  8.408853e+01
     vertex  9.310296e+01  2.500000e+01  7.368736e+01
     vertex  8.448329e+01  2.500000e+01  7.427276e+01
   endloop
 endfacet
 facet normal -3.719947e-14  1.000000e+00 -2.825002e-14
   outer loop
     vertex  7.421153e+01  2.500000e+01  3.313277e+01
     vertex  8.219746e+01  2.500000e+01  3.003676e+01
     vertex  7.098859e+01  2.500000e+01  2.429770e+01
   endloop
 endfacet
 facet normal  3.509678e-13  1.000000e+00 -1.698494e-13
   outer loop
     vertex  7.421153e+01  2.500000e+01  3.313277e+01
     vertex  7.098859e+01  2.500000e+01  2.429770e+01
     vertex  6.979905e+01  2.500000e+01  2.752907e+01
   endloop
 endfacet
 facet normal -7.716971e-14  1.000000e+00  1.672765e-13
   outer loop
     vertex  7.421153e+01  2.500000e+01  3.313277e+01
     vertex  6.979905e+01  2.500000e+01  2.752907e+01
     vertex  6.799272e+01  2.500000e+01  3.172930e+01
   endloop
 endfacet
 facet normal -2.333622e-14  1.000000e+00  7.509294e-15
   outer loop
     vertex  7.421153e+01  2.500000e+01  3.313277e+01
     vertex  8.586496e+01  2.500000e+01  3.764917e+01
     vertex  8.219746e+01  2.500000e+01  3.003676e+01
   endloop
 endfacet
 facet normal -3.337408e-14  1.000000e+00 -2.678381e-14
   outer loop
     vertex  7.421153e+01  2.500000e+01  3.313277e+01
     vertex  6.799272e+01  2.500000e+01  3.172930e+01
     vertex  6.624408e+01  2.500000e+01  3.523464e+01
   endloop
 endfacet
 facet normal -8.883675e-16  1.000000e+00  7.587362e-16
   outer loop
     vertex  7.575776e+01  2.500000e+01  7.448916e+01
     vertex  7.168599e+01  2.500000e+01  6.972172e+01
     vertex  6.730626e+01  2.500000e+01  7.395853e+01
   endloop
 endfacet
 facet normal  5.407725e-16  1.000000e+00 -2.333030e-16
   outer loop
     vertex  7.575776e+01  2.500000e+01  7.448916e+01
     vertex  8.452893e+01  2.500000e+01  6.436404e+01
     vertex  7.747080e+01  2.500000e+01  6.323191e+01
   endloop
 endfacet
 facet normal  3.136329e-16  1.000000e+00 -2.678673e-16
   outer loop
     vertex  7.575776e+01  2.500000e+01  7.448916e+01
     vertex  7.747080e+01  2.500000e+01  6.323191e+01
     vertex  7.168599e+01  2.500000e+01  6.972172e+01
   endloop
 endfacet
 facet normal -1.266094e-15  1.000000e+00 -1.798553e-15
   outer loop
     vertex  7.575776e+01  2.500000e+01  7.448916e+01
     vertex  8.448329e+01  2.500000e+01  7.427276e+01
     vertex  8.452893e+01  2.500000e+01  6.436404e+01
   endloop
 endfacet
 facet normal  8.881821e-16  1.000000e+00  1.054888e-16
   outer loop
     vertex  7.297573e+01  2.500000e+01  5.886250e+01
     vertex  6.500838e+01  2.500000e+01  5.858786e+01
     vertex  7.168599e+01  2.500000e+01  6.972172e+01
   endloop
 endfacet
 facet normal  1.271225e-15  1.000000e+00 -4.946953e-16
   outer loop
     vertex  7.297573e+01  2.500000e+01  5.886250e+01
     vertex  7.747080e+01  2.500000e+01  6.323191e+01
     vertex  8.117831e+01  2.500000e+01  5.839591e+01
   endloop
 endfacet
 facet normal  7.085562e-16  1.000000e+00  8.415474e-17
   outer loop
     vertex  7.297573e+01  2.500000e+01  5.886250e+01
     vertex  7.168599e+01  2.500000e+01  6.972172e+01
     vertex  7.747080e+01  2.500000e+01  6.323191e+01
   endloop
 endfacet
 facet normal -5.456182e-15  1.000000e+00  3.941886e-15
   outer loop
     vertex  6.434379e+01  2.500000e+01  4.964884e+01
     vertex  6.275083e+01  2.500000e+01  4.113504e+01
     vertex  6.051845e+01  2.500000e+01  4.435397e+01
   endloop
 endfacet
 facet normal  1.589152e-15  1.000000e+00  4.265084e-15
   outer loop
     vertex  6.434379e+01  2.500000e+01  4.964884e+01
     vertex  5.770457e+01  2.500000e+01  4.795770e+01
     vertex  5.556536e+01  2.500000e+01  5.042072e+01
   endloop
 endfacet
 facet normal  3.278966e-15  1.000000e+00 -2.368929e-15
   outer loop
     vertex  6.434379e+01  2.500000e+01  4.964884e+01
     vertex  6.051845e+01  2.500000e+01  4.435397e+01
     vertex  5.770457e+01  2.500000e+01  4.795770e+01
   endloop
 endfacet
 facet normal  1.067366e-15  1.000000e+00 -1.669111e-15
   outer loop
     vertex  6.434379e+01  2.500000e+01  4.964884e+01
     vertex  5.556536e+01  2.500000e+01  5.042072e+01
     vertex  6.500838e+01  2.500000e+01  5.858786e+01
   endloop
 endfacet
 facet normal -2.565383e-15  1.000000e+00  5.066072e-16
   outer loop
     vertex  5.668232e+01  2.500000e+01  7.468176e+01
     vertex  5.923029e+01  2.500000e+01  8.057153e+01
     vertex  6.402779e+01  2.500000e+01  7.681433e+01
   endloop
 endfacet
 facet normal  1.345410e-14  1.000000e+00 -6.423568e-15
   outer loop
     vertex  5.668232e+01  2.500000e+01  7.468176e+01
     vertex  5.526992e+01  2.500000e+01  8.333807e+01
     vertex  5.923029e+01  2.500000e+01  8.057153e+01
   endloop
 endfacet
 facet normal -2.847336e-15  1.000000e+00  1.477771e-15
   outer loop
     vertex  5.668232e+01  2.500000e+01  7.468176e+01
     vertex  6.402779e+01  2.500000e+01  7.681433e+01
     vertex  5.726092e+01  2.500000e+01  6.618018e+01
   endloop
 endfacet
 facet normal  1.744911e-14  1.000000e+00 -1.440217e-14
   outer loop
     vertex  4.877360e+01  2.500000e+01  6.500975e+01
     vertex  4.416343e+01  2.500000e+01  6.065765e+01
     vertex  4.078539e+01  2.500000e+01  6.297860e+01
   endloop
 endfacet
 facet normal -1.350211e-15  1.000000e+00  6.848283e-16
   outer loop
     vertex  4.877360e+01  2.500000e+01  6.500975e+01
     vertex  5.726092e+01  2.500000e+01  6.618018e+01
     vertex  4.777598e+01  2.500000e+01  5.785511e+01
   endloop
 endfacet
 facet normal  3.897379e-15  1.000000e+00 -4.687265e-17
   outer loop
     vertex  4.877360e+01  2.500000e+01  6.500975e+01
     vertex  4.777598e+01  2.500000e+01  5.785511e+01
     vertex  4.416343e+01  2.500000e+01  6.065765e+01
   endloop
 endfacet
 facet normal -1.472464e-15  1.000000e+00  1.571342e-15
   outer loop
     vertex  4.877360e+01  2.500000e+01  6.500975e+01
     vertex  5.668232e+01  2.500000e+01  7.468176e+01
     vertex  5.726092e+01  2.500000e+01  6.618018e+01
   endloop
 endfacet
 facet normal -6.742785e-16  1.000000e+00  7.005245e-16
   outer loop
     vertex  4.519937e+01  2.500000e+01  5.186066e+01
     vertex  5.239116e+01  2.500000e+01  5.371149e+01
     vertex  4.595472e+01  2.500000e+01  4.244469e+01
   endloop
 endfacet
 facet normal -1.872064e-15  1.000000e+00 -6.243114e-16
   outer loop
     vertex  4.519937e+01  2.500000e+01  5.186066e+01
     vertex  3.844610e+01  2.500000e+01  4.934862e+01
     vertex  4.416343e+01  2.500000e+01  6.065765e+01
   endloop
 endfacet
 facet normal -1.069925e-15  1.000000e+00  2.237890e-15
   outer loop
     vertex  4.519937e+01  2.500000e+01  5.186066e+01
     vertex  4.777598e+01  2.500000e+01  5.785511e+01
     vertex  5.239116e+01  2.500000e+01  5.371149e+01
   endloop
 endfacet
 facet normal -2.315883e-15  1.000000e+00  5.688355e-16
   outer loop
     vertex  4.519937e+01  2.500000e+01  5.186066e+01
     vertex  4.595472e+01  2.500000e+01  4.244469e+01
     vertex  3.844610e+01  2.500000e+01  4.934862e+01
   endloop
 endfacet
 facet normal  3.984444e-15  1.000000e+00  6.535580e-17
   outer loop
     vertex  4.519937e+01  2.500000e+01  5.186066e+01
     vertex  4.416343e+01  2.500000e+01  6.065765e+01
     vertex  4.777598e+01  2.500000e+01  5.785511e+01
   endloop
 endfacet
 facet normal  3.751693e-11  1.000000e+00 -7.022381e-12
   outer loop
     vertex  9.214353e+00  2.500000e+01  1.183773e+02
     vertex  2.630959e+00  2.500000e+01  1.124666e+02
     vertex  5.147235e+00  2.500000e+01  1.248868e+02
   endloop
 endfacet
 facet normal  2.029060e-11  1.000000e+00 -1.778528e-11
   outer loop
     vertex  9.214353e+00  2.500000e+01  1.183773e+02
     vertex  5.147235e+00  2.500000e+01  1.248868e+02
     vertex  1.686484e+01  2.500000e+01  1.238346e+02
   endloop
 endfacet
 facet normal  8.443816e-14  1.000000e+00 -2.315025e-13
   outer loop
     vertex  2.912318e+01  2.500000e+01  8.911866e+01
     vertex  2.655838e+01  2.500000e+01  9.640881e+01
     vertex  3.180399e+01  2.500000e+01  9.480778e+01
   endloop
 endfacet
 facet normal -7.948620e-13  1.000000e+00  1.828378e-13
   outer loop
     vertex  2.912318e+01  2.500000e+01  8.911866e+01
     vertex  3.180399e+01  2.500000e+01  9.480778e+01
     vertex  3.633798e+01  2.500000e+01  9.316407e+01
   endloop
 endfacet
 facet normal  3.136235e-13  1.000000e+00 -5.565529e-13
   outer loop
     vertex  2.658530e+01  2.500000e+01  7.680121e+01
     vertex  2.199331e+01  2.500000e+01  7.173681e+01
     vertex  2.251459e+01  2.500000e+01  8.456760e+01
   endloop
 endfacet
 facet normal -6.699552e-13  1.000000e+00  3.352760e-13
   outer loop
     vertex  2.658530e+01  2.500000e+01  7.680121e+01
     vertex  2.589118e+01  2.500000e+01  7.042331e+01
     vertex  2.199331e+01  2.500000e+01  7.173681e+01
   endloop
 endfacet
 facet normal -4.816764e-13  1.000000e+00  3.147853e-13
   outer loop
     vertex  2.658530e+01  2.500000e+01  7.680121e+01
     vertex  2.969364e+01  2.500000e+01  6.890574e+01
     vertex  2.589118e+01  2.500000e+01  7.042331e+01
   endloop
 endfacet
 facet normal  1.102283e-12  1.000000e+00 -1.431813e-13
   outer loop
     vertex  2.658530e+01  2.500000e+01  7.680121e+01
     vertex  2.251459e+01  2.500000e+01  8.456760e+01
     vertex  2.912318e+01  2.500000e+01  8.911866e+01
   endloop
 endfacet
 facet normal  1.664571e-12  1.000000e+00  3.244153e-13
   outer loop
     vertex  1.806973e+01  2.500000e+01  9.199802e+01
     vertex  2.655838e+01  2.500000e+01  9.640881e+01
     vertex  2.912318e+01  2.500000e+01  8.911866e+01
   endloop
 endfacet
 facet normal -2.380743e-12  1.000000e+00  1.688477e-12
   outer loop
     vertex  1.806973e+01  2.500000e+01  9.199802e+01
     vertex  1.747671e+01  2.500000e+01  9.846097e+01
     vertex  2.231333e+01  2.500000e+01  9.747859e+01
   endloop
 endfacet
 facet normal  3.201855e-12  1.000000e+00 -2.634121e-12
   outer loop
     vertex  1.806973e+01  2.500000e+01  9.199802e+01
     vertex  2.231333e+01  2.500000e+01  9.747859e+01
     vertex  2.655838e+01  2.500000e+01  9.640881e+01
   endloop
 endfacet
 facet normal -1.359353e-11  1.000000e+00  6.596265e-13
   outer loop
     vertex  1.806973e+01  2.500000e+01  9.199802e+01
     vertex  1.278424e+01  2.500000e+01  9.917991e+01
     vertex  1.747671e+01  2.500000e+01  9.846097e+01
   endloop
 endfacet
 facet normal  1.401436e-11  1.000000e+00  2.097759e-11
   outer loop
     vertex  1.806973e+01  2.500000e+01  9.199802e+01
     vertex  9.270303e+00  2.500000e+01  9.956950e+01
     vertex  1.278424e+01  2.500000e+01  9.917991e+01
   endloop
 endfacet
 facet normal  1.421875e-12  1.000000e+00 -6.072595e-13
   outer loop
     vertex  1.806973e+01  2.500000e+01  9.199802e+01
     vertex  2.912318e+01  2.500000e+01  8.911866e+01
     vertex  2.251459e+01  2.500000e+01  8.456760e+01
   endloop
 endfacet
 facet normal  4.452181e-12  1.000000e+00  1.577738e-12
   outer loop
     vertex  1.583167e+01  2.500000e+01  7.971401e+01
     vertex  2.199331e+01  2.500000e+01  7.173681e+01
     vertex  1.661594e+01  2.500000e+01  7.316622e+01
   endloop
 endfacet
 facet normal  1.620281e-12  1.000000e+00 -6.096386e-13
   outer loop
     vertex  1.583167e+01  2.500000e+01  7.971401e+01
     vertex  2.251459e+01  2.500000e+01  8.456760e+01
     vertex  2.199331e+01  2.500000e+01  7.173681e+01
   endloop
 endfacet
 facet normal  1.558985e-12  1.000000e+00 -5.252405e-13
   outer loop
     vertex  1.583167e+01  2.500000e+01  7.971401e+01
     vertex  1.806973e+01  2.500000e+01  9.199802e+01
     vertex  2.251459e+01  2.500000e+01  8.456760e+01
   endloop
 endfacet
 facet normal -1.088090e-11  1.000000e+00 -2.588033e-13
   outer loop
     vertex  1.583167e+01  2.500000e+01  7.971401e+01
     vertex  1.661594e+01  2.500000e+01  7.316622e+01
     vertex  1.301022e+01  2.500000e+01  7.389756e+01
   endloop
 endfacet
 facet normal -1.090014e-10  1.000000e+00  4.511551e-12
   outer loop
     vertex  6.622065e-01  2.500000e+01  8.125079e+01
     vertex  2.180969e+00  2.500000e+01  1.499524e+02
     vertex  2.630959e+00  2.500000e+01  1.124666e+02
   endloop
 endfacet
 facet normal -5.980178e-11  1.000000e+00  8.211775e-13
   outer loop
     vertex  6.622065e-01  2.500000e+01  8.125079e+01
     vertex  1.637910e+00  2.500000e+01  6.247754e+01
     vertex -2.180969e+00  2.500000e+01  5.004759e+01
   endloop
 endfacet
 facet normal -9.751633e-11  1.000000e+00  4.257655e-12
   outer loop
     vertex  6.622065e-01  2.500000e+01  8.125079e+01
     vertex -2.180969e+00  2.500000e+01  5.004759e+01
     vertex  2.180969e+00  2.500000e+01  1.499524e+02
   endloop
 endfacet
 facet normal -1.266795e-11  1.000000e+00  3.270868e-12
   outer loop
     vertex  6.622065e-01  2.500000e+01  8.125079e+01
     vertex  4.275201e+00  2.500000e+01  7.488791e+01
     vertex  1.637910e+00  2.500000e+01  6.247754e+01
   endloop
 endfacet
 facet normal  2.811927e-11  1.000000e+00 -4.136521e-12
   outer loop
     vertex  6.622065e-01  2.500000e+01  8.125079e+01
     vertex  2.630959e+00  2.500000e+01  1.124666e+02
     vertex  9.270303e+00  2.500000e+01  9.956950e+01
   endloop
 endfacet
 facet normal  2.043209e-11  1.000000e+00  5.910013e-12
   outer loop
     vertex  4.065889e+00  2.500000e+01  5.613221e+01
     vertex  1.637910e+00  2.500000e+01  6.247754e+01
     vertex  1.256944e+01  2.500000e+01  6.128094e+01
   endloop
 endfacet
 facet normal -2.304731e-12  1.000000e+00  1.429166e-11
   outer loop
     vertex  1.146186e+02  2.500000e+01  1.512409e+01
     vertex  1.238702e+02  2.500000e+01  1.662549e+01
     vertex  1.183987e+02  2.500000e+01  8.929372e+00
   endloop
 endfacet
 facet normal -7.961758e-12  1.000000e+00  1.083968e-11
   outer loop
     vertex  1.146186e+02  2.500000e+01  1.512409e+01
     vertex  1.183987e+02  2.500000e+01  8.929372e+00
     vertex  1.124733e+02  2.500000e+01  1.904001e+00
   endloop
 endfacet
 facet normal -9.787990e-13  1.000000e+00  9.706492e-12
   outer loop
     vertex  1.146186e+02  2.500000e+01  1.512409e+01
     vertex  1.124733e+02  2.500000e+01  1.904001e+00
     vertex  1.058610e+02  2.500000e+01  9.017949e+00
   endloop
 endfacet
 facet normal  7.404058e-13  1.000000e+00 -4.472458e-12
   outer loop
     vertex  1.143749e+02  2.500000e+01  1.686865e+01
     vertex  1.238702e+02  2.500000e+01  1.662549e+01
     vertex  1.146186e+02  2.500000e+01  1.512409e+01
   endloop
 endfacet
 facet normal  7.024739e-13  1.000000e+00 -5.953664e-12
   outer loop
     vertex  1.143749e+02  2.500000e+01  1.686865e+01
     vertex  1.230304e+02  2.500000e+01  2.199480e+01
     vertex  1.238702e+02  2.500000e+01  1.662549e+01
   endloop
 endfacet
 facet normal  1.087356e-13  1.000000e+00  5.322902e-12
   outer loop
     vertex  1.143749e+02  2.500000e+01  1.686865e+01
     vertex  1.058610e+02  2.500000e+01  9.017949e+00
     vertex  9.883561e+01  2.500000e+01  1.521580e+01
   endloop
 endfacet
 facet normal  8.182351e-12  1.000000e+00 -3.432737e-12
   outer loop
     vertex  1.143749e+02  2.500000e+01  1.686865e+01
     vertex  1.146186e+02  2.500000e+01  1.512409e+01
     vertex  1.058610e+02  2.500000e+01  9.017949e+00
   endloop
 endfacet
 facet normal -4.806397e-12  1.000000e+00 -7.618313e-14
   outer loop
     vertex  1.143749e+02  2.500000e+01  1.686865e+01
     vertex  1.209179e+02  2.500000e+01  3.160856e+01
     vertex  1.223031e+02  2.500000e+01  2.573311e+01
   endloop
 endfacet
 facet normal -4.943924e-13  1.000000e+00 -3.932760e-12
   outer loop
     vertex  1.143749e+02  2.500000e+01  1.686865e+01
     vertex  1.223031e+02  2.500000e+01  2.573311e+01
     vertex  1.230304e+02  2.500000e+01  2.199480e+01
   endloop
 endfacet
 facet normal -3.219589e-13  1.000000e+00  4.696764e-13
   outer loop
     vertex  1.054654e+02  2.500000e+01  2.895084e+01
     vertex  1.126503e+02  2.500000e+01  3.752195e+01
     vertex  1.209179e+02  2.500000e+01  3.160856e+01
   endloop
 endfacet
 facet normal -3.060754e-14  1.000000e+00  2.254457e-13
   outer loop
     vertex  1.054654e+02  2.500000e+01  2.895084e+01
     vertex  1.006919e+02  2.500000e+01  3.389708e+01
     vertex  1.126503e+02  2.500000e+01  3.752195e+01
   endloop
 endfacet
 facet normal -3.361904e-14  1.000000e+00  2.225394e-13
   outer loop
     vertex  1.054654e+02  2.500000e+01  2.895084e+01
     vertex  9.658735e+01  2.500000e+01  2.590144e+01
     vertex  1.006919e+02  2.500000e+01  3.389708e+01
   endloop
 endfacet
 facet normal -6.321822e-13  1.000000e+00  1.965203e-12
   outer loop
     vertex  1.054654e+02  2.500000e+01  2.895084e+01
     vertex  9.772533e+01  2.500000e+01  2.120746e+01
     vertex  9.658735e+01  2.500000e+01  2.590144e+01
   endloop
 endfacet
 facet normal  5.165194e-12  1.000000e+00 -3.829702e-12
   outer loop
     vertex  1.054654e+02  2.500000e+01  2.895084e+01
     vertex  9.883561e+01  2.500000e+01  1.521580e+01
     vertex  9.772533e+01  2.500000e+01  2.120746e+01
   endloop
 endfacet
 facet normal  8.612884e-13  1.000000e+00 -1.752237e-12
   outer loop
     vertex  1.054654e+02  2.500000e+01  2.895084e+01
     vertex  1.143749e+02  2.500000e+01  1.686865e+01
     vertex  9.883561e+01  2.500000e+01  1.521580e+01
   endloop
 endfacet
 facet normal  1.503602e-13  1.000000e+00 -2.276479e-12
   outer loop
     vertex  1.054654e+02  2.500000e+01  2.895084e+01
     vertex  1.209179e+02  2.500000e+01  3.160856e+01
     vertex  1.143749e+02  2.500000e+01  1.686865e+01
   endloop
 endfacet
 facet normal -1.020226e-14  1.000000e+00  1.942261e-14
   outer loop
     vertex  1.015283e+02  2.500000e+01  5.530065e+01
     vertex  1.096684e+02  2.500000e+01  5.994228e+01
     vertex  1.072332e+02  2.500000e+01  5.098065e+01
   endloop
 endfacet
 facet normal  3.208804e-14  1.000000e+00  7.527040e-14
   outer loop
     vertex  1.015283e+02  2.500000e+01  5.530065e+01
     vertex  1.072332e+02  2.500000e+01  5.098065e+01
     vertex  1.041634e+02  2.500000e+01  4.247188e+01
   endloop
 endfacet
 facet normal  1.587834e-14  1.000000e+00 -2.631520e-14
   outer loop
     vertex  1.015283e+02  2.500000e+01  5.530065e+01
     vertex  1.069591e+02  2.500000e+01  6.465281e+01
     vertex  1.096684e+02  2.500000e+01  5.994228e+01
   endloop
 endfacet
 facet normal -7.616841e-14  1.000000e+00  5.303446e-14
   outer loop
     vertex  1.015283e+02  2.500000e+01  5.530065e+01
     vertex  1.041634e+02  2.500000e+01  4.247188e+01
     vertex  9.551404e+01  2.500000e+01  4.652891e+01
   endloop
 endfacet
 facet normal  5.638933e-13  1.000000e+00  4.035218e-13
   outer loop
     vertex  8.209994e+01  2.500000e+01  1.953748e+01
     vertex  8.219746e+01  2.500000e+01  3.003676e+01
     vertex  9.004704e+01  2.500000e+01  2.611094e+01
   endloop
 endfacet
 facet normal  1.561378e-14  1.000000e+00  8.084067e-13
   outer loop
     vertex  8.209994e+01  2.500000e+01  1.953748e+01
     vertex  7.376881e+01  2.500000e+01  1.370840e+01
     vertex  7.331689e+01  2.500000e+01  1.594964e+01
   endloop
 endfacet
 facet normal -1.481301e-12  1.000000e+00  4.225173e-13
   outer loop
     vertex  8.209994e+01  2.500000e+01  1.953748e+01
     vertex  7.804829e+01  2.500000e+01  2.266262e+01
     vertex  8.219746e+01  2.500000e+01  3.003676e+01
   endloop
 endfacet
 facet normal -3.996154e-13  1.000000e+00  1.824890e-12
   outer loop
     vertex  8.209994e+01  2.500000e+01  1.953748e+01
     vertex  7.331689e+01  2.500000e+01  1.594964e+01
     vertex  7.804829e+01  2.500000e+01  2.266262e+01
   endloop
 endfacet
 facet normal -2.639227e-16  1.000000e+00 -1.694140e-14
   outer loop
     vertex  9.558240e+01  2.500000e+01  6.503975e+01
     vertex  1.069591e+02  2.500000e+01  6.465281e+01
     vertex  1.015283e+02  2.500000e+01  5.530065e+01
   endloop
 endfacet
 facet normal  1.317447e-17  1.000000e+00 -8.794231e-15
   outer loop
     vertex  9.558240e+01  2.500000e+01  6.503975e+01
     vertex  1.049396e+02  2.500000e+01  6.788165e+01
     vertex  1.069591e+02  2.500000e+01  6.465281e+01
   endloop
 endfacet
 facet normal -4.392175e-15  1.000000e+00  5.710784e-15
   outer loop
     vertex  9.558240e+01  2.500000e+01  6.503975e+01
     vertex  1.018897e+02  2.500000e+01  7.237911e+01
     vertex  1.049396e+02  2.500000e+01  6.788165e+01
   endloop
 endfacet
 facet normal -5.075897e-15  1.000000e+00  6.298359e-15
   outer loop
     vertex  9.458037e+01  2.500000e+01  6.648849e+01
     vertex  1.018897e+02  2.500000e+01  7.237911e+01
     vertex  9.558240e+01  2.500000e+01  6.503975e+01
   endloop
 endfacet
 facet normal -6.825557e-16  1.000000e+00  8.469400e-16
   outer loop
     vertex  9.458037e+01  2.500000e+01  6.648849e+01
     vertex  9.310296e+01  2.500000e+01  7.368736e+01
     vertex  1.018897e+02  2.500000e+01  7.237911e+01
   endloop
 endfacet
 facet normal  1.739936e-15  1.000000e+00  1.344103e-15
   outer loop
     vertex  9.458037e+01  2.500000e+01  6.648849e+01
     vertex  8.448329e+01  2.500000e+01  7.427276e+01
     vertex  9.310296e+01  2.500000e+01  7.368736e+01
   endloop
 endfacet
 facet normal -2.733928e-15  1.000000e+00  7.918193e-15
   outer loop
     vertex  9.458037e+01  2.500000e+01  6.648849e+01
     vertex  9.558240e+01  2.500000e+01  6.503975e+01
     vertex  8.452893e+01  2.500000e+01  6.436404e+01
   endloop
 endfacet
 facet normal -6.807913e-16  1.000000e+00 -1.795857e-15
   outer loop
     vertex  9.458037e+01  2.500000e+01  6.648849e+01
     vertex  8.452893e+01  2.500000e+01  6.436404e+01
     vertex  8.448329e+01  2.500000e+01  7.427276e+01
   endloop
 endfacet
 facet normal  1.611129e-14  1.000000e+00 -6.943991e-15
   outer loop
     vertex  9.046209e+01  2.500000e+01  5.571786e+01
     vertex  9.558240e+01  2.500000e+01  6.503975e+01
     vertex  1.015283e+02  2.500000e+01  5.530065e+01
   endloop
 endfacet
 facet normal  6.877626e-15  1.000000e+00 -1.516360e-14
   outer loop
     vertex  9.046209e+01  2.500000e+01  5.571786e+01
     vertex  9.551404e+01  2.500000e+01  4.652891e+01
     vertex  8.682320e+01  2.500000e+01  4.961585e+01
   endloop
 endfacet
 facet normal  1.599028e-14  1.000000e+00 -1.015360e-14
   outer loop
     vertex  9.046209e+01  2.500000e+01  5.571786e+01
     vertex  1.015283e+02  2.500000e+01  5.530065e+01
     vertex  9.551404e+01  2.500000e+01  4.652891e+01
   endloop
 endfacet
 facet normal -1.077344e-15  1.000000e+00  4.191504e-15
   outer loop
     vertex  9.046209e+01  2.500000e+01  5.571786e+01
     vertex  8.363998e+01  2.500000e+01  5.481197e+01
     vertex  8.452893e+01  2.500000e+01  6.436404e+01
   endloop
 endfacet
 facet normal -2.448589e-15  1.000000e+00  3.250530e-15
   outer loop
     vertex  9.046209e+01  2.500000e+01  5.571786e+01
     vertex  8.452893e+01  2.500000e+01  6.436404e+01
     vertex  9.558240e+01  2.500000e+01  6.503975e+01
   endloop
 endfacet
 facet normal  1.029696e-15  1.000000e+00 -1.167623e-14
   outer loop
     vertex  9.046209e+01  2.500000e+01  5.571786e+01
     vertex  8.682320e+01  2.500000e+01  4.961585e+01
     vertex  8.363998e+01  2.500000e+01  5.481197e+01
   endloop
 endfacet
 facet normal -5.048942e-14  1.000000e+00  8.465750e-14
   outer loop
     vertex  8.080473e+01  2.500000e+01  4.105203e+01
     vertex  8.889787e+01  2.500000e+01  4.579482e+01
     vertex  8.586496e+01  2.500000e+01  3.764917e+01
   endloop
 endfacet
 facet normal -5.223170e-14  1.000000e+00  8.206664e-14
   outer loop
     vertex  8.080473e+01  2.500000e+01  4.105203e+01
     vertex  8.586496e+01  2.500000e+01  3.764917e+01
     vertex  7.421153e+01  2.500000e+01  3.313277e+01
   endloop
 endfacet
 facet normal  1.700717e-14  1.000000e+00 -2.607909e-14
   outer loop
     vertex  8.080473e+01  2.500000e+01  4.105203e+01
     vertex  6.624408e+01  2.500000e+01  3.523464e+01
     vertex  6.397501e+01  2.500000e+01  3.920403e+01
   endloop
 endfacet
 facet normal  1.793474e-14  1.000000e+00 -3.210218e-14
   outer loop
     vertex  8.080473e+01  2.500000e+01  4.105203e+01
     vertex  8.682320e+01  2.500000e+01  4.961585e+01
     vertex  8.889787e+01  2.500000e+01  4.579482e+01
   endloop
 endfacet
 facet normal -1.322555e-14  1.000000e+00  4.959200e-14
   outer loop
     vertex  8.080473e+01  2.500000e+01  4.105203e+01
     vertex  7.421153e+01  2.500000e+01  3.313277e+01
     vertex  6.624408e+01  2.500000e+01  3.523464e+01
   endloop
 endfacet
 facet normal -1.968984e-15  1.000000e+00  6.237756e-16
   outer loop
     vertex  7.980535e+01  2.500000e+01  9.208938e+01
     vertex  7.506991e+01  2.500000e+01  9.992368e+01
     vertex  8.224786e+01  2.500000e+01  9.410381e+01
   endloop
 endfacet
 facet normal -6.465380e-16  1.000000e+00  1.007071e-15
   outer loop
     vertex  7.980535e+01  2.500000e+01  9.208938e+01
     vertex  8.704709e+01  2.500000e+01  8.968303e+01
     vertex  8.382787e+01  2.500000e+01  8.408853e+01
   endloop
 endfacet
 facet normal -1.117123e-15  1.000000e+00 -4.091148e-16
   outer loop
     vertex  7.980535e+01  2.500000e+01  9.208938e+01
     vertex  8.224786e+01  2.500000e+01  9.410381e+01
     vertex  8.704709e+01  2.500000e+01  8.968303e+01
   endloop
 endfacet
 facet normal -5.355452e-15  1.000000e+00  7.643816e-15
   outer loop
     vertex  7.380922e+01  2.500000e+01  5.260108e+01
     vertex  6.397501e+01  2.500000e+01  3.920403e+01
     vertex  6.275083e+01  2.500000e+01  4.113504e+01
   endloop
 endfacet
 facet normal -2.441111e-15  1.000000e+00 -1.778246e-14
   outer loop
     vertex  7.380922e+01  2.500000e+01  5.260108e+01
     vertex  8.682320e+01  2.500000e+01  4.961585e+01
     vertex  8.080473e+01  2.500000e+01  4.105203e+01
   endloop
 endfacet
 facet normal  1.494010e-14  1.000000e+00 -7.254289e-15
   outer loop
     vertex  7.380922e+01  2.500000e+01  5.260108e+01
     vertex  8.080473e+01  2.500000e+01  4.105203e+01
     vertex  6.397501e+01  2.500000e+01  3.920403e+01
   endloop
 endfacet
 facet normal -5.689244e-16  1.000000e+00  3.027468e-15
   outer loop
     vertex  7.380922e+01  2.500000e+01  5.260108e+01
     vertex  6.275083e+01  2.500000e+01  4.113504e+01
     vertex  6.434379e+01  2.500000e+01  4.964884e+01
   endloop
 endfacet
 facet normal -6.073662e-15  1.000000e+00  7.723677e-15
   outer loop
     vertex  7.380922e+01  2.500000e+01  5.260108e+01
     vertex  8.117831e+01  2.500000e+01  5.839591e+01
     vertex  8.363998e+01  2.500000e+01  5.481197e+01
   endloop
 endfacet
 facet normal  9.461528e-16  1.000000e+00 -1.576246e-15
   outer loop
     vertex  7.380922e+01  2.500000e+01  5.260108e+01
     vertex  6.500838e+01  2.500000e+01  5.858786e+01
     vertex  7.297573e+01  2.500000e+01  5.886250e+01
   endloop
 endfacet
 facet normal  1.211713e-15  1.000000e+00 -1.540896e-15
   outer loop
     vertex  7.380922e+01  2.500000e+01  5.260108e+01
     vertex  7.297573e+01  2.500000e+01  5.886250e+01
     vertex  8.117831e+01  2.500000e+01  5.839591e+01
   endloop
 endfacet
 facet normal  8.918576e-16  1.000000e+00 -1.656063e-15
   outer loop
     vertex  7.380922e+01  2.500000e+01  5.260108e+01
     vertex  6.434379e+01  2.500000e+01  4.964884e+01
     vertex  6.500838e+01  2.500000e+01  5.858786e+01
   endloop
 endfacet
 facet normal -1.378891e-15  1.000000e+00 -1.315177e-14
   outer loop
     vertex  7.380922e+01  2.500000e+01  5.260108e+01
     vertex  8.363998e+01  2.500000e+01  5.481197e+01
     vertex  8.682320e+01  2.500000e+01  4.961585e+01
   endloop
 endfacet
 facet normal  0.000000e+00  1.000000e+00  0.000000e+00
   outer loop
     vertex  7.366861e+01  2.500000e+01  8.083340e+01
     vertex  6.730626e+01  2.500000e+01  7.395853e+01
     vertex  6.402779e+01  2.500000e+01  7.681433e+01
   endloop
 endfacet
 facet normal -8.925939e-16  1.000000e+00  8.260515e-16
   outer loop
     vertex  7.366861e+01  2.500000e+01  8.083340e+01
     vertex  7.575776e+01  2.500000e+01  7.448916e+01
     vertex  6.730626e+01  2.500000e+01  7.395853e+01
   endloop
 endfacet
 facet normal -1.025374e-15  1.000000e+00  1.017352e-15
   outer loop
     vertex  7.366861e+01  2.500000e+01  8.083340e+01
     vertex  8.382787e+01  2.500000e+01  8.408853e+01
     vertex  8.448329e+01  2.500000e+01  7.427276e+01
   endloop
 endfacet
 facet normal -1.203542e-15  1.000000e+00  7.236570e-16
   outer loop
     vertex  7.366861e+01  2.500000e+01  8.083340e+01
     vertex  8.448329e+01  2.500000e+01  7.427276e+01
     vertex  7.575776e+01  2.500000e+01  7.448916e+01
   endloop
 endfacet
 facet normal -5.642931e-15  1.000000e+00  5.281643e-15
   outer loop
     vertex  4.994549e+01  2.500000e+01  7.563147e+01
     vertex  5.009134e+01  2.500000e+01  8.654974e+01
     vertex  5.526992e+01  2.500000e+01  8.333807e+01
   endloop
 endfacet
 facet normal  1.171092e-14  1.000000e+00 -6.707993e-15
   outer loop
     vertex  4.994549e+01  2.500000e+01  7.563147e+01
     vertex  5.526992e+01  2.500000e+01  8.333807e+01
     vertex  5.668232e+01  2.500000e+01  7.468176e+01
   endloop
 endfacet
 facet normal  1.619757e-14  1.000000e+00 -9.480042e-15
   outer loop
     vertex  4.994549e+01  2.500000e+01  7.563147e+01
     vertex  4.877360e+01  2.500000e+01  6.500975e+01
     vertex  4.078539e+01  2.500000e+01  6.297860e+01
   endloop
 endfacet
 facet normal  1.139484e-14  1.000000e+00 -8.950155e-15
   outer loop
     vertex  4.994549e+01  2.500000e+01  7.563147e+01
     vertex  5.668232e+01  2.500000e+01  7.468176e+01
     vertex  4.877360e+01  2.500000e+01  6.500975e+01
   endloop
 endfacet
 facet normal -4.894853e-14  1.000000e+00  3.768280e-14
   outer loop
     vertex  4.994549e+01  2.500000e+01  7.563147e+01
     vertex  4.078539e+01  2.500000e+01  6.297860e+01
     vertex  3.687393e+01  2.500000e+01  6.534585e+01
   endloop
 endfacet
 facet normal -8.109553e-13  1.000000e+00  2.510220e-13
   outer loop
     vertex  3.382961e+01  2.500000e+01  8.408453e+01
     vertex  2.658530e+01  2.500000e+01  7.680121e+01
     vertex  2.912318e+01  2.500000e+01  8.911866e+01
   endloop
 endfacet
 facet normal  1.753638e-13  1.000000e+00 -3.905618e-14
   outer loop
     vertex  3.382961e+01  2.500000e+01  8.408453e+01
     vertex  3.633798e+01  2.500000e+01  9.316407e+01
     vertex  4.194504e+01  2.500000e+01  9.077782e+01
   endloop
 endfacet
 facet normal -8.254798e-13  1.000000e+00  2.374430e-13
   outer loop
     vertex  3.382961e+01  2.500000e+01  8.408453e+01
     vertex  2.912318e+01  2.500000e+01  8.911866e+01
     vertex  3.633798e+01  2.500000e+01  9.316407e+01
   endloop
 endfacet
 facet normal  1.153685e-11  1.000000e+00 -1.368422e-12
   outer loop
     vertex  1.377302e+01  2.500000e+01  1.084949e+02
     vertex  1.278424e+01  2.500000e+01  9.917991e+01
     vertex  9.270303e+00  2.500000e+01  9.956950e+01
   endloop
 endfacet
 facet normal  2.262765e-11  1.000000e+00 -6.963568e-12
   outer loop
     vertex  1.377302e+01  2.500000e+01  1.084949e+02
     vertex  9.270303e+00  2.500000e+01  9.956950e+01
     vertex  2.630959e+00  2.500000e+01  1.124666e+02
   endloop
 endfacet
 facet normal  2.684415e-11  1.000000e+00  4.865146e-12
   outer loop
     vertex  1.377302e+01  2.500000e+01  1.084949e+02
     vertex  2.630959e+00  2.500000e+01  1.124666e+02
     vertex  9.214353e+00  2.500000e+01  1.183773e+02
   endloop
 endfacet
 facet normal -7.926378e-12  1.000000e+00 -1.691994e-12
   outer loop
     vertex  8.927916e+00  2.500000e+01  8.078238e+01
     vertex  1.583167e+01  2.500000e+01  7.971401e+01
     vertex  1.301022e+01  2.500000e+01  7.389756e+01
   endloop
 endfacet
 facet normal -4.891791e-12  1.000000e+00 -9.947919e-13
   outer loop
     vertex  8.927916e+00  2.500000e+01  8.078238e+01
     vertex  9.270303e+00  2.500000e+01  9.956950e+01
     vertex  1.806973e+01  2.500000e+01  9.199802e+01
   endloop
 endfacet
 facet normal -1.528944e-11  1.000000e+00 -6.057859e-12
   outer loop
     vertex  8.927916e+00  2.500000e+01  8.078238e+01
     vertex  1.301022e+01  2.500000e+01  7.389756e+01
     vertex  9.966814e+00  2.500000e+01  7.437234e+01
   endloop
 endfacet
 facet normal -7.490666e-12  1.000000e+00  1.123540e-12
   outer loop
     vertex  8.927916e+00  2.500000e+01  8.078238e+01
     vertex  1.806973e+01  2.500000e+01  9.199802e+01
     vertex  1.583167e+01  2.500000e+01  7.971401e+01
   endloop
 endfacet
 facet normal  2.249559e-11  1.000000e+00 -1.493915e-12
   outer loop
     vertex  8.927916e+00  2.500000e+01  8.078238e+01
     vertex  6.622065e-01  2.500000e+01  8.125079e+01
     vertex  9.270303e+00  2.500000e+01  9.956950e+01
   endloop
 endfacet
 facet normal  1.761942e-11  1.000000e+00  2.046875e-11
   outer loop
     vertex  5.989056e+00  2.500000e+01  7.791411e+01
     vertex  4.275201e+00  2.500000e+01  7.488791e+01
     vertex  6.622065e-01  2.500000e+01  8.125079e+01
   endloop
 endfacet
 facet normal  4.877798e-11  1.000000e+00  2.822435e-12
   outer loop
     vertex  5.989056e+00  2.500000e+01  7.791411e+01
     vertex  9.966814e+00  2.500000e+01  7.437234e+01
     vertex  4.275201e+00  2.500000e+01  7.488791e+01
   endloop
 endfacet
 facet normal  2.434903e-11  1.000000e+00  3.121223e-11
   outer loop
     vertex  5.989056e+00  2.500000e+01  7.791411e+01
     vertex  6.622065e-01  2.500000e+01  8.125079e+01
     vertex  8.927916e+00  2.500000e+01  8.078238e+01
   endloop
 endfacet
 facet normal  5.034228e-11  1.000000e+00  4.579302e-12
   outer loop
     vertex  5.989056e+00  2.500000e+01  7.791411e+01
     vertex  8.927916e+00  2.500000e+01  8.078238e+01
     vertex  9.966814e+00  2.500000e+01  7.437234e+01
   endloop
 endfacet
 facet normal  2.976260e-14  1.000000e+00 -4.033398e-12
   outer loop
     vertex  7.174954e+00  2.500000e+01  5.272797e+01
     vertex  1.256944e+01  2.500000e+01  6.128094e+01
     vertex  9.369990e+00  2.500000e+01  4.922175e+01
   endloop
 endfacet
 facet normal  7.586117e-11  1.000000e+00 -7.796513e-13
   outer loop
     vertex  7.174954e+00  2.500000e+01  5.272797e+01
     vertex  5.697783e+00  2.500000e+01  4.975664e+01
     vertex  4.065889e+00  2.500000e+01  5.613221e+01
   endloop
 endfacet
 facet normal  3.649107e-11  1.000000e+00  1.879287e-11
   outer loop
     vertex  7.174954e+00  2.500000e+01  5.272797e+01
     vertex  9.369990e+00  2.500000e+01  4.922175e+01
     vertex  5.697783e+00  2.500000e+01  4.975664e+01
   endloop
 endfacet
 facet normal  4.277727e-11  1.000000e+00 -3.099491e-11
   outer loop
     vertex  7.174954e+00  2.500000e+01  5.272797e+01
     vertex  4.065889e+00  2.500000e+01  5.613221e+01
     vertex  1.256944e+01  2.500000e+01  6.128094e+01
   endloop
 endfacet
 facet normal  2.290341e-11  1.000000e+00 -1.433475e-11
   outer loop
     vertex  1.535737e+00  2.500000e+01  5.310232e+01
     vertex  4.065889e+00  2.500000e+01  5.613221e+01
     vertex  5.697783e+00  2.500000e+01  4.975664e+01
   endloop
 endfacet
 facet normal -1.194033e-11  1.000000e+00 -5.768060e-11
   outer loop
     vertex  1.535737e+00  2.500000e+01  5.310232e+01
     vertex  5.697783e+00  2.500000e+01  4.975664e+01
     vertex -2.180969e+00  2.500000e+01  5.004759e+01
   endloop
 endfacet
 facet normal  5.501486e-12  1.000000e+00  1.969699e-13
   outer loop
     vertex  1.535737e+00  2.500000e+01  5.310232e+01
     vertex  1.637910e+00  2.500000e+01  6.247754e+01
     vertex  4.065889e+00  2.500000e+01  5.613221e+01
   endloop
 endfacet
 facet normal -6.009698e-11  1.000000e+00  9.118745e-13
   outer loop
     vertex  1.535737e+00  2.500000e+01  5.310232e+01
     vertex -2.180969e+00  2.500000e+01  5.004759e+01
     vertex  1.637910e+00  2.500000e+01  6.247754e+01
   endloop
 endfacet
 facet normal  6.066215e-13  1.000000e+00  3.518648e-13
   outer loop
     vertex  9.083852e+01  2.500000e+01  1.576024e+01
     vertex  8.209994e+01  2.500000e+01  1.953748e+01
     vertex  9.004704e+01  2.500000e+01  2.611094e+01
   endloop
 endfacet
 facet normal  2.204503e-12  1.000000e+00 -3.286899e-12
   outer loop
     vertex  9.083852e+01  2.500000e+01  1.576024e+01
     vertex  9.883561e+01  2.500000e+01  1.521580e+01
     vertex  9.940366e+01  2.500000e+01  1.090473e+01
   endloop
 endfacet
 facet normal  2.129249e-12  1.000000e+00 -4.392277e-12
   outer loop
     vertex  9.083852e+01  2.500000e+01  1.576024e+01
     vertex  9.772533e+01  2.500000e+01  2.120746e+01
     vertex  9.883561e+01  2.500000e+01  1.521580e+01
   endloop
 endfacet
 facet normal -1.496019e-12  1.000000e+00  1.910835e-13
   outer loop
     vertex  9.083852e+01  2.500000e+01  1.576024e+01
     vertex  9.004704e+01  2.500000e+01  2.611094e+01
     vertex  9.772533e+01  2.500000e+01  2.120746e+01
   endloop
 endfacet
 facet normal -7.254030e-16  1.000000e+00  8.114264e-17
   outer loop
     vertex  7.472263e+01  2.500000e+01  9.025612e+01
     vertex  8.382787e+01  2.500000e+01  8.408853e+01
     vertex  7.366861e+01  2.500000e+01  8.083340e+01
   endloop
 endfacet
 facet normal  1.849601e-16  1.000000e+00  1.425116e-15
   outer loop
     vertex  7.472263e+01  2.500000e+01  9.025612e+01
     vertex  7.980535e+01  2.500000e+01  9.208938e+01
     vertex  8.382787e+01  2.500000e+01  8.408853e+01
   endloop
 endfacet
 facet normal -9.845462e-16  1.000000e+00  1.218819e-15
   outer loop
     vertex  7.252069e+01  2.500000e+01  9.203469e+01
     vertex  7.506991e+01  2.500000e+01  9.992368e+01
     vertex  7.980535e+01  2.500000e+01  9.208938e+01
   endloop
 endfacet
 facet normal  6.397478e-15  1.000000e+00 -1.166583e-15
   outer loop
     vertex  7.252069e+01  2.500000e+01  9.203469e+01
     vertex  7.015647e+01  2.500000e+01  1.034326e+02
     vertex  7.506991e+01  2.500000e+01  9.992368e+01
   endloop
 endfacet
 facet normal -4.439258e-15  1.000000e+00  4.965697e-16
   outer loop
     vertex  7.252069e+01  2.500000e+01  9.203469e+01
     vertex  7.472263e+01  2.500000e+01  9.025612e+01
     vertex  7.366861e+01  2.500000e+01  8.083340e+01
   endloop
 endfacet
 facet normal -1.010990e-15  1.000000e+00  4.740893e-15
   outer loop
     vertex  7.252069e+01  2.500000e+01  9.203469e+01
     vertex  7.980535e+01  2.500000e+01  9.208938e+01
     vertex  7.472263e+01  2.500000e+01  9.025612e+01
   endloop
 endfacet
 facet normal -6.494795e-14  1.000000e+00  3.112998e-14
   outer loop
     vertex  4.210051e+01  2.500000e+01  8.026349e+01
     vertex  4.628203e+01  2.500000e+01  8.864521e+01
     vertex  5.009134e+01  2.500000e+01  8.654974e+01
   endloop
 endfacet
 facet normal -3.595608e-14  1.000000e+00  2.117124e-14
   outer loop
     vertex  4.210051e+01  2.500000e+01  8.026349e+01
     vertex  4.994549e+01  2.500000e+01  7.563147e+01
     vertex  3.687393e+01  2.500000e+01  6.534585e+01
   endloop
 endfacet
 facet normal  7.382904e-14  1.000000e+00 -3.810381e-14
   outer loop
     vertex  4.210051e+01  2.500000e+01  8.026349e+01
     vertex  4.194504e+01  2.500000e+01  9.077782e+01
     vertex  4.628203e+01  2.500000e+01  8.864521e+01
   endloop
 endfacet
 facet normal -4.502736e-14  1.000000e+00  5.807741e-15
   outer loop
     vertex  4.210051e+01  2.500000e+01  8.026349e+01
     vertex  5.009134e+01  2.500000e+01  8.654974e+01
     vertex  4.994549e+01  2.500000e+01  7.563147e+01
   endloop
 endfacet
 facet normal  1.733644e-13  1.000000e+00 -3.663201e-14
   outer loop
     vertex  4.210051e+01  2.500000e+01  8.026349e+01
     vertex  3.382961e+01  2.500000e+01  8.408453e+01
     vertex  4.194504e+01  2.500000e+01  9.077782e+01
   endloop
 endfacet
 facet normal -1.939845e-12  1.000000e+00 -8.412687e-12
   outer loop
     vertex  2.073029e+01  2.500000e+01  1.153257e+02
     vertex  1.377302e+01  2.500000e+01  1.084949e+02
     vertex  9.214353e+00  2.500000e+01  1.183773e+02
   endloop
 endfacet
 facet normal -9.770097e-12  1.000000e+00  2.006585e-12
   outer loop
     vertex  2.073029e+01  2.500000e+01  1.153257e+02
     vertex  1.686484e+01  2.500000e+01  1.238346e+02
     vertex  2.275858e+01  2.500000e+01  1.228927e+02
   endloop
 endfacet
 facet normal  6.395460e-13  1.000000e+00 -7.836576e-13
   outer loop
     vertex  2.073029e+01  2.500000e+01  1.153257e+02
     vertex  2.275858e+01  2.500000e+01  1.228927e+02
     vertex  2.845245e+01  2.500000e+01  1.217004e+02
   endloop
 endfacet
 facet normal  2.270506e-12  1.000000e+00  7.476430e-12
   outer loop
     vertex  2.073029e+01  2.500000e+01  1.153257e+02
     vertex  9.214353e+00  2.500000e+01  1.183773e+02
     vertex  1.686484e+01  2.500000e+01  1.238346e+02
   endloop
 endfacet
 facet normal -1.982554e-13  1.000000e+00  4.263642e-13
   outer loop
     vertex  3.585448e+01  2.500000e+01  7.467021e+01
     vertex  2.969364e+01  2.500000e+01  6.890574e+01
     vertex  2.658530e+01  2.500000e+01  7.680121e+01
   endloop
 endfacet
 facet normal  3.013243e-13  1.000000e+00 -1.075671e-13
   outer loop
     vertex  3.585448e+01  2.500000e+01  7.467021e+01
     vertex  3.383636e+01  2.500000e+01  6.696918e+01
     vertex  2.969364e+01  2.500000e+01  6.890574e+01
   endloop
 endfacet
 facet normal -3.450953e-13  1.000000e+00 -2.123431e-13
   outer loop
     vertex  3.585448e+01  2.500000e+01  7.467021e+01
     vertex  2.658530e+01  2.500000e+01  7.680121e+01
     vertex  3.382961e+01  2.500000e+01  8.408453e+01
   endloop
 endfacet
 facet normal  1.404333e-13  1.000000e+00 -1.079137e-13
   outer loop
     vertex  3.585448e+01  2.500000e+01  7.467021e+01
     vertex  3.382961e+01  2.500000e+01  8.408453e+01
     vertex  4.210051e+01  2.500000e+01  8.026349e+01
   endloop
 endfacet
 facet normal  5.263315e-14  1.000000e+00 -9.867084e-15
   outer loop
     vertex  3.585448e+01  2.500000e+01  7.467021e+01
     vertex  4.210051e+01  2.500000e+01  8.026349e+01
     vertex  3.687393e+01  2.500000e+01  6.534585e+01
   endloop
 endfacet
 facet normal -3.495200e-14  1.000000e+00 -1.944296e-14
   outer loop
     vertex  3.585448e+01  2.500000e+01  7.467021e+01
     vertex  3.687393e+01  2.500000e+01  6.534585e+01
     vertex  3.383636e+01  2.500000e+01  6.696918e+01
   endloop
 endfacet
 facet normal -1.070267e-11  1.000000e+00  9.922992e-13
   outer loop
     vertex  2.054174e+01  2.500000e+01  1.026482e+02
     vertex  1.278424e+01  2.500000e+01  9.917991e+01
     vertex  1.377302e+01  2.500000e+01  1.084949e+02
   endloop
 endfacet
 facet normal -1.092323e-11  1.000000e+00  7.369493e-13
   outer loop
     vertex  2.054174e+01  2.500000e+01  1.026482e+02
     vertex  1.377302e+01  2.500000e+01  1.084949e+02
     vertex  2.073029e+01  2.500000e+01  1.153257e+02
   endloop
 endfacet
 facet normal -3.018229e-12  1.000000e+00 -1.450105e-12
   outer loop
     vertex  2.054174e+01  2.500000e+01  1.026482e+02
     vertex  2.231333e+01  2.500000e+01  9.747859e+01
     vertex  1.747671e+01  2.500000e+01  9.846097e+01
   endloop
 endfacet
 facet normal -1.281775e-11  1.000000e+00  5.723100e-12
   outer loop
     vertex  2.054174e+01  2.500000e+01  1.026482e+02
     vertex  1.747671e+01  2.500000e+01  9.846097e+01
     vertex  1.278424e+01  2.500000e+01  9.917991e+01
   endloop
 endfacet
 facet normal  3.351202e-12  1.000000e+00 -3.958935e-12
   outer loop
     vertex  8.299364e+01  2.500000e+01  1.015347e+01
     vertex  7.376881e+01  2.500000e+01  1.370840e+01
     vertex  8.209994e+01  2.500000e+01  1.953748e+01
   endloop
 endfacet
 facet normal -1.454546e-12  1.000000e+00 -4.416616e-12
   outer loop
     vertex  8.299364e+01  2.500000e+01  1.015347e+01
     vertex  8.209994e+01  2.500000e+01  1.953748e+01
     vertex  9.083852e+01  2.500000e+01  1.576024e+01
   endloop
 endfacet
 facet normal -1.253752e-12  1.000000e+00  2.561273e-11
   outer loop
     vertex  8.299364e+01  2.500000e+01  1.015347e+01
     vertex  9.940366e+01  2.500000e+01  1.090473e+01
     vertex  9.988324e+01  2.500000e+01  4.830003e+00
   endloop
 endfacet
 facet normal -2.930467e-12  1.000000e+00  2.029306e-11
   outer loop
     vertex  8.299364e+01  2.500000e+01  1.015347e+01
     vertex  9.988324e+01  2.500000e+01  4.830003e+00
     vertex  7.502821e+01  2.500000e+01  7.221952e-01
   endloop
 endfacet
 facet normal  1.465425e-12  1.000000e+00 -8.852408e-12
   outer loop
     vertex  8.299364e+01  2.500000e+01  1.015347e+01
     vertex  7.446681e+01  2.500000e+01  9.189818e+00
     vertex  7.376881e+01  2.500000e+01  1.370840e+01
   endloop
 endfacet
 facet normal  2.288386e-13  1.000000e+00 -6.771970e-12
   outer loop
     vertex  8.299364e+01  2.500000e+01  1.015347e+01
     vertex  9.083852e+01  2.500000e+01  1.576024e+01
     vertex  9.940366e+01  2.500000e+01  1.090473e+01
   endloop
 endfacet
 facet normal -1.122815e-11  1.000000e+00  2.730109e-11
   outer loop
     vertex  8.299364e+01  2.500000e+01  1.015347e+01
     vertex  7.502821e+01  2.500000e+01  7.221952e-01
     vertex  7.484496e+01  2.500000e+01  5.290678e+00
   endloop
 endfacet
 facet normal -6.094479e-13  1.000000e+00  9.507091e-12
   outer loop
     vertex  8.299364e+01  2.500000e+01  1.015347e+01
     vertex  7.484496e+01  2.500000e+01  5.290678e+00
     vertex  7.446681e+01  2.500000e+01  9.189818e+00
   endloop
 endfacet
 facet normal -2.276312e-15  1.000000e+00  8.757172e-16
   outer loop
     vertex  6.364162e+01  2.500000e+01  8.798130e+01
     vertex  6.402779e+01  2.500000e+01  7.681433e+01
     vertex  5.923029e+01  2.500000e+01  8.057153e+01
   endloop
 endfacet
 facet normal  1.243496e-14  1.000000e+00 -7.882499e-15
   outer loop
     vertex  6.364162e+01  2.500000e+01  8.798130e+01
     vertex  5.923029e+01  2.500000e+01  8.057153e+01
     vertex  5.526992e+01  2.500000e+01  8.333807e+01
   endloop
 endfacet
 facet normal -3.922304e-16  1.000000e+00  9.408713e-16
   outer loop
     vertex  6.364162e+01  2.500000e+01  8.798130e+01
     vertex  7.366861e+01  2.500000e+01  8.083340e+01
     vertex  6.402779e+01  2.500000e+01  7.681433e+01
   endloop
 endfacet
 facet normal -4.149617e-16  1.000000e+00  9.089841e-16
   outer loop
     vertex  6.364162e+01  2.500000e+01  8.798130e+01
     vertex  7.252069e+01  2.500000e+01  9.203469e+01
     vertex  7.366861e+01  2.500000e+01  8.083340e+01
   endloop
 endfacet
 facet normal -9.377588e-15  1.000000e+00 -5.388798e-13
   outer loop
     vertex  2.691670e+01  2.500000e+01  1.051973e+02
     vertex  3.180399e+01  2.500000e+01  9.480778e+01
     vertex  2.655838e+01  2.500000e+01  9.640881e+01
   endloop
 endfacet
 facet normal  3.691841e-12  1.000000e+00 -6.897819e-13
   outer loop
     vertex  2.691670e+01  2.500000e+01  1.051973e+02
     vertex  2.655838e+01  2.500000e+01  9.640881e+01
     vertex  2.231333e+01  2.500000e+01  9.747859e+01
   endloop
 endfacet
 facet normal  2.052818e-12  1.000000e+00  2.877127e-13
   outer loop
     vertex  2.691670e+01  2.500000e+01  1.051973e+02
     vertex  2.231333e+01  2.500000e+01  9.747859e+01
     vertex  2.054174e+01  2.500000e+01  1.026482e+02
   endloop
 endfacet
 facet normal  1.949742e-12  1.000000e+00  5.454861e-13
   outer loop
     vertex  2.691670e+01  2.500000e+01  1.051973e+02
     vertex  2.054174e+01  2.500000e+01  1.026482e+02
     vertex  2.073029e+01  2.500000e+01  1.153257e+02
   endloop
 endfacet
 facet normal  1.115725e-14  1.000000e+00 -3.802377e-15
   outer loop
     vertex  6.221900e+01  2.500000e+01  9.882868e+01
     vertex  6.440411e+01  2.500000e+01  1.071091e+02
     vertex  7.015647e+01  2.500000e+01  1.034326e+02
   endloop
 endfacet
 facet normal -4.100193e-14  1.000000e+00  9.961857e-15
   outer loop
     vertex  6.221900e+01  2.500000e+01  9.882868e+01
     vertex  5.968751e+01  2.500000e+01  1.098072e+02
     vertex  6.440411e+01  2.500000e+01  1.071091e+02
   endloop
 endfacet
 facet normal  9.281433e-15  1.000000e+00 -5.683779e-16
   outer loop
     vertex  6.221900e+01  2.500000e+01  9.882868e+01
     vertex  7.015647e+01  2.500000e+01  1.034326e+02
     vertex  7.252069e+01  2.500000e+01  9.203469e+01
   endloop
 endfacet
 facet normal  3.949953e-15  1.000000e+00 -8.652473e-15
   outer loop
     vertex  6.221900e+01  2.500000e+01  9.882868e+01
     vertex  7.252069e+01  2.500000e+01  9.203469e+01
     vertex  6.364162e+01  2.500000e+01  8.798130e+01
   endloop
 endfacet
 facet normal  9.862374e-13  1.000000e+00 -4.302053e-14
   outer loop
     vertex  3.446460e+01  2.500000e+01  1.115814e+02
     vertex  2.691670e+01  2.500000e+01  1.051973e+02
     vertex  2.073029e+01  2.500000e+01  1.153257e+02
   endloop
 endfacet
 facet normal  1.437929e-12  1.000000e+00 -5.057992e-13
   outer loop
     vertex  3.446460e+01  2.500000e+01  1.115814e+02
     vertex  2.845245e+01  2.500000e+01  1.217004e+02
     vertex  3.703076e+01  2.500000e+01  1.193683e+02
   endloop
 endfacet
 facet normal -7.555883e-13  1.000000e+00  2.170639e-13
   outer loop
     vertex  3.446460e+01  2.500000e+01  1.115814e+02
     vertex  3.703076e+01  2.500000e+01  1.193683e+02
     vertex  4.274558e+01  2.500000e+01  1.174440e+02
   endloop
 endfacet
 facet normal  7.483760e-13  1.000000e+00 -9.154933e-13
   outer loop
     vertex  3.446460e+01  2.500000e+01  1.115814e+02
     vertex  2.073029e+01  2.500000e+01  1.153257e+02
     vertex  2.845245e+01  2.500000e+01  1.217004e+02
   endloop
 endfacet
 facet normal -6.737293e-15  1.000000e+00  3.517066e-15
   outer loop
     vertex  5.397786e+01  2.500000e+01  9.399475e+01
     vertex  5.526992e+01  2.500000e+01  8.333807e+01
     vertex  5.009134e+01  2.500000e+01  8.654974e+01
   endloop
 endfacet
 facet normal  5.302732e-15  1.000000e+00  4.976852e-15
   outer loop
     vertex  5.397786e+01  2.500000e+01  9.399475e+01
     vertex  6.364162e+01  2.500000e+01  8.798130e+01
     vertex  5.526992e+01  2.500000e+01  8.333807e+01
   endloop
 endfacet
 facet normal -3.811803e-15  1.000000e+00 -9.670419e-15
   outer loop
     vertex  5.397786e+01  2.500000e+01  9.399475e+01
     vertex  6.221900e+01  2.500000e+01  9.882868e+01
     vertex  6.364162e+01  2.500000e+01  8.798130e+01
   endloop
 endfacet
 facet normal -6.396806e-14  1.000000e+00  3.291130e-14
   outer loop
     vertex  5.169071e+01  2.500000e+01  9.527166e+01
     vertex  5.009134e+01  2.500000e+01  8.654974e+01
     vertex  4.628203e+01  2.500000e+01  8.864521e+01
   endloop
 endfacet
 facet normal -4.600884e-14  1.000000e+00  6.226944e-14
   outer loop
     vertex  5.169071e+01  2.500000e+01  9.527166e+01
     vertex  6.221900e+01  2.500000e+01  9.882868e+01
     vertex  5.397786e+01  2.500000e+01  9.399475e+01
   endloop
 endfacet
 facet normal  5.928157e-14  1.000000e+00 -6.768822e-14
   outer loop
     vertex  5.169071e+01  2.500000e+01  9.527166e+01
     vertex  4.628203e+01  2.500000e+01  8.864521e+01
     vertex  4.194504e+01  2.500000e+01  9.077782e+01
   endloop
 endfacet
 facet normal -6.254503e-14  1.000000e+00  3.265035e-14
   outer loop
     vertex  5.169071e+01  2.500000e+01  9.527166e+01
     vertex  5.397786e+01  2.500000e+01  9.399475e+01
     vertex  5.009134e+01  2.500000e+01  8.654974e+01
   endloop
 endfacet
 facet normal  1.726228e-13  1.000000e+00 -4.549686e-14
   outer loop
     vertex  3.878867e+01  2.500000e+01  1.012130e+02
     vertex  4.194504e+01  2.500000e+01  9.077782e+01
     vertex  3.633798e+01  2.500000e+01  9.316407e+01
   endloop
 endfacet
 facet normal -4.242946e-14  1.000000e+00 -5.544275e-13
   outer loop
     vertex  3.878867e+01  2.500000e+01  1.012130e+02
     vertex  3.180399e+01  2.500000e+01  9.480778e+01
     vertex  2.691670e+01  2.500000e+01  1.051973e+02
   endloop
 endfacet
 facet normal  3.726645e-13  1.000000e+00  6.824127e-13
   outer loop
     vertex  3.878867e+01  2.500000e+01  1.012130e+02
     vertex  2.691670e+01  2.500000e+01  1.051973e+02
     vertex  3.446460e+01  2.500000e+01  1.115814e+02
   endloop
 endfacet
 facet normal  6.417459e-14  1.000000e+00 -7.829960e-14
   outer loop
     vertex  3.878867e+01  2.500000e+01  1.012130e+02
     vertex  5.169071e+01  2.500000e+01  9.527166e+01
     vertex  4.194504e+01  2.500000e+01  9.077782e+01
   endloop
 endfacet
 facet normal -7.732356e-13  1.000000e+00  2.424922e-13
   outer loop
     vertex  3.878867e+01  2.500000e+01  1.012130e+02
     vertex  3.633798e+01  2.500000e+01  9.316407e+01
     vertex  3.180399e+01  2.500000e+01  9.480778e+01
   endloop
 endfacet
 facet normal  1.103373e-13  1.000000e+00  2.194599e-14
   outer loop
     vertex  5.077428e+01  2.500000e+01  1.050595e+02
     vertex  5.169071e+01  2.500000e+01  9.527166e+01
     vertex  3.878867e+01  2.500000e+01  1.012130e+02
   endloop
 endfacet
 facet normal -3.762334e-13  1.000000e+00 -3.187793e-13
   outer loop
     vertex  5.077428e+01  2.500000e+01  1.050595e+02
     vertex  3.446460e+01  2.500000e+01  1.115814e+02
     vertex  4.274558e+01  2.500000e+01  1.174440e+02
   endloop
 endfacet
 facet normal -4.563645e-14  1.000000e+00  5.079625e-13
   outer loop
     vertex  5.077428e+01  2.500000e+01  1.050595e+02
     vertex  3.878867e+01  2.500000e+01  1.012130e+02
     vertex  3.446460e+01  2.500000e+01  1.115814e+02
   endloop
 endfacet
 facet normal -2.554049e-14  1.000000e+00  1.352702e-14
   outer loop
     vertex  5.077428e+01  2.500000e+01  1.050595e+02
     vertex  5.968751e+01  2.500000e+01  1.098072e+02
     vertex  6.221900e+01  2.500000e+01  9.882868e+01
   endloop
 endfacet
 facet normal  1.506878e-13  1.000000e+00 -7.501746e-14
   outer loop
     vertex  5.077428e+01  2.500000e+01  1.050595e+02
     vertex  4.909004e+01  2.500000e+01  1.149367e+02
     vertex  5.458538e+01  2.500000e+01  1.124307e+02
   endloop
 endfacet
 facet normal -2.742964e-14  1.000000e+00  1.707362e-14
   outer loop
     vertex  5.077428e+01  2.500000e+01  1.050595e+02
     vertex  5.458538e+01  2.500000e+01  1.124307e+02
     vertex  5.968751e+01  2.500000e+01  1.098072e+02
   endloop
 endfacet
 facet normal -5.408472e-14  1.000000e+00 -1.099348e-13
   outer loop
     vertex  5.077428e+01  2.500000e+01  1.050595e+02
     vertex  4.274558e+01  2.500000e+01  1.174440e+02
     vertex  4.909004e+01  2.500000e+01  1.149367e+02
   endloop
 endfacet
 facet normal -2.800909e-14  1.000000e+00  8.992679e-15
   outer loop
     vertex  5.077428e+01  2.500000e+01  1.050595e+02
     vertex  6.221900e+01  2.500000e+01  9.882868e+01
     vertex  5.169071e+01  2.500000e+01  9.527166e+01
   endloop
 endfacet
 facet normal -3.334893e-01 -9.225219e-03 -9.427087e-01
   outer loop
     vertex  1.629759e+01  1.666667e+01  4.737178e+01
     vertex  1.410998e+01  2.500000e+01  4.806411e+01
     vertex  1.929652e+01  2.500000e+01  4.622934e+01
   endloop
 endfacet
 facet normal -2.372518e-01 -5.441981e-03 -9.714329e-01
   outer loop
     vertex  1.256884e+01  1.666667e+01  4.848718e+01
     vertex  9.369990e+00  2.500000e+01  4.922175e+01
     vertex  1.410998e+01  2.500000e+01  4.806411e+01
   endloop
 endfacet
 facet normal -2.865864e-01  4.361516e-03 -9.580445e-01
   outer loop
     vertex  1.256884e+01  1.666667e+01  4.848718e+01
     vertex  1.410998e+01  2.500000e+01  4.806411e+01
     vertex  1.629759e+01  1.666667e+01  4.737178e+01
   endloop
 endfacet
 facet normal -2.865778e-01 -8.905943e-03 -9.580156e-01
   outer loop
     vertex  1.476111e+01  1.250000e+01  4.787013e+01
     vertex  1.256884e+01  1.666667e+01  4.848718e+01
     vertex  1.629759e+01  1.666667e+01  4.737178e+01
   endloop
 endfacet
 facet normal -2.641354e-01  3.859016e-03 -9.644779e-01
   outer loop
     vertex  1.180208e+01  1.250000e+01  4.868050e+01
     vertex  1.256884e+01  1.666667e+01  4.848718e+01
     vertex  1.476111e+01  1.250000e+01  4.787013e+01
   endloop
 endfacet
 facet normal -2.154501e-01 -5.657836e-03 -9.764985e-01
   outer loop
     vertex  9.197073e+00  1.250000e+01  4.925526e+01
     vertex  1.256884e+01  1.666667e+01  4.848718e+01
     vertex  1.180208e+01  1.250000e+01  4.868050e+01
   endloop
 endfacet
 facet normal -1.741055e-02  0.000000e+00 -9.998484e-01
   outer loop
     vertex  7.098824e-01  1.250000e+01  4.999725e+01
     vertex -2.180969e+00 -2.500000e+01  5.004759e+01
     vertex -2.180969e+00  2.500000e+01  5.004759e+01
   endloop
 endfacet
 facet normal -3.334893e-01  9.225219e-03 -9.427087e-01
   outer loop
     vertex  1.629759e+01 -1.666667e+01  4.737178e+01
     vertex  1.929652e+01 -2.500000e+01  4.622934e+01
     vertex  1.410998e+01 -2.500000e+01  4.806411e+01
   endloop
 endfacet
 facet normal -2.372518e-01  5.441981e-03 -9.714329e-01
   outer loop
     vertex  1.256884e+01 -1.666667e+01  4.848718e+01
     vertex  1.410998e+01 -2.500000e+01  4.806411e+01
     vertex  9.369990e+00 -2.500000e+01  4.922175e+01
   endloop
 endfacet
 facet normal -2.641354e-01 -3.859016e-03 -9.644779e-01
   outer loop
     vertex  1.256884e+01 -1.666667e+01  4.848718e+01
     vertex  1.180208e+01 -1.250000e+01  4.868050e+01
     vertex  1.476111e+01 -1.250000e+01  4.787013e+01
   endloop
 endfacet
 facet normal -2.865778e-01  8.905943e-03 -9.580156e-01
   outer loop
     vertex  1.256884e+01 -1.666667e+01  4.848718e+01
     vertex  1.476111e+01 -1.250000e+01  4.787013e+01
     vertex  1.629759e+01 -1.666667e+01  4.737178e+01
   endloop
 endfacet
 facet normal -2.865864e-01 -4.361516e-03 -9.580445e-01
   outer loop
     vertex  1.256884e+01 -1.666667e+01  4.848718e+01
     vertex  1.629759e+01 -1.666667e+01  4.737178e+01
     vertex  1.410998e+01 -2.500000e+01  4.806411e+01
   endloop
 endfacet
 facet normal -2.154501e-01  5.657836e-03 -9.764985e-01
   outer loop
     vertex  1.256884e+01 -1.666667e+01  4.848718e+01
     vertex  9.197073e+00 -1.250000e+01  4.925526e+01
     vertex  1.180208e+01 -1.250000e+01  4.868050e+01
   endloop
 endfacet
 facet normal -1.741055e-02  0.000000e+00 -9.998484e-01
   outer loop
     vertex  7.098824e-01 -1.250000e+01  4.999725e+01
     vertex -2.180969e+00 -2.500000e+01  5.004759e+01
     vertex  7.098824e-01  1.250000e+01  4.999725e+01
   endloop
 endfacet
 facet normal -3.013369e-02  0.000000e+00 -9.995459e-01
   outer loop
     vertex  7.098824e-01 -1.250000e+01  4.999725e+01
     vertex  7.098824e-01  1.250000e+01  4.999725e+01
     vertex  2.871350e+00  0.000000e+00  4.993209e+01
   endloop
 endfacet
 facet normal -6.443112e-01 -8.780417e-03 -7.647130e-01
   outer loop
     vertex  3.118654e+01  1.666667e+01  3.920355e+01
     vertex  2.988484e+01  2.500000e+01  4.020462e+01
     vertex  3.455163e+01  2.500000e+01  3.627261e+01
   endloop
 endfacet
 facet normal -5.463965e-01  2.763778e-02 -8.370705e-01
   outer loop
     vertex  2.383790e+01  2.222222e+01  4.406004e+01
     vertex  2.477506e+01  2.500000e+01  4.354002e+01
     vertex  2.988484e+01  2.500000e+01  4.020462e+01
   endloop
 endfacet
 facet normal -4.405703e-01 -1.938028e-02 -8.975089e-01
   outer loop
     vertex  2.383790e+01  2.222222e+01  4.406004e+01
     vertex  1.929652e+01  2.500000e+01  4.622934e+01
     vertex  2.477506e+01  2.500000e+01  4.354002e+01
   endloop
 endfacet
 facet normal -5.324537e-01 -1.554714e-02 -8.463164e-01
   outer loop
     vertex  2.790128e+01  1.666667e+01  4.160565e+01
     vertex  2.383790e+01  2.222222e+01  4.406004e+01
     vertex  2.988484e+01  2.500000e+01  4.020462e+01
   endloop
 endfacet
 facet normal -5.902228e-01  4.775464e-03 -8.072263e-01
   outer loop
     vertex  2.790128e+01  1.666667e+01  4.160565e+01
     vertex  2.988484e+01  2.500000e+01  4.020462e+01
     vertex  3.118654e+01  1.666667e+01  3.920355e+01
   endloop
 endfacet
 facet normal -5.028080e-01  1.407374e-02 -8.642836e-01
   outer loop
     vertex  2.336506e+01  2.083333e+01  4.431250e+01
     vertex  2.383790e+01  2.222222e+01  4.406004e+01
     vertex  2.790128e+01  1.666667e+01  4.160565e+01
   endloop
 endfacet
 facet normal -4.380629e-01 -1.424806e-02 -8.988314e-01
   outer loop
     vertex  2.336506e+01  2.083333e+01  4.431250e+01
     vertex  1.929652e+01  2.500000e+01  4.622934e+01
     vertex  2.383790e+01  2.222222e+01  4.406004e+01
   endloop
 endfacet
 facet normal -4.078746e-01  2.164679e-02 -9.127813e-01
   outer loop
     vertex  2.336506e+01  2.083333e+01  4.431250e+01
     vertex  1.629759e+01  1.666667e+01  4.737178e+01
     vertex  1.929652e+01  2.500000e+01  4.622934e+01
   endloop
 endfacet
 facet normal -5.902010e-01 -9.825846e-03 -8.071965e-01
   outer loop
     vertex  2.940934e+01  1.250000e+01  4.055372e+01
     vertex  2.790128e+01  1.666667e+01  4.160565e+01
     vertex  3.118654e+01  1.666667e+01  3.920355e+01
   endloop
 endfacet
 facet normal -5.621387e-01  5.337001e-03 -8.270257e-01
   outer loop
     vertex  2.688476e+01  1.250000e+01  4.226970e+01
     vertex  2.790128e+01  1.666667e+01  4.160565e+01
     vertex  2.940934e+01  1.250000e+01  4.055372e+01
   endloop
 endfacet
 facet normal -5.107317e-01 -1.240404e-02 -8.596506e-01
   outer loop
     vertex  2.426066e+01  1.250000e+01  4.382872e+01
     vertex  2.790128e+01  1.666667e+01  4.160565e+01
     vertex  2.688476e+01  1.250000e+01  4.226970e+01
   endloop
 endfacet
 facet normal -5.163202e-01 -5.774014e-03 -8.563761e-01
   outer loop
     vertex  2.426066e+01  1.250000e+01  4.382872e+01
     vertex  2.336506e+01  2.083333e+01  4.431250e+01
     vertex  2.790128e+01  1.666667e+01  4.160565e+01
   endloop
 endfacet
 facet normal -3.880335e-01 -1.838107e-02 -9.214620e-01
   outer loop
     vertex  2.167321e+01  1.388889e+01  4.516348e+01
     vertex  1.629759e+01  1.666667e+01  4.737178e+01
     vertex  2.336506e+01  2.083333e+01  4.431250e+01
   endloop
 endfacet
 facet normal -4.516243e-01  1.593750e-02 -8.920658e-01
   outer loop
     vertex  2.167321e+01  1.388889e+01  4.516348e+01
     vertex  2.426066e+01  1.250000e+01  4.382872e+01
     vertex  1.820554e+01  0.000000e+00  4.667091e+01
   endloop
 endfacet
 facet normal -3.688409e-01  2.488032e-02 -9.291595e-01
   outer loop
     vertex  2.167321e+01  1.388889e+01  4.516348e+01
     vertex  1.476111e+01  1.250000e+01  4.787013e+01
     vertex  1.629759e+01  1.666667e+01  4.737178e+01
   endloop
 endfacet
 facet normal -3.627615e-01 -1.056398e-02 -9.318221e-01
   outer loop
     vertex  2.167321e+01  1.388889e+01  4.516348e+01
     vertex  1.820554e+01  0.000000e+00  4.667091e+01
     vertex  1.476111e+01  1.250000e+01  4.787013e+01
   endloop
 endfacet
 facet normal -4.574053e-01  2.466419e-03 -8.892549e-01
   outer loop
     vertex  2.167321e+01  1.388889e+01  4.516348e+01
     vertex  2.336506e+01  2.083333e+01  4.431250e+01
     vertex  2.426066e+01  1.250000e+01  4.382872e+01
   endloop
 endfacet
 facet normal -1.440982e-01  2.358318e-02 -9.892823e-01
   outer loop
     vertex  3.732601e+00  1.875000e+01  4.989390e+01
     vertex  5.697783e+00  2.500000e+01  4.975664e+01
     vertex  9.369990e+00  2.500000e+01  4.922175e+01
   endloop
 endfacet
 facet normal -5.844637e-02  1.175955e-02 -9.982213e-01
   outer loop
     vertex  3.732601e+00  1.875000e+01  4.989390e+01
     vertex  6.708418e+00  1.250000e+01  4.964603e+01
     vertex  7.098824e-01  1.250000e+01  4.999725e+01
   endloop
 endfacet
 facet normal -1.550297e-01 -3.465980e-02 -9.873016e-01
   outer loop
     vertex  3.732601e+00  1.875000e+01  4.989390e+01
     vertex  9.197073e+00  1.250000e+01  4.925526e+01
     vertex  6.708418e+00  1.250000e+01  4.964603e+01
   endloop
 endfacet
 facet normal -1.503918e-01  2.937737e-02 -9.881899e-01
   outer loop
     vertex  3.732601e+00  1.875000e+01  4.989390e+01
     vertex  9.369990e+00  2.500000e+01  4.922175e+01
     vertex  1.256884e+01  1.666667e+01  4.848718e+01
   endloop
 endfacet
 facet normal -1.675997e-01 -4.590709e-02 -9.847857e-01
   outer loop
     vertex  3.732601e+00  1.875000e+01  4.989390e+01
     vertex  1.256884e+01  1.666667e+01  4.848718e+01
     vertex  9.197073e+00  1.250000e+01  4.925526e+01
   endloop
 endfacet
 facet normal -6.443112e-01  8.780417e-03 -7.647130e-01
   outer loop
     vertex  3.118654e+01 -1.666667e+01  3.920355e+01
     vertex  3.455163e+01 -2.500000e+01  3.627261e+01
     vertex  2.988484e+01 -2.500000e+01  4.020462e+01
   endloop
 endfacet
 facet normal -2.890829e-01  1.217577e-02 -9.572266e-01
   outer loop
     vertex  1.142450e+01  4.166667e+00  4.877179e+01
     vertex  1.476111e+01  1.250000e+01  4.787013e+01
     vertex  1.820554e+01  0.000000e+00  4.667091e+01
   endloop
 endfacet
 facet normal -2.641371e-01  1.402404e-03 -9.644841e-01
   outer loop
     vertex  1.142450e+01  4.166667e+00  4.877179e+01
     vertex  1.180208e+01  1.250000e+01  4.868050e+01
     vertex  1.476111e+01  1.250000e+01  4.787013e+01
   endloop
 endfacet
 facet normal -1.998071e-01 -1.680529e-03 -9.798338e-01
   outer loop
     vertex  8.040290e+00  6.250000e+00  4.945832e+01
     vertex  1.180208e+01  1.250000e+01  4.868050e+01
     vertex  1.142450e+01  4.166667e+00  4.877179e+01
   endloop
 endfacet
 facet normal -2.154464e-01  8.149727e-03 -9.764817e-01
   outer loop
     vertex  8.040290e+00  6.250000e+00  4.945832e+01
     vertex  9.197073e+00  1.250000e+01  4.925526e+01
     vertex  1.180208e+01  1.250000e+01  4.868050e+01
   endloop
 endfacet
 facet normal -5.621387e-01 -5.337001e-03 -8.270257e-01
   outer loop
     vertex  2.790128e+01 -1.666667e+01  4.160565e+01
     vertex  2.688476e+01 -1.250000e+01  4.226970e+01
     vertex  2.940934e+01 -1.250000e+01  4.055372e+01
   endloop
 endfacet
 facet normal -5.902228e-01 -4.775464e-03 -8.072263e-01
   outer loop
     vertex  2.790128e+01 -1.666667e+01  4.160565e+01
     vertex  3.118654e+01 -1.666667e+01  3.920355e+01
     vertex  2.988484e+01 -2.500000e+01  4.020462e+01
   endloop
 endfacet
 facet normal -5.902010e-01  9.825846e-03 -8.071965e-01
   outer loop
     vertex  2.790128e+01 -1.666667e+01  4.160565e+01
     vertex  2.940934e+01 -1.250000e+01  4.055372e+01
     vertex  3.118654e+01 -1.666667e+01  3.920355e+01
   endloop
 endfacet
 facet normal -5.107317e-01  1.240404e-02 -8.596506e-01
   outer loop
     vertex  2.426066e+01 -1.250000e+01  4.382872e+01
     vertex  2.688476e+01 -1.250000e+01  4.226970e+01
     vertex  2.790128e+01 -1.666667e+01  4.160565e+01
   endloop
 endfacet
 facet normal -2.942191e-01  3.063672e-03 -9.557331e-01
   outer loop
     vertex  1.123650e+01  0.000000e+00  4.881630e+01
     vertex  1.142450e+01  4.166667e+00  4.877179e+01
     vertex  1.820554e+01  0.000000e+00  4.667091e+01
   endloop
 endfacet
 facet normal -4.516243e-01 -1.593750e-02 -8.920658e-01
   outer loop
     vertex  2.167321e+01 -1.388889e+01  4.516348e+01
     vertex  1.820554e+01  0.000000e+00  4.667091e+01
     vertex  2.426066e+01 -1.250000e+01  4.382872e+01
   endloop
 endfacet
 facet normal -3.688409e-01 -2.488032e-02 -9.291595e-01
   outer loop
     vertex  2.167321e+01 -1.388889e+01  4.516348e+01
     vertex  1.629759e+01 -1.666667e+01  4.737178e+01
     vertex  1.476111e+01 -1.250000e+01  4.787013e+01
   endloop
 endfacet
 facet normal -3.627615e-01  1.056398e-02 -9.318221e-01
   outer loop
     vertex  2.167321e+01 -1.388889e+01  4.516348e+01
     vertex  1.476111e+01 -1.250000e+01  4.787013e+01
     vertex  1.820554e+01  0.000000e+00  4.667091e+01
   endloop
 endfacet
 facet normal -2.641371e-01 -1.402404e-03 -9.644841e-01
   outer loop
     vertex  1.142450e+01 -4.166667e+00  4.877179e+01
     vertex  1.476111e+01 -1.250000e+01  4.787013e+01
     vertex  1.180208e+01 -1.250000e+01  4.868050e+01
   endloop
 endfacet
 facet normal -2.890829e-01 -1.217577e-02 -9.572266e-01
   outer loop
     vertex  1.142450e+01 -4.166667e+00  4.877179e+01
     vertex  1.820554e+01  0.000000e+00  4.667091e+01
     vertex  1.476111e+01 -1.250000e+01  4.787013e+01
   endloop
 endfacet
 facet normal -2.942191e-01 -3.063672e-03 -9.557331e-01
   outer loop
     vertex  1.142450e+01 -4.166667e+00  4.877179e+01
     vertex  1.123650e+01  0.000000e+00  4.881630e+01
     vertex  1.820554e+01  0.000000e+00  4.667091e+01
   endloop
 endfacet
 facet normal -5.163202e-01  5.774014e-03 -8.563761e-01
   outer loop
     vertex  2.336506e+01 -2.083333e+01  4.431250e+01
     vertex  2.426066e+01 -1.250000e+01  4.382872e+01
     vertex  2.790128e+01 -1.666667e+01  4.160565e+01
   endloop
 endfacet
 facet normal -4.574053e-01 -2.466419e-03 -8.892549e-01
   outer loop
     vertex  2.336506e+01 -2.083333e+01  4.431250e+01
     vertex  2.167321e+01 -1.388889e+01  4.516348e+01
     vertex  2.426066e+01 -1.250000e+01  4.382872e+01
   endloop
 endfacet
 facet normal -4.078746e-01 -2.164679e-02 -9.127813e-01
   outer loop
     vertex  2.336506e+01 -2.083333e+01  4.431250e+01
     vertex  1.929652e+01 -2.500000e+01  4.622934e+01
     vertex  1.629759e+01 -1.666667e+01  4.737178e+01
   endloop
 endfacet
 facet normal -3.880335e-01  1.838107e-02 -9.214620e-01
   outer loop
     vertex  2.336506e+01 -2.083333e+01  4.431250e+01
     vertex  1.629759e+01 -1.666667e+01  4.737178e+01
     vertex  2.167321e+01 -1.388889e+01  4.516348e+01
   endloop
 endfacet
 facet normal -5.463965e-01 -2.763778e-02 -8.370705e-01
   outer loop
     vertex  2.383790e+01 -2.222222e+01  4.406004e+01
     vertex  2.988484e+01 -2.500000e+01  4.020462e+01
     vertex  2.477506e+01 -2.500000e+01  4.354002e+01
   endloop
 endfacet
 facet normal -4.405703e-01  1.938028e-02 -8.975089e-01
   outer loop
     vertex  2.383790e+01 -2.222222e+01  4.406004e+01
     vertex  2.477506e+01 -2.500000e+01  4.354002e+01
     vertex  1.929652e+01 -2.500000e+01  4.622934e+01
   endloop
 endfacet
 facet normal -5.028080e-01 -1.407374e-02 -8.642836e-01
   outer loop
     vertex  2.383790e+01 -2.222222e+01  4.406004e+01
     vertex  2.336506e+01 -2.083333e+01  4.431250e+01
     vertex  2.790128e+01 -1.666667e+01  4.160565e+01
   endloop
 endfacet
 facet normal -5.324537e-01  1.554714e-02 -8.463164e-01
   outer loop
     vertex  2.383790e+01 -2.222222e+01  4.406004e+01
     vertex  2.790128e+01 -1.666667e+01  4.160565e+01
     vertex  2.988484e+01 -2.500000e+01  4.020462e+01
   endloop
 endfacet
 facet normal -4.380629e-01  1.424806e-02 -8.988314e-01
   outer loop
     vertex  2.383790e+01 -2.222222e+01  4.406004e+01
     vertex  1.929652e+01 -2.500000e+01  4.622934e+01
     vertex  2.336506e+01 -2.083333e+01  4.431250e+01
   endloop
 endfacet
 facet normal -1.998071e-01  1.680529e-03 -9.798338e-01
   outer loop
     vertex  8.040290e+00 -6.250000e+00  4.945832e+01
     vertex  1.142450e+01 -4.166667e+00  4.877179e+01
     vertex  1.180208e+01 -1.250000e+01  4.868050e+01
   endloop
 endfacet
 facet normal -2.154464e-01 -8.149727e-03 -9.764817e-01
   outer loop
     vertex  8.040290e+00 -6.250000e+00  4.945832e+01
     vertex  1.180208e+01 -1.250000e+01  4.868050e+01
     vertex  9.197073e+00 -1.250000e+01  4.925526e+01
   endloop
 endfacet
 facet normal -1.440982e-01 -2.358318e-02 -9.892823e-01
   outer loop
     vertex  3.732601e+00 -1.875000e+01  4.989390e+01
     vertex  9.369990e+00 -2.500000e+01  4.922175e+01
     vertex  5.697783e+00 -2.500000e+01  4.975664e+01
   endloop
 endfacet
 facet normal -1.503918e-01 -2.937737e-02 -9.881899e-01
   outer loop
     vertex  3.732601e+00 -1.875000e+01  4.989390e+01
     vertex  1.256884e+01 -1.666667e+01  4.848718e+01
     vertex  9.369990e+00 -2.500000e+01  4.922175e+01
   endloop
 endfacet
 facet normal -1.675997e-01  4.590709e-02 -9.847857e-01
   outer loop
     vertex  3.732601e+00 -1.875000e+01  4.989390e+01
     vertex  9.197073e+00 -1.250000e+01  4.925526e+01
     vertex  1.256884e+01 -1.666667e+01  4.848718e+01
   endloop
 endfacet
 facet normal -5.844637e-02 -1.175955e-02 -9.982213e-01
   outer loop
     vertex  3.732601e+00 -1.875000e+01  4.989390e+01
     vertex  7.098824e-01 -1.250000e+01  4.999725e+01
     vertex  6.708418e+00 -1.250000e+01  4.964603e+01
   endloop
 endfacet
 facet normal -1.550297e-01  3.465980e-02 -9.873016e-01
   outer loop
     vertex  3.732601e+00 -1.875000e+01  4.989390e+01
     vertex  6.708418e+00 -1.250000e+01  4.964603e+01
     vertex  9.197073e+00 -1.250000e+01  4.925526e+01
   endloop
 endfacet
 facet normal -8.751705e-01 -7.161786e-03 -4.837616e-01
   outer loop
     vertex  4.292989e+01  1.666667e+01  2.581747e+01
     vertex  4.228534e+01  2.500000e+01  2.686015e+01
     vertex  4.523753e+01  2.500000e+01  2.151937e+01
   endloop
 endfacet
 facet normal -8.098260e-01 -1.110784e-02 -5.865650e-01
   outer loop
     vertex  4.069258e+01  1.666667e+01  2.921697e+01
     vertex  3.870567e+01  2.500000e+01  3.180233e+01
     vertex  4.228534e+01  2.500000e+01  2.686015e+01
   endloop
 endfacet
 facet normal -8.353194e-01  4.176992e-03 -5.497491e-01
   outer loop
     vertex  4.069258e+01  1.666667e+01  2.921697e+01
     vertex  4.228534e+01  2.500000e+01  2.686015e+01
     vertex  4.292989e+01  1.666667e+01  2.581747e+01
   endloop
 endfacet
 facet normal -8.352888e-01 -9.530005e-03 -5.497289e-01
   outer loop
     vertex  4.162188e+01  1.250000e+01  2.787716e+01
     vertex  4.069258e+01  1.666667e+01  2.921697e+01
     vertex  4.292989e+01  1.666667e+01  2.581747e+01
   endloop
 endfacet
 facet normal -7.325326e-01 -5.133193e-03 -6.807126e-01
   outer loop
     vertex  3.818670e+01  1.666667e+01  3.242365e+01
     vertex  3.455163e+01  2.500000e+01  3.627261e+01
     vertex  3.870567e+01  2.500000e+01  3.180233e+01
   endloop
 endfacet
 facet normal -6.954375e-01  2.828396e-02 -7.180298e-01
   outer loop
     vertex  3.818670e+01  1.666667e+01  3.242365e+01
     vertex  3.118654e+01  1.666667e+01  3.920355e+01
     vertex  3.455163e+01  2.500000e+01  3.627261e+01
   endloop
 endfacet
 facet normal -7.879422e-01  3.161588e-03 -6.157411e-01
   outer loop
     vertex  3.818670e+01  1.666667e+01  3.242365e+01
     vertex  3.870567e+01  2.500000e+01  3.180233e+01
     vertex  4.069258e+01  1.666667e+01  2.921697e+01
   endloop
 endfacet
 facet normal -8.135051e-01  5.554634e-03 -5.815313e-01
   outer loop
     vertex  3.984666e+01  1.250000e+01  3.036052e+01
     vertex  4.069258e+01  1.666667e+01  2.921697e+01
     vertex  4.162188e+01  1.250000e+01  2.787716e+01
   endloop
 endfacet
 facet normal -7.879141e-01 -9.023784e-03 -6.157191e-01
   outer loop
     vertex  3.984666e+01  1.250000e+01  3.036052e+01
     vertex  3.818670e+01  1.666667e+01  3.242365e+01
     vertex  4.069258e+01  1.666667e+01  2.921697e+01
   endloop
 endfacet
 facet normal -6.757252e-01  4.989731e-02 -7.354629e-01
   outer loop
     vertex  3.792347e+01  1.250000e+01  3.273114e+01
     vertex  2.940934e+01  1.250000e+01  4.055372e+01
     vertex  3.118654e+01  1.666667e+01  3.920355e+01
   endloop
 endfacet
 facet normal -6.956872e-01 -9.058121e-03 -7.182877e-01
   outer loop
     vertex  3.792347e+01  1.250000e+01  3.273114e+01
     vertex  3.118654e+01  1.666667e+01  3.920355e+01
     vertex  3.818670e+01  1.666667e+01  3.242365e+01
   endloop
 endfacet
 facet normal -6.763581e-01 -2.491015e-02 -7.361517e-01
   outer loop
     vertex  3.792347e+01  1.250000e+01  3.273114e+01
     vertex  3.275322e+01  0.000000e+00  3.790442e+01
     vertex  2.940934e+01  1.250000e+01  4.055372e+01
   endloop
 endfacet
 facet normal -7.765823e-01  2.567108e-03 -6.300106e-01
   outer loop
     vertex  3.792347e+01  1.250000e+01  3.273114e+01
     vertex  3.818670e+01  1.666667e+01  3.242365e+01
     vertex  3.984666e+01  1.250000e+01  3.036052e+01
   endloop
 endfacet
 facet normal -8.751705e-01  7.161786e-03 -4.837616e-01
   outer loop
     vertex  4.292989e+01 -1.666667e+01  2.581747e+01
     vertex  4.523753e+01 -2.500000e+01  2.151937e+01
     vertex  4.228534e+01 -2.500000e+01  2.686015e+01
   endloop
 endfacet
 facet normal -8.098260e-01  1.110784e-02 -5.865650e-01
   outer loop
     vertex  4.069258e+01 -1.666667e+01  2.921697e+01
     vertex  4.228534e+01 -2.500000e+01  2.686015e+01
     vertex  3.870567e+01 -2.500000e+01  3.180233e+01
   endloop
 endfacet
 facet normal -8.353194e-01 -4.176992e-03 -5.497491e-01
   outer loop
     vertex  4.069258e+01 -1.666667e+01  2.921697e+01
     vertex  4.292989e+01 -1.666667e+01  2.581747e+01
     vertex  4.228534e+01 -2.500000e+01  2.686015e+01
   endloop
 endfacet
 facet normal -8.135051e-01 -5.554634e-03 -5.815313e-01
   outer loop
     vertex  4.069258e+01 -1.666667e+01  2.921697e+01
     vertex  3.984666e+01 -1.250000e+01  3.036052e+01
     vertex  4.162188e+01 -1.250000e+01  2.787716e+01
   endloop
 endfacet
 facet normal -8.352888e-01  9.530005e-03 -5.497289e-01
   outer loop
     vertex  4.069258e+01 -1.666667e+01  2.921697e+01
     vertex  4.162188e+01 -1.250000e+01  2.787716e+01
     vertex  4.292989e+01 -1.666667e+01  2.581747e+01
   endloop
 endfacet
 facet normal -5.107698e-01 -2.177784e-03 -8.597147e-01
   outer loop
     vertex  2.619834e+01  4.166667e+00  4.269863e+01
     vertex  2.426066e+01  1.250000e+01  4.382872e+01
     vertex  2.688476e+01  1.250000e+01  4.226970e+01
   endloop
 endfacet
 facet normal -5.621428e-01  3.736048e-03 -8.270317e-01
   outer loop
     vertex  2.619834e+01  4.166667e+00  4.269863e+01
     vertex  2.688476e+01  1.250000e+01  4.226970e+01
     vertex  2.940934e+01  1.250000e+01  4.055372e+01
   endloop
 endfacet
 facet normal -4.516514e-01  1.595380e-02 -8.920518e-01
   outer loop
     vertex  2.619834e+01  4.166667e+00  4.269863e+01
     vertex  1.820554e+01  0.000000e+00  4.667091e+01
     vertex  2.426066e+01  1.250000e+01  4.382872e+01
   endloop
 endfacet
 facet normal -5.836529e-01  1.593270e-02 -8.118470e-01
   outer loop
     vertex  2.619834e+01  4.166667e+00  4.269863e+01
     vertex  2.940934e+01  1.250000e+01  4.055372e+01
     vertex  3.275322e+01  0.000000e+00  3.790442e+01
   endloop
 endfacet
 facet normal -6.757252e-01 -4.989731e-02 -7.354629e-01
   outer loop
     vertex  3.792347e+01 -1.250000e+01  3.273114e+01
     vertex  3.118654e+01 -1.666667e+01  3.920355e+01
     vertex  2.940934e+01 -1.250000e+01  4.055372e+01
   endloop
 endfacet
 facet normal -6.763581e-01  2.491015e-02 -7.361517e-01
   outer loop
     vertex  3.792347e+01 -1.250000e+01  3.273114e+01
     vertex  2.940934e+01 -1.250000e+01  4.055372e+01
     vertex  3.275322e+01  0.000000e+00  3.790442e+01
   endloop
 endfacet
 facet normal -7.879422e-01 -3.161588e-03 -6.157411e-01
   outer loop
     vertex  3.818670e+01 -1.666667e+01  3.242365e+01
     vertex  4.069258e+01 -1.666667e+01  2.921697e+01
     vertex  3.870567e+01 -2.500000e+01  3.180233e+01
   endloop
 endfacet
 facet normal -7.325326e-01  5.133193e-03 -6.807126e-01
   outer loop
     vertex  3.818670e+01 -1.666667e+01  3.242365e+01
     vertex  3.870567e+01 -2.500000e+01  3.180233e+01
     vertex  3.455163e+01 -2.500000e+01  3.627261e+01
   endloop
 endfacet
 facet normal -7.879141e-01  9.023784e-03 -6.157191e-01
   outer loop
     vertex  3.818670e+01 -1.666667e+01  3.242365e+01
     vertex  3.984666e+01 -1.250000e+01  3.036052e+01
     vertex  4.069258e+01 -1.666667e+01  2.921697e+01
   endloop
 endfacet
 facet normal -6.956872e-01  9.058121e-03 -7.182877e-01
   outer loop
     vertex  3.818670e+01 -1.666667e+01  3.242365e+01
     vertex  3.118654e+01 -1.666667e+01  3.920355e+01
     vertex  3.792347e+01 -1.250000e+01  3.273114e+01
   endloop
 endfacet
 facet normal -6.954375e-01 -2.828396e-02 -7.180298e-01
   outer loop
     vertex  3.818670e+01 -1.666667e+01  3.242365e+01
     vertex  3.455163e+01 -2.500000e+01  3.627261e+01
     vertex  3.118654e+01 -1.666667e+01  3.920355e+01
   endloop
 endfacet
 facet normal -7.765823e-01 -2.567108e-03 -6.300106e-01
   outer loop
     vertex  3.818670e+01 -1.666667e+01  3.242365e+01
     vertex  3.792347e+01 -1.250000e+01  3.273114e+01
     vertex  3.984666e+01 -1.250000e+01  3.036052e+01
   endloop
 endfacet
 facet normal -5.870657e-01  7.864582e-03 -8.095011e-01
   outer loop
     vertex  2.585256e+01  0.000000e+00  4.290891e+01
     vertex  2.619834e+01  4.166667e+00  4.269863e+01
     vertex  3.275322e+01  0.000000e+00  3.790442e+01
   endloop
 endfacet
 facet normal -4.414137e-01 -8.651860e-03 -8.972620e-01
   outer loop
     vertex  2.585256e+01  0.000000e+00  4.290891e+01
     vertex  1.820554e+01  0.000000e+00  4.667091e+01
     vertex  2.619834e+01  4.166667e+00  4.269863e+01
   endloop
 endfacet
 facet normal -3.689534e-02 -2.038212e-02 -9.991113e-01
   outer loop
     vertex  1.311875e+00  2.187500e+01  4.998236e+01
     vertex -2.180969e+00  2.500000e+01  5.004759e+01
     vertex  5.697783e+00  2.500000e+01  4.975664e+01
   endloop
 endfacet
 facet normal -4.610656e-02 -7.439641e-03 -9.989088e-01
   outer loop
     vertex  1.311875e+00  2.187500e+01  4.998236e+01
     vertex  5.697783e+00  2.500000e+01  4.975664e+01
     vertex  3.732601e+00  1.875000e+01  4.989390e+01
   endloop
 endfacet
 facet normal -3.561643e-02  6.992733e-04 -9.993653e-01
   outer loop
     vertex  1.311875e+00  2.187500e+01  4.998236e+01
     vertex  3.732601e+00  1.875000e+01  4.989390e+01
     vertex  7.098824e-01  1.250000e+01  4.999725e+01
   endloop
 endfacet
 facet normal -1.900245e-02 -3.682734e-04 -9.998194e-01
   outer loop
     vertex  1.311875e+00  2.187500e+01  4.998236e+01
     vertex  7.098824e-01  1.250000e+01  4.999725e+01
     vertex -2.180969e+00  2.500000e+01  5.004759e+01
   endloop
 endfacet
 facet normal -5.870657e-01 -7.864582e-03 -8.095011e-01
   outer loop
     vertex  2.619834e+01 -4.166667e+00  4.269863e+01
     vertex  2.585256e+01  0.000000e+00  4.290891e+01
     vertex  3.275322e+01  0.000000e+00  3.790442e+01
   endloop
 endfacet
 facet normal -5.621428e-01 -3.736048e-03 -8.270317e-01
   outer loop
     vertex  2.619834e+01 -4.166667e+00  4.269863e+01
     vertex  2.940934e+01 -1.250000e+01  4.055372e+01
     vertex  2.688476e+01 -1.250000e+01  4.226970e+01
   endloop
 endfacet
 facet normal -4.414137e-01  8.651860e-03 -8.972620e-01
   outer loop
     vertex  2.619834e+01 -4.166667e+00  4.269863e+01
     vertex  1.820554e+01  0.000000e+00  4.667091e+01
     vertex  2.585256e+01  0.000000e+00  4.290891e+01
   endloop
 endfacet
 facet normal -4.516514e-01 -1.595380e-02 -8.920518e-01
   outer loop
     vertex  2.619834e+01 -4.166667e+00  4.269863e+01
     vertex  2.426066e+01 -1.250000e+01  4.382872e+01
     vertex  1.820554e+01  0.000000e+00  4.667091e+01
   endloop
 endfacet
 facet normal -5.107698e-01  2.177784e-03 -8.597147e-01
   outer loop
     vertex  2.619834e+01 -4.166667e+00  4.269863e+01
     vertex  2.688476e+01 -1.250000e+01  4.226970e+01
     vertex  2.426066e+01 -1.250000e+01  4.382872e+01
   endloop
 endfacet
 facet normal -5.836529e-01 -1.593270e-02 -8.118470e-01
   outer loop
     vertex  2.619834e+01 -4.166667e+00  4.269863e+01
     vertex  3.275322e+01  0.000000e+00  3.790442e+01
     vertex  2.940934e+01 -1.250000e+01  4.055372e+01
   endloop
 endfacet
 facet normal -5.843341e-02 -2.411438e-02 -9.980000e-01
   outer loop
     vertex  4.404657e+00  9.375000e+00  4.985643e+01
     vertex  7.098824e-01  1.250000e+01  4.999725e+01
     vertex  6.708418e+00  1.250000e+01  4.964603e+01
   endloop
 endfacet
 facet normal -1.549456e-01  4.779110e-02 -9.867664e-01
   outer loop
     vertex  4.404657e+00  9.375000e+00  4.985643e+01
     vertex  6.708418e+00  1.250000e+01  4.964603e+01
     vertex  9.197073e+00  1.250000e+01  4.925526e+01
   endloop
 endfacet
 facet normal -3.944790e-02 -1.612287e-03 -9.992203e-01
   outer loop
     vertex  4.404657e+00  9.375000e+00  4.985643e+01
     vertex  2.871350e+00  0.000000e+00  4.993209e+01
     vertex  7.098824e-01  1.250000e+01  4.999725e+01
   endloop
 endfacet
 facet normal -1.381966e-01 -3.468359e-02 -9.897973e-01
   outer loop
     vertex  4.404657e+00  9.375000e+00  4.985643e+01
     vertex  8.040290e+00  6.250000e+00  4.945832e+01
     vertex  6.609292e+00  6.250000e+00  4.965812e+01
   endloop
 endfacet
 facet normal -1.177349e-01 -1.047159e-02 -9.929899e-01
   outer loop
     vertex  4.404657e+00  9.375000e+00  4.985643e+01
     vertex  9.197073e+00  1.250000e+01  4.925526e+01
     vertex  8.040290e+00  6.250000e+00  4.945832e+01
   endloop
 endfacet
 facet normal -6.785365e-02  3.045895e-03 -9.976906e-01
   outer loop
     vertex  5.937201e+00  3.125000e+00  4.973312e+01
     vertex  2.871350e+00  0.000000e+00  4.993209e+01
     vertex  4.404657e+00  9.375000e+00  4.985643e+01
   endloop
 endfacet
 facet normal -9.458083e-02 -3.550806e-03 -9.955109e-01
   outer loop
     vertex  5.937201e+00  3.125000e+00  4.973312e+01
     vertex  4.404657e+00  9.375000e+00  4.985643e+01
     vertex  6.609292e+00  6.250000e+00  4.965812e+01
   endloop
 endfacet
 facet normal -1.786839e-01  3.378324e-02 -9.833264e-01
   outer loop
     vertex  5.937201e+00  3.125000e+00  4.973312e+01
     vertex  8.040290e+00  6.250000e+00  4.945832e+01
     vertex  1.142450e+01  4.166667e+00  4.877179e+01
   endloop
 endfacet
 facet normal -1.382774e-01  5.970208e-03 -9.903755e-01
   outer loop
     vertex  5.937201e+00  3.125000e+00  4.973312e+01
     vertex  6.609292e+00  6.250000e+00  4.965812e+01
     vertex  8.040290e+00  6.250000e+00  4.945832e+01
   endloop
 endfacet
 facet normal -1.720544e-01 -2.761785e-03 -9.850836e-01
   outer loop
     vertex  5.937201e+00  3.125000e+00  4.973312e+01
     vertex  1.142450e+01  4.166667e+00  4.877179e+01
     vertex  1.123650e+01  0.000000e+00  4.881630e+01
   endloop
 endfacet
 facet normal -1.704739e-01  0.000000e+00 -9.853622e-01
   outer loop
     vertex  5.937201e+00 -3.125000e+00  4.973312e+01
     vertex  5.937201e+00  3.125000e+00  4.973312e+01
     vertex  1.123650e+01  0.000000e+00  4.881630e+01
   endloop
 endfacet
 facet normal -6.476262e-02  0.000000e+00 -9.979007e-01
   outer loop
     vertex  5.937201e+00 -3.125000e+00  4.973312e+01
     vertex  2.871350e+00  0.000000e+00  4.993209e+01
     vertex  5.937201e+00  3.125000e+00  4.973312e+01
   endloop
 endfacet
 facet normal -1.786839e-01 -3.378324e-02 -9.833264e-01
   outer loop
     vertex  5.937201e+00 -3.125000e+00  4.973312e+01
     vertex  1.142450e+01 -4.166667e+00  4.877179e+01
     vertex  8.040290e+00 -6.250000e+00  4.945832e+01
   endloop
 endfacet
 facet normal -1.720544e-01  2.761785e-03 -9.850836e-01
   outer loop
     vertex  5.937201e+00 -3.125000e+00  4.973312e+01
     vertex  1.123650e+01  0.000000e+00  4.881630e+01
     vertex  1.142450e+01 -4.166667e+00  4.877179e+01
   endloop
 endfacet
 facet normal -1.382774e-01 -5.970208e-03 -9.903755e-01
   outer loop
     vertex  5.937201e+00 -3.125000e+00  4.973312e+01
     vertex  8.040290e+00 -6.250000e+00  4.945832e+01
     vertex  6.609292e+00 -6.250000e+00  4.965812e+01
   endloop
 endfacet
 facet normal -9.458083e-02  3.550806e-03 -9.955109e-01
   outer loop
     vertex  4.404657e+00 -9.375000e+00  4.985643e+01
     vertex  5.937201e+00 -3.125000e+00  4.973312e+01
     vertex  6.609292e+00 -6.250000e+00  4.965812e+01
   endloop
 endfacet
 facet normal -3.944790e-02  1.612287e-03 -9.992203e-01
   outer loop
     vertex  4.404657e+00 -9.375000e+00  4.985643e+01
     vertex  7.098824e-01 -1.250000e+01  4.999725e+01
     vertex  2.871350e+00  0.000000e+00  4.993209e+01
   endloop
 endfacet
 facet normal -1.177349e-01  1.047159e-02 -9.929899e-01
   outer loop
     vertex  4.404657e+00 -9.375000e+00  4.985643e+01
     vertex  8.040290e+00 -6.250000e+00  4.945832e+01
     vertex  9.197073e+00 -1.250000e+01  4.925526e+01
   endloop
 endfacet
 facet normal -1.381966e-01  3.468359e-02 -9.897973e-01
   outer loop
     vertex  4.404657e+00 -9.375000e+00  4.985643e+01
     vertex  6.609292e+00 -6.250000e+00  4.965812e+01
     vertex  8.040290e+00 -6.250000e+00  4.945832e+01
   endloop
 endfacet
 facet normal -5.843341e-02  2.411438e-02 -9.980000e-01
   outer loop
     vertex  4.404657e+00 -9.375000e+00  4.985643e+01
     vertex  6.708418e+00 -1.250000e+01  4.964603e+01
     vertex  7.098824e-01 -1.250000e+01  4.999725e+01
   endloop
 endfacet
 facet normal -6.785365e-02 -3.045895e-03 -9.976906e-01
   outer loop
     vertex  4.404657e+00 -9.375000e+00  4.985643e+01
     vertex  2.871350e+00  0.000000e+00  4.993209e+01
     vertex  5.937201e+00 -3.125000e+00  4.973312e+01
   endloop
 endfacet
 facet normal -1.549456e-01 -4.779110e-02 -9.867664e-01
   outer loop
     vertex  4.404657e+00 -9.375000e+00  4.985643e+01
     vertex  9.197073e+00 -1.250000e+01  4.925526e+01
     vertex  6.708418e+00 -1.250000e+01  4.964603e+01
   endloop
 endfacet
 facet normal -1.900245e-02  3.682734e-04 -9.998194e-01
   outer loop
     vertex  1.311875e+00 -2.187500e+01  4.998236e+01
     vertex -2.180969e+00 -2.500000e+01  5.004759e+01
     vertex  7.098824e-01 -1.250000e+01  4.999725e+01
   endloop
 endfacet
 facet normal -3.689534e-02  2.038212e-02 -9.991113e-01
   outer loop
     vertex  1.311875e+00 -2.187500e+01  4.998236e+01
     vertex  5.697783e+00 -2.500000e+01  4.975664e+01
     vertex -2.180969e+00 -2.500000e+01  5.004759e+01
   endloop
 endfacet
 facet normal -4.610656e-02  7.439641e-03 -9.989088e-01
   outer loop
     vertex  1.311875e+00 -2.187500e+01  4.998236e+01
     vertex  3.732601e+00 -1.875000e+01  4.989390e+01
     vertex  5.697783e+00 -2.500000e+01  4.975664e+01
   endloop
 endfacet
 facet normal -3.561643e-02 -6.992733e-04 -9.993653e-01
   outer loop
     vertex  1.311875e+00 -2.187500e+01  4.998236e+01
     vertex  7.098824e-01 -1.250000e+01  4.999725e+01
     vertex  3.732601e+00 -1.875000e+01  4.989390e+01
   endloop
 endfacet
 facet normal -9.660261e-01 -1.115402e-02 -2.582038e-01
   outer loop
     vertex  4.841403e+01  1.666667e+01  1.286851e+01
     vertex  4.751843e+01  2.500000e+01  1.585926e+01
     vertex  4.909419e+01  2.500000e+01  9.963813e+00
   endloop
 endfacet
 facet normal -9.275050e-01 -5.855194e-03 -3.737650e-01
   outer loop
     vertex  4.720971e+01  1.666667e+01  1.675590e+01
     vertex  4.523753e+01  2.500000e+01  2.151937e+01
     vertex  4.751843e+01  2.500000e+01  1.585926e+01
   endloop
 endfacet
 facet normal -9.038099e-01  3.011021e-02 -4.268735e-01
   outer loop
     vertex  4.720971e+01  1.666667e+01  1.675590e+01
     vertex  4.292989e+01  1.666667e+01  2.581747e+01
     vertex  4.523753e+01  2.500000e+01  2.151937e+01
   endloop
 endfacet
 facet normal -9.552049e-01  3.546417e-03 -2.959242e-01
   outer loop
     vertex  4.720971e+01  1.666667e+01  1.675590e+01
     vertex  4.751843e+01  2.500000e+01  1.585926e+01
     vertex  4.841403e+01  1.666667e+01  1.286851e+01
   endloop
 endfacet
 facet normal -9.551703e-01 -9.215577e-03 -2.959135e-01
   outer loop
     vertex  4.800940e+01  1.250000e+01  1.430438e+01
     vertex  4.720971e+01  1.666667e+01  1.675590e+01
     vertex  4.841403e+01  1.666667e+01  1.286851e+01
   endloop
 endfacet
 facet normal -9.492158e-01  2.928781e-03 -3.146120e-01
   outer loop
     vertex  4.704900e+01  1.250000e+01  1.720199e+01
     vertex  4.720971e+01  1.666667e+01  1.675590e+01
     vertex  4.800940e+01  1.250000e+01  1.430438e+01
   endloop
 endfacet
 facet normal -9.660261e-01  1.115402e-02 -2.582038e-01
   outer loop
     vertex  4.841403e+01 -1.666667e+01  1.286851e+01
     vertex  4.909419e+01 -2.500000e+01  9.963813e+00
     vertex  4.751843e+01 -2.500000e+01  1.585926e+01
   endloop
 endfacet
 facet normal -8.286113e-01  1.734013e-02 -5.595557e-01
   outer loop
     vertex  3.926482e+01  4.166667e+00  3.110934e+01
     vertex  4.162188e+01  1.250000e+01  2.787716e+01
     vertex  4.394315e+01  0.000000e+00  2.405237e+01
   endloop
 endfacet
 facet normal -8.135092e-01  4.543910e-03 -5.815342e-01
   outer loop
     vertex  3.926482e+01  4.166667e+00  3.110934e+01
     vertex  3.984666e+01  1.250000e+01  3.036052e+01
     vertex  4.162188e+01  1.250000e+01  2.787716e+01
   endloop
 endfacet
 facet normal -7.269677e-01  1.658382e-02 -6.864713e-01
   outer loop
     vertex  3.926482e+01  4.166667e+00  3.110934e+01
     vertex  3.275322e+01  0.000000e+00  3.790442e+01
     vertex  3.792347e+01  1.250000e+01  3.273114e+01
   endloop
 endfacet
 facet normal -7.765827e-01 -2.390372e-03 -6.300108e-01
   outer loop
     vertex  3.926482e+01  4.166667e+00  3.110934e+01
     vertex  3.792347e+01  1.250000e+01  3.273114e+01
     vertex  3.984666e+01  1.250000e+01  3.036052e+01
   endloop
 endfacet
 facet normal -9.275050e-01  5.855194e-03 -3.737650e-01
   outer loop
     vertex  4.720971e+01 -1.666667e+01  1.675590e+01
     vertex  4.751843e+01 -2.500000e+01  1.585926e+01
     vertex  4.523753e+01 -2.500000e+01  2.151937e+01
   endloop
 endfacet
 facet normal -9.038099e-01 -3.011021e-02 -4.268735e-01
   outer loop
     vertex  4.720971e+01 -1.666667e+01  1.675590e+01
     vertex  4.523753e+01 -2.500000e+01  2.151937e+01
     vertex  4.292989e+01 -1.666667e+01  2.581747e+01
   endloop
 endfacet
 facet normal -9.552049e-01 -3.546417e-03 -2.959242e-01
   outer loop
     vertex  4.720971e+01 -1.666667e+01  1.675590e+01
     vertex  4.841403e+01 -1.666667e+01  1.286851e+01
     vertex  4.751843e+01 -2.500000e+01  1.585926e+01
   endloop
 endfacet
 facet normal -9.551703e-01  9.215577e-03 -2.959135e-01
   outer loop
     vertex  4.720971e+01 -1.666667e+01  1.675590e+01
     vertex  4.800940e+01 -1.250000e+01  1.430438e+01
     vertex  4.841403e+01 -1.666667e+01  1.286851e+01
   endloop
 endfacet
 facet normal -9.492158e-01 -2.928781e-03 -3.146120e-01
   outer loop
     vertex  4.720971e+01 -1.666667e+01  1.675590e+01
     vertex  4.704900e+01 -1.250000e+01  1.720199e+01
     vertex  4.800940e+01 -1.250000e+01  1.430438e+01
   endloop
 endfacet
 facet normal -8.308192e-01  9.616808e-03 -5.564593e-01
   outer loop
     vertex  3.896861e+01  0.000000e+00  3.147959e+01
     vertex  3.926482e+01  4.166667e+00  3.110934e+01
     vertex  4.394315e+01  0.000000e+00  2.405237e+01
   endloop
 endfacet
 facet normal -7.186832e-01 -1.068829e-02 -6.952555e-01
   outer loop
     vertex  3.896861e+01  0.000000e+00  3.147959e+01
     vertex  3.275322e+01  0.000000e+00  3.790442e+01
     vertex  3.926482e+01  4.166667e+00  3.110934e+01
   endloop
 endfacet
 facet normal -8.308192e-01 -9.616808e-03 -5.564593e-01
   outer loop
     vertex  3.926482e+01 -4.166667e+00  3.110934e+01
     vertex  3.896861e+01  0.000000e+00  3.147959e+01
     vertex  4.394315e+01  0.000000e+00  2.405237e+01
   endloop
 endfacet
 facet normal -8.135092e-01 -4.543910e-03 -5.815342e-01
   outer loop
     vertex  3.926482e+01 -4.166667e+00  3.110934e+01
     vertex  4.162188e+01 -1.250000e+01  2.787716e+01
     vertex  3.984666e+01 -1.250000e+01  3.036052e+01
   endloop
 endfacet
 facet normal -7.269677e-01 -1.658382e-02 -6.864713e-01
   outer loop
     vertex  3.926482e+01 -4.166667e+00  3.110934e+01
     vertex  3.792347e+01 -1.250000e+01  3.273114e+01
     vertex  3.275322e+01  0.000000e+00  3.790442e+01
   endloop
 endfacet
 facet normal -8.286113e-01 -1.734013e-02 -5.595557e-01
   outer loop
     vertex  3.926482e+01 -4.166667e+00  3.110934e+01
     vertex  4.394315e+01  0.000000e+00  2.405237e+01
     vertex  4.162188e+01 -1.250000e+01  2.787716e+01
   endloop
 endfacet
 facet normal -7.186832e-01  1.068829e-02 -6.952555e-01
   outer loop
     vertex  3.926482e+01 -4.166667e+00  3.110934e+01
     vertex  3.275322e+01  0.000000e+00  3.790442e+01
     vertex  3.896861e+01  0.000000e+00  3.147959e+01
   endloop
 endfacet
 facet normal -7.765827e-01  2.390372e-03 -6.300108e-01
   outer loop
     vertex  3.926482e+01 -4.166667e+00  3.110934e+01
     vertex  3.984666e+01 -1.250000e+01  3.036052e+01
     vertex  3.792347e+01 -1.250000e+01  3.273114e+01
   endloop
 endfacet
 facet normal -9.995275e-01  2.534605e-02 -1.738944e-02
   outer loop
     vertex  4.985376e+01  2.222222e+01  4.911189e+00
     vertex  4.994144e+01  2.500000e+01  3.920507e+00
     vertex  5.004759e+01  2.500000e+01 -2.180969e+00
   endloop
 endfacet
 facet normal -9.901501e-01 -1.825564e-02 -1.388145e-01
   outer loop
     vertex  4.985376e+01  2.222222e+01  4.911189e+00
     vertex  4.909419e+01  2.500000e+01  9.963813e+00
     vertex  4.994144e+01  2.500000e+01  3.920507e+00
   endloop
 endfacet
 facet normal -9.849169e-01  2.050191e-02 -1.718090e-01
   outer loop
     vertex  4.980256e+01  2.083333e+01  5.405829e+00
     vertex  4.841403e+01  1.666667e+01  1.286851e+01
     vertex  4.909419e+01  2.500000e+01  9.963813e+00
   endloop
 endfacet
 facet normal -9.898815e-01 -1.379961e-02 -1.412240e-01
   outer loop
     vertex  4.980256e+01  2.083333e+01  5.405829e+00
     vertex  4.909419e+01  2.500000e+01  9.963813e+00
     vertex  4.985376e+01  2.222222e+01  4.911189e+00
   endloop
 endfacet
 facet normal -9.993912e-01  3.151539e-02 -1.496937e-02
   outer loop
     vertex  4.980256e+01  2.083333e+01  5.405829e+00
     vertex  4.985376e+01  2.222222e+01  4.911189e+00
     vertex  5.004759e+01  2.500000e+01 -2.180969e+00
   endloop
 endfacet
 facet normal -9.993090e-01 -7.512060e-03 -3.640058e-02
   outer loop
     vertex  4.990209e+01  1.250000e+01  4.393028e+00
     vertex  4.980256e+01  2.083333e+01  5.405829e+00
     vertex  5.004759e+01  2.500000e+01 -2.180969e+00
   endloop
 endfacet
 facet normal -9.922051e-01  1.551791e-02 -1.236455e-01
   outer loop
     vertex  4.956840e+01  1.388889e+01  7.245094e+00
     vertex  4.990209e+01  1.250000e+01  4.393028e+00
     vertex  4.889679e+01  0.000000e+00  1.089134e+01
   endloop
 endfacet
 facet normal -9.771380e-01  2.202034e-02 -2.114626e-01
   outer loop
     vertex  4.956840e+01  1.388889e+01  7.245094e+00
     vertex  4.800940e+01  1.250000e+01  1.430438e+01
     vertex  4.841403e+01  1.666667e+01  1.286851e+01
   endloop
 endfacet
 facet normal -9.760113e-01 -9.903333e-03 -2.174947e-01
   outer loop
     vertex  4.956840e+01  1.388889e+01  7.245094e+00
     vertex  4.889679e+01  0.000000e+00  1.089134e+01
     vertex  4.800940e+01  1.250000e+01  1.430438e+01
   endloop
 endfacet
 facet normal -9.811229e-01 -1.791631e-02 -1.925533e-01
   outer loop
     vertex  4.956840e+01  1.388889e+01  7.245094e+00
     vertex  4.841403e+01  1.666667e+01  1.286851e+01
     vertex  4.980256e+01  2.083333e+01  5.405829e+00
   endloop
 endfacet
 facet normal -9.930864e-01  2.401946e-03 -1.173615e-01
   outer loop
     vertex  4.956840e+01  1.388889e+01  7.245094e+00
     vertex  4.980256e+01  2.083333e+01  5.405829e+00
     vertex  4.990209e+01  1.250000e+01  4.393028e+00
   endloop
 endfacet
 facet normal -1.000000e+00  0.000000e+00 -2.352831e-04
   outer loop
     vertex  5.004656e+01  0.000000e+00  2.204522e+00
     vertex  5.004759e+01  2.500000e+01 -2.180969e+00
     vertex  5.004759e+01 -2.500000e+01 -2.180969e+00
   endloop
 endfacet
 facet normal -9.912885e-01  1.151474e-02 -1.312041e-01
   outer loop
     vertex  5.004656e+01  0.000000e+00  2.204522e+00
     vertex  4.889679e+01  0.000000e+00  1.089134e+01
     vertex  4.990209e+01  1.250000e+01  4.393028e+00
   endloop
 endfacet
 facet normal -9.994364e-01 -5.760338e-03 -3.307262e-02
   outer loop
     vertex  5.004656e+01  0.000000e+00  2.204522e+00
     vertex  4.990209e+01  1.250000e+01  4.393028e+00
     vertex  5.004759e+01  2.500000e+01 -2.180969e+00
   endloop
 endfacet
 facet normal -8.626715e-01 -5.453093e-03 -5.057352e-01
   outer loop
     vertex  4.465559e+01  1.250000e+01  2.270233e+01
     vertex  4.394315e+01  0.000000e+00  2.405237e+01
     vertex  4.162188e+01  1.250000e+01  2.787716e+01
   endloop
 endfacet
 facet normal -9.028450e-01 -5.512533e-02 -4.264178e-01
   outer loop
     vertex  4.465559e+01  1.250000e+01  2.270233e+01
     vertex  4.292989e+01  1.666667e+01  2.581747e+01
     vertex  4.720971e+01  1.666667e+01  1.675590e+01
   endloop
 endfacet
 facet normal -9.169259e-01 -7.350265e-03 -3.989898e-01
   outer loop
     vertex  4.465559e+01  1.250000e+01  2.270233e+01
     vertex  4.720971e+01  1.666667e+01  1.675590e+01
     vertex  4.704900e+01  1.250000e+01  1.720199e+01
   endloop
 endfacet
 facet normal -8.624976e-01  2.080917e-02 -5.056332e-01
   outer loop
     vertex  4.465559e+01  1.250000e+01  2.270233e+01
     vertex  4.162188e+01  1.250000e+01  2.787716e+01
     vertex  4.292989e+01  1.666667e+01  2.581747e+01
   endloop
 endfacet
 facet normal -9.994364e-01  5.760338e-03 -3.307262e-02
   outer loop
     vertex  4.990209e+01 -1.250000e+01  4.393028e+00
     vertex  5.004656e+01  0.000000e+00  2.204522e+00
     vertex  5.004759e+01 -2.500000e+01 -2.180969e+00
   endloop
 endfacet
 facet normal -9.912885e-01 -1.151474e-02 -1.312041e-01
   outer loop
     vertex  4.990209e+01 -1.250000e+01  4.393028e+00
     vertex  4.889679e+01  0.000000e+00  1.089134e+01
     vertex  5.004656e+01  0.000000e+00  2.204522e+00
   endloop
 endfacet
 facet normal -9.492191e-01  1.335019e-03 -3.146131e-01
   outer loop
     vertex  4.688408e+01  0.000000e+00  1.764654e+01
     vertex  4.704900e+01  1.250000e+01  1.720199e+01
     vertex  4.800940e+01  1.250000e+01  1.430438e+01
   endloop
 endfacet
 facet normal -9.087798e-01  6.734554e-03 -4.172216e-01
   outer loop
     vertex  4.688408e+01  0.000000e+00  1.764654e+01
     vertex  4.394315e+01  0.000000e+00  2.405237e+01
     vertex  4.465559e+01  1.250000e+01  2.270233e+01
   endloop
 endfacet
 facet normal -9.583179e-01  9.929759e-03 -2.855315e-01
   outer loop
     vertex  4.688408e+01  0.000000e+00  1.764654e+01
     vertex  4.800940e+01  1.250000e+01  1.430438e+01
     vertex  4.889679e+01  0.000000e+00  1.089134e+01
   endloop
 endfacet
 facet normal -9.583179e-01 -9.929759e-03 -2.855315e-01
   outer loop
     vertex  4.688408e+01  0.000000e+00  1.764654e+01
     vertex  4.889679e+01  0.000000e+00  1.089134e+01
     vertex  4.800940e+01 -1.250000e+01  1.430438e+01
   endloop
 endfacet
 facet normal -9.492191e-01 -1.335019e-03 -3.146131e-01
   outer loop
     vertex  4.688408e+01  0.000000e+00  1.764654e+01
     vertex  4.800940e+01 -1.250000e+01  1.430438e+01
     vertex  4.704900e+01 -1.250000e+01  1.720199e+01
   endloop
 endfacet
 facet normal -9.169486e-01 -2.091871e-03 -3.989997e-01
   outer loop
     vertex  4.688408e+01  0.000000e+00  1.764654e+01
     vertex  4.465559e+01  1.250000e+01  2.270233e+01
     vertex  4.704900e+01  1.250000e+01  1.720199e+01
   endloop
 endfacet
 facet normal -9.922051e-01 -1.551791e-02 -1.236455e-01
   outer loop
     vertex  4.956840e+01 -1.388889e+01  7.245094e+00
     vertex  4.889679e+01  0.000000e+00  1.089134e+01
     vertex  4.990209e+01 -1.250000e+01  4.393028e+00
   endloop
 endfacet
 facet normal -9.760113e-01  9.903333e-03 -2.174947e-01
   outer loop
     vertex  4.956840e+01 -1.388889e+01  7.245094e+00
     vertex  4.800940e+01 -1.250000e+01  1.430438e+01
     vertex  4.889679e+01  0.000000e+00  1.089134e+01
   endloop
 endfacet
 facet normal -9.771380e-01 -2.202034e-02 -2.114626e-01
   outer loop
     vertex  4.956840e+01 -1.388889e+01  7.245094e+00
     vertex  4.841403e+01 -1.666667e+01  1.286851e+01
     vertex  4.800940e+01 -1.250000e+01  1.430438e+01
   endloop
 endfacet
 facet normal -9.930864e-01 -2.401946e-03 -1.173615e-01
   outer loop
     vertex  4.980256e+01 -2.083333e+01  5.405829e+00
     vertex  4.956840e+01 -1.388889e+01  7.245094e+00
     vertex  4.990209e+01 -1.250000e+01  4.393028e+00
   endloop
 endfacet
 facet normal -9.811229e-01  1.791631e-02 -1.925533e-01
   outer loop
     vertex  4.980256e+01 -2.083333e+01  5.405829e+00
     vertex  4.841403e+01 -1.666667e+01  1.286851e+01
     vertex  4.956840e+01 -1.388889e+01  7.245094e+00
   endloop
 endfacet
 facet normal -9.849169e-01 -2.050191e-02 -1.718090e-01
   outer loop
     vertex  4.980256e+01 -2.083333e+01  5.405829e+00
     vertex  4.909419e+01 -2.500000e+01  9.963813e+00
     vertex  4.841403e+01 -1.666667e+01  1.286851e+01
   endloop
 endfacet
 facet normal -9.993090e-01  7.512060e-03 -3.640058e-02
   outer loop
     vertex  4.980256e+01 -2.083333e+01  5.405829e+00
     vertex  4.990209e+01 -1.250000e+01  4.393028e+00
     vertex  5.004759e+01 -2.500000e+01 -2.180969e+00
   endloop
 endfacet
 facet normal -9.995275e-01 -2.534605e-02 -1.738944e-02
   outer loop
     vertex  4.985376e+01 -2.222222e+01  4.911189e+00
     vertex  5.004759e+01 -2.500000e+01 -2.180969e+00
     vertex  4.994144e+01 -2.500000e+01  3.920507e+00
   endloop
 endfacet
 facet normal -9.901501e-01  1.825564e-02 -1.388145e-01
   outer loop
     vertex  4.985376e+01 -2.222222e+01  4.911189e+00
     vertex  4.994144e+01 -2.500000e+01  3.920507e+00
     vertex  4.909419e+01 -2.500000e+01  9.963813e+00
   endloop
 endfacet
 facet normal -9.993912e-01 -3.151539e-02 -1.496937e-02
   outer loop
     vertex  4.985376e+01 -2.222222e+01  4.911189e+00
     vertex  4.980256e+01 -2.083333e+01  5.405829e+00
     vertex  5.004759e+01 -2.500000e+01 -2.180969e+00
   endloop
 endfacet
 facet normal -9.898815e-01  1.379961e-02 -1.412240e-01
   outer loop
     vertex  4.985376e+01 -2.222222e+01  4.911189e+00
     vertex  4.909419e+01 -2.500000e+01  9.963813e+00
     vertex  4.980256e+01 -2.083333e+01  5.405829e+00
   endloop
 endfacet
 facet normal -9.169486e-01  2.091871e-03 -3.989997e-01
   outer loop
     vertex  4.465559e+01 -1.250000e+01  2.270233e+01
     vertex  4.688408e+01  0.000000e+00  1.764654e+01
     vertex  4.704900e+01 -1.250000e+01  1.720199e+01
   endloop
 endfacet
 facet normal -9.087798e-01 -6.734554e-03 -4.172216e-01
   outer loop
     vertex  4.465559e+01 -1.250000e+01  2.270233e+01
     vertex  4.394315e+01  0.000000e+00  2.405237e+01
     vertex  4.688408e+01  0.000000e+00  1.764654e+01
   endloop
 endfacet
 facet normal -8.624976e-01 -2.080917e-02 -5.056332e-01
   outer loop
     vertex  4.465559e+01 -1.250000e+01  2.270233e+01
     vertex  4.292989e+01 -1.666667e+01  2.581747e+01
     vertex  4.162188e+01 -1.250000e+01  2.787716e+01
   endloop
 endfacet
 facet normal -8.626715e-01  5.453093e-03 -5.057352e-01
   outer loop
     vertex  4.465559e+01 -1.250000e+01  2.270233e+01
     vertex  4.162188e+01 -1.250000e+01  2.787716e+01
     vertex  4.394315e+01  0.000000e+00  2.405237e+01
   endloop
 endfacet
 facet normal -9.028450e-01  5.512533e-02 -4.264178e-01
   outer loop
     vertex  4.465559e+01 -1.250000e+01  2.270233e+01
     vertex  4.720971e+01 -1.666667e+01  1.675590e+01
     vertex  4.292989e+01 -1.666667e+01  2.581747e+01
   endloop
 endfacet
 facet normal -9.169259e-01  7.350265e-03 -3.989898e-01
   outer loop
     vertex  4.465559e+01 -1.250000e+01  2.270233e+01
     vertex  4.704900e+01 -1.250000e+01  1.720199e+01
     vertex  4.720971e+01 -1.666667e+01  1.675590e+01
   endloop
 endfacet
 facet normal  4.361939e-02  0.000000e+00 -9.990482e-01
   outer loop
     vertex  1.499524e+02  2.500000e+01  2.180969e+00
     vertex  5.004759e+01 -2.500000e+01 -2.180969e+00
     vertex  5.004759e+01  2.500000e+01 -2.180969e+00
   endloop
 endfacet
 facet normal  4.361939e-02  0.000000e+00 -9.990482e-01
   outer loop
     vertex  1.499524e+02 -2.500000e+01  2.180969e+00
     vertex  5.004759e+01 -2.500000e+01 -2.180969e+00
     vertex  1.499524e+02  2.500000e+01  2.180969e+00
   endloop
 endfacet
 facet normal -9.990482e-01  0.000000e+00  4.361939e-02
   outer loop
     vertex  2.180969e+00  2.500000e+01  1.499524e+02
     vertex -2.180969e+00  2.500000e+01  5.004759e+01
     vertex -2.180969e+00 -2.500000e+01  5.004759e+01
   endloop
 endfacet
 facet normal -9.990482e-01  0.000000e+00  4.361939e-02
   outer loop
     vertex  2.180969e+00 -2.500000e+01  1.499524e+02
     vertex  2.180969e+00  2.500000e+01  1.499524e+02
     vertex -2.180969e+00 -2.500000e+01  5.004759e+01
   endloop
 endfacet
endsolid
