solid 
 facet normal -2.855007e-12  1.000000e+00  1.274920e-10
   outer loop
     vertex  6.254868e+01  2.500000e+01 -1.024670e+00
     vertex  5.004759e+01  2.500000e+01  2.180969e+00
     vertex  7.502825e+01  2.500000e+01 -7.212706e-01
   endloop
 endfacet
 facet normal -4.065840e-11  1.000000e+00 -1.993057e-11
   outer loop
     vertex  6.254868e+01  2.500000e+01 -1.024670e+00
     vertex  4.994167e+01  2.500000e+01 -3.917448e+00
     vertex  5.004759e+01  2.500000e+01  2.180969e+00
   endloop
 endfacet
 facet normal  2.492899e-12  1.000000e+00 -9.248040e-11
   outer loop
     vertex  6.254868e+01  2.500000e+01 -1.024670e+00
     vertex  7.502825e+01  2.500000e+01 -7.212706e-01
     vertex  7.484518e+01  2.500000e+01 -5.287473e+00
   endloop
 endfacet
 facet normal  2.844786e-12  1.000000e+00 -2.949829e-11
   outer loop
     vertex  6.198742e+01  2.500000e+01 -8.423036e+00
     vertex  7.484518e+01  2.500000e+01 -5.287473e+00
     vertex  7.444504e+01  2.500000e+01 -9.364468e+00
   endloop
 endfacet
 facet normal -3.085703e-11  1.000000e+00 -6.264588e-11
   outer loop
     vertex  6.198742e+01  2.500000e+01 -8.423036e+00
     vertex  4.994167e+01  2.500000e+01 -3.917448e+00
     vertex  6.254868e+01  2.500000e+01 -1.024670e+00
   endloop
 endfacet
 facet normal  1.158415e-12  1.000000e+00  2.294785e-11
   outer loop
     vertex  6.198742e+01  2.500000e+01 -8.423036e+00
     vertex  4.909542e+01  2.500000e+01 -9.957793e+00
     vertex  4.994167e+01  2.500000e+01 -3.917448e+00
   endloop
 endfacet
 facet normal  1.171594e-11  1.000000e+00 -6.587556e-11
   outer loop
     vertex  6.198742e+01  2.500000e+01 -8.423036e+00
     vertex  6.254868e+01  2.500000e+01 -1.024670e+00
     vertex  7.484518e+01  2.500000e+01 -5.287473e+00
   endloop
 endfacet
 facet normal  1.224240e-11  1.000000e+00  2.803972e-10
   outer loop
     vertex  8.751210e+01  2.500000e+01 -5.113547e-01
     vertex  5.004759e+01  2.500000e+01  2.180969e+00
     vertex  1.499524e+02  2.500000e+01 -2.180969e+00
   endloop
 endfacet
 facet normal  7.917529e-12  1.000000e+00  2.202152e-10
   outer loop
     vertex  8.751210e+01  2.500000e+01 -5.113547e-01
     vertex  7.502825e+01  2.500000e+01 -7.212706e-01
     vertex  5.004759e+01  2.500000e+01  2.180969e+00
   endloop
 endfacet
 facet normal -1.962546e-12  1.000000e+00  1.992751e-11
   outer loop
     vertex  8.751210e+01  2.500000e+01 -5.113547e-01
     vertex  1.249134e+02  2.500000e+01 -4.107697e+00
     vertex  9.988339e+01  2.500000e+01 -4.827560e+00
   endloop
 endfacet
 facet normal  8.066548e-12  1.000000e+00  1.242283e-10
   outer loop
     vertex  8.751210e+01  2.500000e+01 -5.113547e-01
     vertex  1.499524e+02  2.500000e+01 -2.180969e+00
     vertex  1.249134e+02  2.500000e+01 -4.107697e+00
   endloop
 endfacet
 facet normal  3.610692e-12  1.000000e+00  2.348645e-12
   outer loop
     vertex  5.977374e+01  2.500000e+01 -1.845230e+01
     vertex  4.909542e+01  2.500000e+01 -9.957793e+00
     vertex  6.198742e+01  2.500000e+01 -8.423036e+00
   endloop
 endfacet
 facet normal  5.062619e-13  1.000000e+00  1.678461e-12
   outer loop
     vertex  5.977374e+01  2.500000e+01 -1.845230e+01
     vertex  7.229095e+01  2.500000e+01 -2.009419e+01
     vertex  7.093359e+01  2.500000e+01 -2.445782e+01
   endloop
 endfacet
 facet normal  1.158802e-13  1.000000e+00 -2.044634e-12
   outer loop
     vertex  5.977374e+01  2.500000e+01 -1.845230e+01
     vertex  4.752135e+01  2.500000e+01 -1.585052e+01
     vertex  4.909542e+01  2.500000e+01 -9.957793e+00
   endloop
 endfacet
 facet normal -2.615109e-13  1.000000e+00 -5.527035e-13
   outer loop
     vertex  5.804619e+01  2.500000e+01 -2.332438e+01
     vertex  6.980337e+01  2.500000e+01 -2.751813e+01
     vertex  6.799867e+01  2.500000e+01 -3.171655e+01
   endloop
 endfacet
 facet normal  2.630805e-13  1.000000e+00  1.226566e-12
   outer loop
     vertex  5.804619e+01  2.500000e+01 -2.332438e+01
     vertex  5.977374e+01  2.500000e+01 -1.845230e+01
     vertex  7.093359e+01  2.500000e+01 -2.445782e+01
   endloop
 endfacet
 facet normal  7.721827e-13  1.000000e+00  1.046048e-12
   outer loop
     vertex  5.804619e+01  2.500000e+01 -2.332438e+01
     vertex  4.752135e+01  2.500000e+01 -1.585052e+01
     vertex  5.977374e+01  2.500000e+01 -1.845230e+01
   endloop
 endfacet
 facet normal -2.122564e-13  1.000000e+00 -3.402596e-13
   outer loop
     vertex  5.804619e+01  2.500000e+01 -2.332438e+01
     vertex  4.524280e+01  2.500000e+01 -2.150827e+01
     vertex  4.752135e+01  2.500000e+01 -1.585052e+01
   endloop
 endfacet
 facet normal  2.270595e-13  1.000000e+00  8.170029e-13
   outer loop
     vertex  5.804619e+01  2.500000e+01 -2.332438e+01
     vertex  7.093359e+01  2.500000e+01 -2.445782e+01
     vertex  6.980337e+01  2.500000e+01 -2.751813e+01
   endloop
 endfacet
 facet normal -1.834838e-12  1.000000e+00 -6.811135e-12
   outer loop
     vertex  8.526012e+01  2.500000e+01 -1.973169e+01
     vertex  9.762410e+01  2.500000e+01 -2.166867e+01
     vertex  9.646382e+01  2.500000e+01 -2.635776e+01
   endloop
 endfacet
 facet normal -2.167245e-12  1.000000e+00 -6.080972e-12
   outer loop
     vertex  8.526012e+01  2.500000e+01 -1.973169e+01
     vertex  7.229095e+01  2.500000e+01 -2.009419e+01
     vertex  7.373688e+01  2.500000e+01 -1.387914e+01
   endloop
 endfacet
 facet normal  4.135032e-14  1.000000e+00  2.702701e-14
   outer loop
     vertex  5.491248e+01  2.500000e+01 -2.996679e+01
     vertex  6.799867e+01  2.500000e+01 -3.171655e+01
     vertex  6.625122e+01  2.500000e+01 -3.522121e+01
   endloop
 endfacet
 facet normal  6.301189e-15  1.000000e+00 -2.350991e-13
   outer loop
     vertex  5.491248e+01  2.500000e+01 -2.996679e+01
     vertex  5.804619e+01  2.500000e+01 -2.332438e+01
     vertex  6.799867e+01  2.500000e+01 -3.171655e+01
   endloop
 endfacet
 facet normal -1.845671e-13  1.000000e+00 -1.450523e-13
   outer loop
     vertex  5.491248e+01  2.500000e+01 -2.996679e+01
     vertex  4.524280e+01  2.500000e+01 -2.150827e+01
     vertex  5.804619e+01  2.500000e+01 -2.332438e+01
   endloop
 endfacet
 facet normal  2.076210e-14  1.000000e+00  8.967752e-14
   outer loop
     vertex  5.491248e+01  2.500000e+01 -2.996679e+01
     vertex  4.229358e+01  2.500000e+01 -2.684718e+01
     vertex  4.524280e+01  2.500000e+01 -2.150827e+01
   endloop
 endfacet
 facet normal -4.276797e-14  1.000000e+00 -2.627501e-14
   outer loop
     vertex  5.491248e+01  2.500000e+01 -2.996679e+01
     vertex  6.398416e+01  2.500000e+01 -3.918909e+01
     vertex  6.276106e+01  2.500000e+01 -4.111942e+01
   endloop
 endfacet
 facet normal  6.642310e-14  1.000000e+00  8.113270e-14
   outer loop
     vertex  5.491248e+01  2.500000e+01 -2.996679e+01
     vertex  6.625122e+01  2.500000e+01 -3.522121e+01
     vertex  6.398416e+01  2.500000e+01 -3.918909e+01
   endloop
 endfacet
 facet normal -2.301613e-12  1.000000e+00 -1.273757e-12
   outer loop
     vertex  8.212906e+01  2.500000e+01 -3.022327e+01
     vertex  7.229095e+01  2.500000e+01 -2.009419e+01
     vertex  8.526012e+01  2.500000e+01 -1.973169e+01
   endloop
 endfacet
 facet normal  6.817250e-13  1.000000e+00  1.623881e-12
   outer loop
     vertex  8.212906e+01  2.500000e+01 -3.022327e+01
     vertex  7.093359e+01  2.500000e+01 -2.445782e+01
     vertex  7.229095e+01  2.500000e+01 -2.009419e+01
   endloop
 endfacet
 facet normal  3.901718e-13  1.000000e+00 -4.110994e-13
   outer loop
     vertex  8.212906e+01  2.500000e+01 -3.022327e+01
     vertex  9.646382e+01  2.500000e+01 -2.635776e+01
     vertex  9.468030e+01  2.500000e+01 -3.218136e+01
   endloop
 endfacet
 facet normal  8.787382e-13  1.000000e+00 -2.222885e-12
   outer loop
     vertex  8.212906e+01  2.500000e+01 -3.022327e+01
     vertex  8.526012e+01  2.500000e+01 -1.973169e+01
     vertex  9.646382e+01  2.500000e+01 -2.635776e+01
   endloop
 endfacet
 facet normal -1.186036e-14  1.000000e+00 -2.820519e-14
   outer loop
     vertex  4.931551e+01  2.500000e+01 -3.848856e+01
     vertex  6.276106e+01  2.500000e+01 -4.111942e+01
     vertex  6.053016e+01  2.500000e+01 -4.433799e+01
   endloop
 endfacet
 facet normal -6.486767e-15  1.000000e+00 -7.423716e-16
   outer loop
     vertex  4.931551e+01  2.500000e+01 -3.848856e+01
     vertex  5.491248e+01  2.500000e+01 -2.996679e+01
     vertex  6.276106e+01  2.500000e+01 -4.111942e+01
   endloop
 endfacet
 facet normal -2.275068e-15  1.000000e+00 -3.508552e-15
   outer loop
     vertex  4.931551e+01  2.500000e+01 -3.848856e+01
     vertex  4.229358e+01  2.500000e+01 -2.684718e+01
     vertex  5.491248e+01  2.500000e+01 -2.996679e+01
   endloop
 endfacet
 facet normal  2.693582e-15  1.000000e+00 -5.115246e-16
   outer loop
     vertex  4.931551e+01  2.500000e+01 -3.848856e+01
     vertex  3.871736e+01  2.500000e+01 -3.178809e+01
     vertex  4.229358e+01  2.500000e+01 -2.684718e+01
   endloop
 endfacet
 facet normal  7.509698e-15  1.000000e+00  8.931508e-15
   outer loop
     vertex  4.931551e+01  2.500000e+01 -3.848856e+01
     vertex  6.053016e+01  2.500000e+01 -4.433799e+01
     vertex  5.771871e+01  2.500000e+01 -4.794069e+01
   endloop
 endfacet
 facet normal -4.627800e-16  1.000000e+00  1.843759e-15
   outer loop
     vertex  4.931551e+01  2.500000e+01 -3.848856e+01
     vertex  5.771871e+01  2.500000e+01 -4.794069e+01
     vertex  5.558022e+01  2.500000e+01 -5.040433e+01
   endloop
 endfacet
 facet normal -8.589133e-16  1.000000e+00 -1.587028e-15
   outer loop
     vertex  4.596943e+01  2.500000e+01 -4.242876e+01
     vertex  3.456720e+01  2.500000e+01 -3.625778e+01
     vertex  3.871736e+01  2.500000e+01 -3.178809e+01
   endloop
 endfacet
 facet normal  4.188508e-15  1.000000e+00  1.853003e-15
   outer loop
     vertex  4.596943e+01  2.500000e+01 -4.242876e+01
     vertex  3.871736e+01  2.500000e+01 -3.178809e+01
     vertex  4.931551e+01  2.500000e+01 -3.848856e+01
   endloop
 endfacet
 facet normal  2.416703e-15  1.000000e+00  3.357646e-15
   outer loop
     vertex  4.596943e+01  2.500000e+01 -4.242876e+01
     vertex  4.931551e+01  2.500000e+01 -3.848856e+01
     vertex  5.558022e+01  2.500000e+01 -5.040433e+01
   endloop
 endfacet
 facet normal -2.196732e-15  1.000000e+00 -2.201676e-15
   outer loop
     vertex  4.596943e+01  2.500000e+01 -4.242876e+01
     vertex  5.558022e+01  2.500000e+01 -5.040433e+01
     vertex  5.240864e+01  2.500000e+01 -5.369444e+01
   endloop
 endfacet
 facet normal  3.943452e-11  1.000000e+00 -6.990785e-12
   outer loop
     vertex  1.373149e+02  2.500000e+01 -6.612629e+00
     vertex  1.499524e+02  2.500000e+01 -2.180969e+00
     vertex  1.490431e+02  2.500000e+01 -1.663201e+01
   endloop
 endfacet
 facet normal -1.163158e-11  1.000000e+00 -4.718979e-11
   outer loop
     vertex  1.373149e+02  2.500000e+01 -6.612629e+00
     vertex  1.245695e+02  2.500000e+01 -1.013318e+01
     vertex  1.249134e+02  2.500000e+01 -4.107697e+00
   endloop
 endfacet
 facet normal  1.218415e-11  1.000000e+00  7.071757e-11
   outer loop
     vertex  1.373149e+02  2.500000e+01 -6.612629e+00
     vertex  1.249134e+02  2.500000e+01 -4.107697e+00
     vertex  1.499524e+02  2.500000e+01 -2.180969e+00
   endloop
 endfacet
 facet normal -1.570241e-12  1.000000e+00  6.778882e-12
   outer loop
     vertex  1.354453e+02  2.500000e+01 -2.353056e+01
     vertex  1.490431e+02  2.500000e+01 -1.663201e+01
     vertex  1.467445e+02  2.500000e+01 -3.092800e+01
   endloop
 endfacet
 facet normal -2.847757e-11  1.000000e+00 -3.750444e-11
   outer loop
     vertex  1.354453e+02  2.500000e+01 -2.353056e+01
     vertex  1.238308e+02  2.500000e+01 -1.691679e+01
     vertex  1.245695e+02  2.500000e+01 -1.013318e+01
   endloop
 endfacet
 facet normal -1.690241e-11  1.000000e+00 -2.810790e-11
   outer loop
     vertex  1.354453e+02  2.500000e+01 -2.353056e+01
     vertex  1.245695e+02  2.500000e+01 -1.013318e+01
     vertex  1.373149e+02  2.500000e+01 -6.612629e+00
   endloop
 endfacet
 facet normal  4.354670e-12  1.000000e+00  2.015257e-11
   outer loop
     vertex  1.354453e+02  2.500000e+01 -2.353056e+01
     vertex  1.228697e+02  2.500000e+01 -2.287507e+01
     vertex  1.238308e+02  2.500000e+01 -1.691679e+01
   endloop
 endfacet
 facet normal  1.809063e-11  1.000000e+00 -3.197501e-11
   outer loop
     vertex  1.354453e+02  2.500000e+01 -2.353056e+01
     vertex  1.373149e+02  2.500000e+01 -6.612629e+00
     vertex  1.490431e+02  2.500000e+01 -1.663201e+01
   endloop
 endfacet
 facet normal -3.507409e-16  1.000000e+00 -6.480696e-16
   outer loop
     vertex  3.846696e+01  2.500000e+01 -4.933235e+01
     vertex  3.456720e+01  2.500000e+01 -3.625778e+01
     vertex  4.596943e+01  2.500000e+01 -4.242876e+01
   endloop
 endfacet
 facet normal -2.426123e-16  1.000000e+00 -6.158181e-16
   outer loop
     vertex  3.846696e+01  2.500000e+01 -4.933235e+01
     vertex  2.990460e+01  2.500000e+01 -4.018996e+01
     vertex  3.456720e+01  2.500000e+01 -3.625778e+01
   endloop
 endfacet
 facet normal  2.852551e-13  1.000000e+00 -2.715103e-12
   outer loop
     vertex  1.336781e+02  2.500000e+01 -3.208226e+01
     vertex  1.467445e+02  2.500000e+01 -3.092800e+01
     vertex  1.430764e+02  2.500000e+01 -4.494009e+01
   endloop
 endfacet
 facet normal -1.826166e-12  1.000000e+00  7.810966e-13
   outer loop
     vertex  1.336781e+02  2.500000e+01 -3.208226e+01
     vertex  1.206888e+02  2.500000e+01 -3.247228e+01
     vertex  1.228697e+02  2.500000e+01 -2.287507e+01
   endloop
 endfacet
 facet normal  3.681986e-12  1.000000e+00  7.247143e-12
   outer loop
     vertex  1.336781e+02  2.500000e+01 -3.208226e+01
     vertex  1.228697e+02  2.500000e+01 -2.287507e+01
     vertex  1.354453e+02  2.500000e+01 -2.353056e+01
   endloop
 endfacet
 facet normal -6.743184e-13  1.000000e+00  8.147356e-12
   outer loop
     vertex  1.336781e+02  2.500000e+01 -3.208226e+01
     vertex  1.354453e+02  2.500000e+01 -2.353056e+01
     vertex  1.467445e+02  2.500000e+01 -3.092800e+01
   endloop
 endfacet
 facet normal -2.242288e-15  1.000000e+00 -2.157761e-15
   outer loop
     vertex  6.502351e+01  2.500000e+01 -5.857107e+01
     vertex  5.240864e+01  2.500000e+01 -5.369444e+01
     vertex  5.558022e+01  2.500000e+01 -5.040433e+01
   endloop
 endfacet
 facet normal -5.636856e-16  1.000000e+00 -2.021885e-16
   outer loop
     vertex  3.426264e+01  2.500000e+01 -5.233984e+01
     vertex  2.479867e+01  2.500000e+01 -4.352635e+01
     vertex  2.990460e+01  2.500000e+01 -4.018996e+01
   endloop
 endfacet
 facet normal  8.867952e-16  1.000000e+00  6.322403e-16
   outer loop
     vertex  3.426264e+01  2.500000e+01 -5.233984e+01
     vertex  4.418688e+01  2.500000e+01 -6.064057e+01
     vertex  4.150916e+01  2.500000e+01 -6.250398e+01
   endloop
 endfacet
 facet normal  6.724703e-16  1.000000e+00  2.412085e-16
   outer loop
     vertex  3.426264e+01  2.500000e+01 -5.233984e+01
     vertex  2.990460e+01  2.500000e+01 -4.018996e+01
     vertex  3.846696e+01  2.500000e+01 -4.933235e+01
   endloop
 endfacet
 facet normal  6.204996e-16  1.000000e+00  3.138609e-16
   outer loop
     vertex  3.426264e+01  2.500000e+01 -5.233984e+01
     vertex  3.846696e+01  2.500000e+01 -4.933235e+01
     vertex  4.418688e+01  2.500000e+01 -6.064057e+01
   endloop
 endfacet
 facet normal  0.000000e+00  1.000000e+00  0.000000e+00
   outer loop
     vertex  3.426264e+01  2.500000e+01 -5.233984e+01
     vertex  4.150916e+01  2.500000e+01 -6.250398e+01
     vertex  3.762708e+01  2.500000e+01 -6.491503e+01
   endloop
 endfacet
 facet normal  2.309116e-13  1.000000e+00  8.327715e-13
   outer loop
     vertex  1.299266e+02  2.500000e+01 -4.492436e+01
     vertex  1.430764e+02  2.500000e+01 -4.494009e+01
     vertex  1.386324e+02  2.500000e+01 -5.719736e+01
   endloop
 endfacet
 facet normal -1.737127e-12  1.000000e+00 -2.184299e-12
   outer loop
     vertex  1.299266e+02  2.500000e+01 -4.492436e+01
     vertex  1.206888e+02  2.500000e+01 -3.247228e+01
     vertex  1.336781e+02  2.500000e+01 -3.208226e+01
   endloop
 endfacet
 facet normal  5.741119e-13  1.000000e+00  1.453684e-12
   outer loop
     vertex  1.299266e+02  2.500000e+01 -4.492436e+01
     vertex  1.169283e+02  2.500000e+01 -4.413622e+01
     vertex  1.187364e+02  2.500000e+01 -3.901171e+01
   endloop
 endfacet
 facet normal  2.266162e-13  1.000000e+00 -2.757965e-12
   outer loop
     vertex  1.299266e+02  2.500000e+01 -4.492436e+01
     vertex  1.336781e+02  2.500000e+01 -3.208226e+01
     vertex  1.430764e+02  2.500000e+01 -4.494009e+01
   endloop
 endfacet
 facet normal -1.097329e-12  1.000000e+00 -1.709657e-12
   outer loop
     vertex  1.299266e+02  2.500000e+01 -4.492436e+01
     vertex  1.187364e+02  2.500000e+01 -3.901171e+01
     vertex  1.206888e+02  2.500000e+01 -3.247228e+01
   endloop
 endfacet
 facet normal -7.216834e-16  1.000000e+00 -9.318295e-16
   outer loop
     vertex  5.728105e+01  2.500000e+01 -6.616275e+01
     vertex  7.170145e+01  2.500000e+01 -6.970582e+01
     vertex  6.732493e+01  2.500000e+01 -7.394154e+01
   endloop
 endfacet
 facet normal  5.099909e-16  1.000000e+00  6.584946e-16
   outer loop
     vertex  5.728105e+01  2.500000e+01 -6.616275e+01
     vertex  6.732493e+01  2.500000e+01 -7.394154e+01
     vertex  6.404717e+01  2.500000e+01 -7.679818e+01
   endloop
 endfacet
 facet normal  9.507960e-16  1.000000e+00  6.564949e-16
   outer loop
     vertex  5.728105e+01  2.500000e+01 -6.616275e+01
     vertex  4.779657e+01  2.500000e+01 -5.783810e+01
     vertex  5.240864e+01  2.500000e+01 -5.369444e+01
   endloop
 endfacet
 facet normal -6.692092e-16  1.000000e+00 -9.169656e-17
   outer loop
     vertex  5.728105e+01  2.500000e+01 -6.616275e+01
     vertex  6.404717e+01  2.500000e+01 -7.679818e+01
     vertex  5.925308e+01  2.500000e+01 -8.055477e+01
   endloop
 endfacet
 facet normal -7.617729e-16  1.000000e+00 -1.094995e-15
   outer loop
     vertex  5.728105e+01  2.500000e+01 -6.616275e+01
     vertex  6.502351e+01  2.500000e+01 -5.857107e+01
     vertex  7.170145e+01  2.500000e+01 -6.970582e+01
   endloop
 endfacet
 facet normal -1.528973e-15  1.000000e+00 -3.125586e-16
   outer loop
     vertex  5.728105e+01  2.500000e+01 -6.616275e+01
     vertex  5.240864e+01  2.500000e+01 -5.369444e+01
     vertex  6.502351e+01  2.500000e+01 -5.857107e+01
   endloop
 endfacet
 facet normal -2.215736e-15  1.000000e+00 -1.621544e-15
   outer loop
     vertex  2.789216e+01  2.500000e+01 -5.599478e+01
     vertex  3.762708e+01  2.500000e+01 -6.491503e+01
     vertex  3.418889e+01  2.500000e+01 -6.678980e+01
   endloop
 endfacet
 facet normal  1.464608e-15  1.000000e+00  5.275036e-16
   outer loop
     vertex  2.789216e+01  2.500000e+01 -5.599478e+01
     vertex  3.005947e+01  2.500000e+01 -6.874726e+01
     vertex  2.795198e+01  2.500000e+01 -6.963078e+01
   endloop
 endfacet
 facet normal  1.470185e-15  1.000000e+00  5.284515e-16
   outer loop
     vertex  2.789216e+01  2.500000e+01 -5.599478e+01
     vertex  3.418889e+01  2.500000e+01 -6.678980e+01
     vertex  3.005947e+01  2.500000e+01 -6.874726e+01
   endloop
 endfacet
 facet normal  1.860369e-15  1.000000e+00  1.766311e-16
   outer loop
     vertex  2.789216e+01  2.500000e+01 -5.599478e+01
     vertex  1.932514e+01  2.500000e+01 -4.621750e+01
     vertex  2.479867e+01  2.500000e+01 -4.352635e+01
   endloop
 endfacet
 facet normal -8.332775e-16  1.000000e+00 -4.916773e-16
   outer loop
     vertex  2.789216e+01  2.500000e+01 -5.599478e+01
     vertex  2.479867e+01  2.500000e+01 -4.352635e+01
     vertex  3.426264e+01  2.500000e+01 -5.233984e+01
   endloop
 endfacet
 facet normal -9.669429e-16  1.000000e+00 -2.587015e-16
   outer loop
     vertex  2.789216e+01  2.500000e+01 -5.599478e+01
     vertex  3.426264e+01  2.500000e+01 -5.233984e+01
     vertex  3.762708e+01  2.500000e+01 -6.491503e+01
   endloop
 endfacet
 facet normal -7.967903e-14  1.000000e+00 -2.171693e-13
   outer loop
     vertex  1.255336e+02  2.500000e+01 -5.603953e+01
     vertex  1.386324e+02  2.500000e+01 -5.719736e+01
     vertex  1.331405e+02  2.500000e+01 -6.902228e+01
   endloop
 endfacet
 facet normal -1.441264e-15  1.000000e+00  6.679522e-13
   outer loop
     vertex  1.255336e+02  2.500000e+01 -5.603953e+01
     vertex  1.299266e+02  2.500000e+01 -4.492436e+01
     vertex  1.386324e+02  2.500000e+01 -5.719736e+01
   endloop
 endfacet
 facet normal  5.141146e-13  1.000000e+00  4.641923e-13
   outer loop
     vertex  1.255336e+02  2.500000e+01 -5.603953e+01
     vertex  1.169283e+02  2.500000e+01 -4.413622e+01
     vertex  1.299266e+02  2.500000e+01 -4.492436e+01
   endloop
 endfacet
 facet normal  2.133561e-13  1.000000e+00  2.467653e-13
   outer loop
     vertex  1.255336e+02  2.500000e+01 -5.603953e+01
     vertex  1.148992e+02  2.500000e+01 -4.917728e+01
     vertex  1.169283e+02  2.500000e+01 -4.413622e+01
   endloop
 endfacet
 facet normal -1.874804e-13  1.000000e+00 -3.744070e-13
   outer loop
     vertex  1.255336e+02  2.500000e+01 -5.603953e+01
     vertex  1.126529e+02  2.500000e+01 -5.412538e+01
     vertex  1.148992e+02  2.500000e+01 -4.917728e+01
   endloop
 endfacet
 facet normal  1.760485e-16  1.000000e+00 -2.261937e-16
   outer loop
     vertex  5.007450e+01  2.500000e+01 -7.177167e+01
     vertex  4.779657e+01  2.500000e+01 -5.783810e+01
     vertex  5.728105e+01  2.500000e+01 -6.616275e+01
   endloop
 endfacet
 facet normal -0.000000e+00  1.000000e+00  0.000000e+00
   outer loop
     vertex  5.007450e+01  2.500000e+01 -7.177167e+01
     vertex  5.728105e+01  2.500000e+01 -6.616275e+01
     vertex  5.925308e+01  2.500000e+01 -8.055477e+01
   endloop
 endfacet
 facet normal -6.977028e-16  1.000000e+00 -3.690390e-16
   outer loop
     vertex  5.007450e+01  2.500000e+01 -7.177167e+01
     vertex  4.418688e+01  2.500000e+01 -6.064057e+01
     vertex  4.779657e+01  2.500000e+01 -5.783810e+01
   endloop
 endfacet
 facet normal -7.700161e-14  1.000000e+00 -2.232171e-14
   outer loop
     vertex  1.184094e+02  2.500000e+01 -6.984497e+01
     vertex  1.096755e+02  2.500000e+01 -5.992935e+01
     vertex  1.126529e+02  2.500000e+01 -5.412538e+01
   endloop
 endfacet
 facet normal  3.847328e-14  1.000000e+00  4.954467e-14
   outer loop
     vertex  1.184094e+02  2.500000e+01 -6.984497e+01
     vertex  1.331405e+02  2.500000e+01 -6.902228e+01
     vertex  1.266424e+02  2.500000e+01 -8.032548e+01
   endloop
 endfacet
 facet normal  5.421820e-14  1.000000e+00  9.326032e-14
   outer loop
     vertex  1.184094e+02  2.500000e+01 -6.984497e+01
     vertex  1.069667e+02  2.500000e+01 -6.464020e+01
     vertex  1.096755e+02  2.500000e+01 -5.992935e+01
   endloop
 endfacet
 facet normal  4.915280e-14  1.000000e+00 -1.416831e-13
   outer loop
     vertex  1.184094e+02  2.500000e+01 -6.984497e+01
     vertex  1.255336e+02  2.500000e+01 -5.603953e+01
     vertex  1.331405e+02  2.500000e+01 -6.902228e+01
   endloop
 endfacet
 facet normal -1.385052e-13  1.000000e+00 -4.484423e-14
   outer loop
     vertex  1.184094e+02  2.500000e+01 -6.984497e+01
     vertex  1.126529e+02  2.500000e+01 -5.412538e+01
     vertex  1.255336e+02  2.500000e+01 -5.603953e+01
   endloop
 endfacet
 facet normal  1.581262e-14  1.000000e+00  8.825685e-15
   outer loop
     vertex  1.184094e+02  2.500000e+01 -6.984497e+01
     vertex  1.049486e+02  2.500000e+01 -6.786766e+01
     vertex  1.069667e+02  2.500000e+01 -6.464020e+01
   endloop
 endfacet
 facet normal  5.412115e-16  1.000000e+00  5.234529e-16
   outer loop
     vertex  1.842618e+01  2.500000e+01 -5.978180e+01
     vertex  2.789216e+01  2.500000e+01 -5.599478e+01
     vertex  2.795198e+01  2.500000e+01 -6.963078e+01
   endloop
 endfacet
 facet normal  7.119876e-16  1.000000e+00  6.886255e-16
   outer loop
     vertex  1.842618e+01  2.500000e+01 -5.978180e+01
     vertex  2.795198e+01  2.500000e+01 -6.963078e+01
     vertex  2.428093e+01  2.500000e+01 -7.099432e+01
   endloop
 endfacet
 facet normal  0.000000e+00  1.000000e+00  0.000000e+00
   outer loop
     vertex  1.842618e+01  2.500000e+01 -5.978180e+01
     vertex  1.991393e+01  2.500000e+01 -7.234082e+01
     vertex  1.657388e+01  2.500000e+01 -7.317830e+01
   endloop
 endfacet
 facet normal -7.848691e-16  1.000000e+00 -9.297653e-17
   outer loop
     vertex  1.842618e+01  2.500000e+01 -5.978180e+01
     vertex  2.428093e+01  2.500000e+01 -7.099432e+01
     vertex  1.991393e+01  2.500000e+01 -7.234082e+01
   endloop
 endfacet
 facet normal -2.338699e-15  1.000000e+00 -3.688382e-16
   outer loop
     vertex  1.842618e+01  2.500000e+01 -5.978180e+01
     vertex  1.356511e+01  2.500000e+01 -4.822349e+01
     vertex  1.932514e+01  2.500000e+01 -4.621750e+01
   endloop
 endfacet
 facet normal  9.863471e-16  1.000000e+00 -5.892016e-16
   outer loop
     vertex  1.842618e+01  2.500000e+01 -5.978180e+01
     vertex  1.932514e+01  2.500000e+01 -4.621750e+01
     vertex  2.789216e+01  2.500000e+01 -5.599478e+01
   endloop
 endfacet
 facet normal -8.124965e-15  1.000000e+00 -1.426587e-14
   outer loop
     vertex  1.141070e+02  2.500000e+01 -7.667262e+01
     vertex  1.266424e+02  2.500000e+01 -8.032548e+01
     vertex  1.191871e+02  2.500000e+01 -9.102154e+01
   endloop
 endfacet
 facet normal  1.629460e-14  1.000000e+00  1.210680e-14
   outer loop
     vertex  1.141070e+02  2.500000e+01 -7.667262e+01
     vertex  1.049486e+02  2.500000e+01 -6.786766e+01
     vertex  1.184094e+02  2.500000e+01 -6.984497e+01
   endloop
 endfacet
 facet normal -1.741017e-14  1.000000e+00 -2.295092e-14
   outer loop
     vertex  1.141070e+02  2.500000e+01 -7.667262e+01
     vertex  1.018993e+02  2.500000e+01 -7.236553e+01
     vertex  1.049486e+02  2.500000e+01 -6.786766e+01
   endloop
 endfacet
 facet normal -1.021283e-14  1.000000e+00 -2.551264e-15
   outer loop
     vertex  1.141070e+02  2.500000e+01 -7.667262e+01
     vertex  9.798482e+01  2.500000e+01 -7.758358e+01
     vertex  1.018993e+02  2.500000e+01 -7.236553e+01
   endloop
 endfacet
 facet normal  2.156325e-15  1.000000e+00  2.101592e-14
   outer loop
     vertex  1.141070e+02  2.500000e+01 -7.667262e+01
     vertex  1.184094e+02  2.500000e+01 -6.984497e+01
     vertex  1.266424e+02  2.500000e+01 -8.032548e+01
   endloop
 endfacet
 facet normal  4.851643e-16  1.000000e+00  8.187910e-16
   outer loop
     vertex  1.335376e+01  2.500000e+01 -6.111518e+01
     vertex  1.356511e+01  2.500000e+01 -4.822349e+01
     vertex  1.842618e+01  2.500000e+01 -5.978180e+01
   endloop
 endfacet
 facet normal  7.268148e-16  1.000000e+00 -1.004949e-16
   outer loop
     vertex  1.335376e+01  2.500000e+01 -6.111518e+01
     vertex  1.842618e+01  2.500000e+01 -5.978180e+01
     vertex  1.657388e+01  2.500000e+01 -7.317830e+01
   endloop
 endfacet
 facet normal -1.451279e-15  1.000000e+00 -6.819136e-16
   outer loop
     vertex  1.335376e+01  2.500000e+01 -6.111518e+01
     vertex  1.657388e+01  2.500000e+01 -7.317830e+01
     vertex  1.208822e+01  2.500000e+01 -7.405155e+01
   endloop
 endfacet
 facet normal -1.375913e-15  1.000000e+00  8.493025e-16
   outer loop
     vertex  1.335376e+01  2.500000e+01 -6.111518e+01
     vertex  7.603991e+00  2.500000e+01 -4.951461e+01
     vertex  1.356511e+01  2.500000e+01 -4.822349e+01
   endloop
 endfacet
 facet normal  1.973787e-15  1.000000e+00  3.676777e-15
   outer loop
     vertex  1.047280e+02  2.500000e+01 -8.905708e+01
     vertex  1.191871e+02  2.500000e+01 -9.102154e+01
     vertex  1.108309e+02  2.500000e+01 -1.010296e+02
   endloop
 endfacet
 facet normal -1.014264e-14  1.000000e+00 -3.793465e-15
   outer loop
     vertex  1.047280e+02  2.500000e+01 -8.905708e+01
     vertex  9.798482e+01  2.500000e+01 -7.758358e+01
     vertex  1.141070e+02  2.500000e+01 -7.667262e+01
   endloop
 endfacet
 facet normal -7.684390e-17  1.000000e+00 -1.141655e-14
   outer loop
     vertex  1.047280e+02  2.500000e+01 -8.905708e+01
     vertex  1.141070e+02  2.500000e+01 -7.667262e+01
     vertex  1.191871e+02  2.500000e+01 -9.102154e+01
   endloop
 endfacet
 facet normal  5.663821e-15  1.000000e+00  5.496228e-15
   outer loop
     vertex  1.047280e+02  2.500000e+01 -8.905708e+01
     vertex  9.451975e+01  2.500000e+01 -8.176954e+01
     vertex  9.798482e+01  2.500000e+01 -7.758358e+01
   endloop
 endfacet
 facet normal  2.204832e-15  1.000000e+00  6.509530e-16
   outer loop
     vertex  1.047280e+02  2.500000e+01 -8.905708e+01
     vertex  9.087597e+01  2.500000e+01 -8.580090e+01
     vertex  9.451975e+01  2.500000e+01 -8.176954e+01
   endloop
 endfacet
 facet normal -7.290411e-16  1.000000e+00  2.299021e-15
   outer loop
     vertex  9.659711e+01  2.500000e+01 -9.781672e+01
     vertex  1.047280e+02  2.500000e+01 -8.905708e+01
     vertex  1.108309e+02  2.500000e+01 -1.010296e+02
   endloop
 endfacet
 facet normal -1.373408e-15  1.000000e+00 -5.556557e-16
   outer loop
     vertex  9.659711e+01  2.500000e+01 -9.781672e+01
     vertex  1.108309e+02  2.500000e+01 -1.010296e+02
     vertex  1.016371e+02  2.500000e+01 -1.102741e+02
   endloop
 endfacet
 facet normal  1.997354e-15  1.000000e+00 -2.316710e-16
   outer loop
     vertex  9.659711e+01  2.500000e+01 -9.781672e+01
     vertex  9.087597e+01  2.500000e+01 -8.580090e+01
     vertex  1.047280e+02  2.500000e+01 -8.905708e+01
   endloop
 endfacet
 facet normal -1.702938e-15  1.000000e+00 -1.993506e-15
   outer loop
     vertex  9.659711e+01  2.500000e+01 -9.781672e+01
     vertex  8.706043e+01  2.500000e+01 -8.967008e+01
     vertex  9.087597e+01  2.500000e+01 -8.580090e+01
   endloop
 endfacet
 facet normal  4.664153e-16  1.000000e+00  1.762443e-15
   outer loop
     vertex  3.249076e+00  2.500000e+01 -6.247264e+01
     vertex  7.603991e+00  2.500000e+01 -4.951461e+01
     vertex  1.335376e+01  2.500000e+01 -6.111518e+01
   endloop
 endfacet
 facet normal  4.646565e-15  1.000000e+00  3.575854e-16
   outer loop
     vertex  3.249076e+00  2.500000e+01 -6.247264e+01
     vertex  1.530149e+00  2.500000e+01 -5.007171e+01
     vertex  7.603991e+00  2.500000e+01 -4.951461e+01
   endloop
 endfacet
 facet normal -3.622351e-15  1.000000e+00  8.260950e-16
   outer loop
     vertex  3.249076e+00  2.500000e+01 -6.247264e+01
     vertex  1.368539e+00  2.500000e+01 -7.501924e+01
     vertex -2.547542e+00  2.500000e+01 -7.498845e+01
   endloop
 endfacet
 facet normal -1.510019e-15  1.000000e+00 -3.801824e-16
   outer loop
     vertex  1.962212e+01  2.500000e+01 -8.528540e+01
     vertex  1.208822e+01  2.500000e+01 -7.405155e+01
     vertex  1.657388e+01  2.500000e+01 -7.317830e+01
   endloop
 endfacet
 facet normal -2.907070e-15  1.000000e+00 -6.894446e-16
   outer loop
     vertex -4.095288e+00  2.500000e+01 -6.242289e+01
     vertex  1.530149e+00  2.500000e+01 -5.007171e+01
     vertex  3.249076e+00  2.500000e+01 -6.247264e+01
   endloop
 endfacet
 facet normal -2.899073e-15  1.000000e+00  4.911133e-16
   outer loop
     vertex -4.095288e+00  2.500000e+01 -6.242289e+01
     vertex  3.249076e+00  2.500000e+01 -6.247264e+01
     vertex -2.547542e+00  2.500000e+01 -7.498845e+01
   endloop
 endfacet
 facet normal -3.509078e-15  1.000000e+00 -4.152558e-16
   outer loop
     vertex -4.095288e+00  2.500000e+01 -6.242289e+01
     vertex -4.566376e+00  2.500000e+01 -4.988652e+01
     vertex  1.530149e+00  2.500000e+01 -5.007171e+01
   endloop
 endfacet
 facet normal -3.085953e-15  1.000000e+00  4.680945e-16
   outer loop
     vertex -4.095288e+00  2.500000e+01 -6.242289e+01
     vertex -2.547542e+00  2.500000e+01 -7.498845e+01
     vertex -7.107934e+00  2.500000e+01 -7.469428e+01
   endloop
 endfacet
 facet normal  4.230094e-15  1.000000e+00 -1.328007e-15
   outer loop
     vertex -4.095288e+00  2.500000e+01 -6.242289e+01
     vertex -7.107934e+00  2.500000e+01 -7.469428e+01
     vertex -1.034823e+01  2.500000e+01 -7.431468e+01
   endloop
 endfacet
 facet normal -1.655519e-16  1.000000e+00  2.347542e-16
   outer loop
     vertex  8.089109e+01  2.500000e+01 -1.111564e+02
     vertex  9.167517e+01  2.500000e+01 -1.186850e+02
     vertex  8.102036e+01  2.500000e+01 -1.261990e+02
   endloop
 endfacet
 facet normal -4.217631e-16  1.000000e+00 -5.335446e-16
   outer loop
     vertex  8.089109e+01  2.500000e+01 -1.111564e+02
     vertex  7.067391e+01  2.500000e+01 -1.030798e+02
     vertex  7.508782e+01  2.500000e+01 -9.991023e+01
   endloop
 endfacet
 facet normal  7.968153e-16  1.000000e+00  2.379580e-16
   outer loop
     vertex  8.819309e+00  2.500000e+01 -8.706807e+01
     vertex  1.244894e+01  2.500000e+01 -9.922208e+01
     vertex  8.123901e+00  2.500000e+01 -9.966946e+01
   endloop
 endfacet
 facet normal -1.047093e-15  1.000000e+00  3.665325e-16
   outer loop
     vertex  8.819309e+00  2.500000e+01 -8.706807e+01
     vertex  1.962212e+01  2.500000e+01 -8.528540e+01
     vertex  1.846625e+01  2.500000e+01 -9.828020e+01
   endloop
 endfacet
 facet normal -9.822757e-16  1.000000e+00 -2.625476e-17
   outer loop
     vertex  8.819309e+00  2.500000e+01 -8.706807e+01
     vertex  1.208822e+01  2.500000e+01 -7.405155e+01
     vertex  1.962212e+01  2.500000e+01 -8.528540e+01
   endloop
 endfacet
 facet normal  6.293679e-16  1.000000e+00 -4.309954e-16
   outer loop
     vertex  8.819309e+00  2.500000e+01 -8.706807e+01
     vertex  5.932992e+00  2.500000e+01 -7.479677e+01
     vertex  1.208822e+01  2.500000e+01 -7.405155e+01
   endloop
 endfacet
 facet normal -2.256194e-15  1.000000e+00 -6.737815e-16
   outer loop
     vertex  8.819309e+00  2.500000e+01 -8.706807e+01
     vertex  1.846625e+01  2.500000e+01 -9.828020e+01
     vertex  1.244894e+01  2.500000e+01 -9.922208e+01
   endloop
 endfacet
 facet normal  2.051498e-15  1.000000e+00 -2.063020e-16
   outer loop
     vertex -9.235151e+00  2.500000e+01 -6.187164e+01
     vertex -4.566376e+00  2.500000e+01 -4.988652e+01
     vertex -4.095288e+00  2.500000e+01 -6.242289e+01
   endloop
 endfacet
 facet normal  2.053919e-15  1.000000e+00 -1.837309e-16
   outer loop
     vertex -9.235151e+00  2.500000e+01 -6.187164e+01
     vertex -4.095288e+00  2.500000e+01 -6.242289e+01
     vertex -1.034823e+01  2.500000e+01 -7.431468e+01
   endloop
 endfacet
 facet normal  2.310057e-15  1.000000e+00 -3.070230e-16
   outer loop
     vertex -9.235151e+00  2.500000e+01 -6.187164e+01
     vertex -1.059521e+01  2.500000e+01 -4.896181e+01
     vertex -4.566376e+00  2.500000e+01 -4.988652e+01
   endloop
 endfacet
 facet normal  0.000000e+00  1.000000e+00  0.000000e+00
   outer loop
     vertex  7.093094e+01  2.500000e+01 -1.177621e+02
     vertex  8.102036e+01  2.500000e+01 -1.261990e+02
     vertex  6.975322e+01  2.500000e+01 -1.327591e+02
   endloop
 endfacet
 facet normal  1.939614e-16  1.000000e+00  2.453678e-16
   outer loop
     vertex  7.093094e+01  2.500000e+01 -1.177621e+02
     vertex  7.067391e+01  2.500000e+01 -1.030798e+02
     vertex  8.089109e+01  2.500000e+01 -1.111564e+02
   endloop
 endfacet
 facet normal  1.989231e-16  1.000000e+00  2.378864e-16
   outer loop
     vertex  7.093094e+01  2.500000e+01 -1.177621e+02
     vertex  8.089109e+01  2.500000e+01 -1.111564e+02
     vertex  8.102036e+01  2.500000e+01 -1.261990e+02
   endloop
 endfacet
 facet normal  6.159084e-16  1.000000e+00  2.527543e-16
   outer loop
     vertex  7.093094e+01  2.500000e+01 -1.177621e+02
     vertex  6.612638e+01  2.500000e+01 -1.060544e+02
     vertex  7.067391e+01  2.500000e+01 -1.030798e+02
   endloop
 endfacet
 facet normal  6.113809e-16  1.000000e+00  2.508963e-16
   outer loop
     vertex  7.093094e+01  2.500000e+01 -1.177621e+02
     vertex  6.145388e+01  2.500000e+01 -1.088286e+02
     vertex  6.612638e+01  2.500000e+01 -1.060544e+02
   endloop
 endfacet
 facet normal -4.157503e-16  1.000000e+00  2.430894e-16
   outer loop
     vertex  5.719183e+01  2.500000e+01 -1.250128e+02
     vertex  6.975322e+01  2.500000e+01 -1.327591e+02
     vertex  5.795892e+01  2.500000e+01 -1.383157e+02
   endloop
 endfacet
 facet normal -5.395283e-16  1.000000e+00  4.236937e-17
   outer loop
     vertex  5.719183e+01  2.500000e+01 -1.250128e+02
     vertex  7.093094e+01  2.500000e+01 -1.177621e+02
     vertex  6.975322e+01  2.500000e+01 -1.327591e+02
   endloop
 endfacet
 facet normal -1.970005e-16  1.000000e+00 -6.066718e-16
   outer loop
     vertex  5.719183e+01  2.500000e+01 -1.250128e+02
     vertex  6.145388e+01  2.500000e+01 -1.088286e+02
     vertex  7.093094e+01  2.500000e+01 -1.177621e+02
   endloop
 endfacet
 facet normal -1.027240e-15  1.000000e+00 -3.880320e-16
   outer loop
     vertex  5.719183e+01  2.500000e+01 -1.250128e+02
     vertex  5.569204e+01  2.500000e+01 -1.118867e+02
     vertex  6.145388e+01  2.500000e+01 -1.088286e+02
   endloop
 endfacet
 facet normal -5.648124e-16  1.000000e+00 -3.351951e-16
   outer loop
     vertex  5.719183e+01  2.500000e+01 -1.250128e+02
     vertex  5.077589e+01  2.500000e+01 -1.142018e+02
     vertex  5.569204e+01  2.500000e+01 -1.118867e+02
   endloop
 endfacet
 facet normal  8.097263e-16  1.000000e+00  4.805425e-16
   outer loop
     vertex  5.719183e+01  2.500000e+01 -1.250128e+02
     vertex  4.727455e+01  2.500000e+01 -1.156951e+02
     vertex  5.077589e+01  2.500000e+01 -1.142018e+02
   endloop
 endfacet
 facet normal -6.466145e-16  1.000000e+00 -1.478623e-16
   outer loop
     vertex -1.916270e+01  2.500000e+01 -5.954980e+01
     vertex -1.646697e+01  2.500000e+01 -4.731127e+01
     vertex -1.059521e+01  2.500000e+01 -4.896181e+01
   endloop
 endfacet
 facet normal -1.319760e-16  1.000000e+00 -5.642927e-16
   outer loop
     vertex -1.916270e+01  2.500000e+01 -5.954980e+01
     vertex -1.059521e+01  2.500000e+01 -4.896181e+01
     vertex -9.235151e+00  2.500000e+01 -6.187164e+01
   endloop
 endfacet
 facet normal  1.652583e-15  1.000000e+00  5.778896e-17
   outer loop
     vertex -1.916270e+01  2.500000e+01 -5.954980e+01
     vertex -2.087470e+01  2.500000e+01 -7.206944e+01
     vertex -2.522340e+01  2.500000e+01 -7.066498e+01
   endloop
 endfacet
 facet normal  6.714688e-16  1.000000e+00  5.418686e-16
   outer loop
     vertex  4.975791e+01  2.500000e+01 -1.281533e+02
     vertex  5.795892e+01  2.500000e+01 -1.383157e+02
     vertex  4.572661e+01  2.500000e+01 -1.428270e+02
   endloop
 endfacet
 facet normal  3.564039e-16  1.000000e+00  2.876143e-16
   outer loop
     vertex  4.975791e+01  2.500000e+01 -1.281533e+02
     vertex  5.719183e+01  2.500000e+01 -1.250128e+02
     vertex  5.795892e+01  2.500000e+01 -1.383157e+02
   endloop
 endfacet
 facet normal  4.407875e-16  1.000000e+00  8.786452e-17
   outer loop
     vertex  4.975791e+01  2.500000e+01 -1.281533e+02
     vertex  4.727455e+01  2.500000e+01 -1.156951e+02
     vertex  5.719183e+01  2.500000e+01 -1.250128e+02
   endloop
 endfacet
 facet normal  1.951484e-15  1.000000e+00  3.889998e-16
   outer loop
     vertex  4.975791e+01  2.500000e+01 -1.281533e+02
     vertex  4.220083e+01  2.500000e+01 -1.176407e+02
     vertex  4.727455e+01  2.500000e+01 -1.156951e+02
   endloop
 endfacet
 facet normal -1.935108e-16  1.000000e+00 -1.152955e-15
   outer loop
     vertex  4.975791e+01  2.500000e+01 -1.281533e+02
     vertex  3.600545e+01  2.500000e+01 -1.196823e+02
     vertex  4.220083e+01  2.500000e+01 -1.176407e+02
   endloop
 endfacet
 facet normal  1.513795e-15  1.000000e+00  1.334653e-16
   outer loop
     vertex -2.401390e+01  2.500000e+01 -5.776435e+01
     vertex -1.916270e+01  2.500000e+01 -5.954980e+01
     vertex -2.522340e+01  2.500000e+01 -7.066498e+01
   endloop
 endfacet
 facet normal -1.023851e-15  1.000000e+00  3.713818e-16
   outer loop
     vertex -2.401390e+01  2.500000e+01 -5.776435e+01
     vertex -2.522340e+01  2.500000e+01 -7.066498e+01
     vertex -2.827139e+01  2.500000e+01 -6.950170e+01
   endloop
 endfacet
 facet normal -2.197685e-15  1.000000e+00  7.971670e-16
   outer loop
     vertex -2.401390e+01  2.500000e+01 -5.776435e+01
     vertex -2.827139e+01  2.500000e+01 -6.950170e+01
     vertex -3.245005e+01  2.500000e+01 -6.765170e+01
   endloop
 endfacet
 facet normal  1.256014e-15  1.000000e+00 -5.669455e-16
   outer loop
     vertex -2.401390e+01  2.500000e+01 -5.776435e+01
     vertex -1.646697e+01  2.500000e+01 -4.731127e+01
     vertex -1.916270e+01  2.500000e+01 -5.954980e+01
   endloop
 endfacet
 facet normal -3.758516e-16  1.000000e+00  6.112299e-16
   outer loop
     vertex -2.401390e+01  2.500000e+01 -5.776435e+01
     vertex -2.209463e+01  2.500000e+01 -4.495937e+01
     vertex -1.646697e+01  2.500000e+01 -4.731127e+01
   endloop
 endfacet
 facet normal  0.000000e+00  1.000000e+00  0.000000e+00
   outer loop
     vertex  3.498169e+01  2.500000e+01 -1.329488e+02
     vertex  2.517889e+01  2.500000e+01 -1.224184e+02
     vertex  3.076908e+01  2.500000e+01 -1.211342e+02
   endloop
 endfacet
 facet normal -8.047834e-16  1.000000e+00 -1.560913e-16
   outer loop
     vertex  3.498169e+01  2.500000e+01 -1.329488e+02
     vertex  4.572661e+01  2.500000e+01 -1.428270e+02
     vertex  3.314873e+01  2.500000e+01 -1.462588e+02
   endloop
 endfacet
 facet normal  5.163423e-18  1.000000e+00  7.249218e-16
   outer loop
     vertex  3.498169e+01  2.500000e+01 -1.329488e+02
     vertex  4.975791e+01  2.500000e+01 -1.281533e+02
     vertex  4.572661e+01  2.500000e+01 -1.428270e+02
   endloop
 endfacet
 facet normal  3.357555e-16  1.000000e+00 -2.937041e-16
   outer loop
     vertex  3.498169e+01  2.500000e+01 -1.329488e+02
     vertex  3.600545e+01  2.500000e+01 -1.196823e+02
     vertex  4.975791e+01  2.500000e+01 -1.281533e+02
   endloop
 endfacet
 facet normal -6.174232e-16  1.000000e+00 -2.201489e-16
   outer loop
     vertex  3.498169e+01  2.500000e+01 -1.329488e+02
     vertex  3.076908e+01  2.500000e+01 -1.211342e+02
     vertex  3.600545e+01  2.500000e+01 -1.196823e+02
   endloop
 endfacet
 facet normal -6.858467e-16  1.000000e+00 -2.348736e-16
   outer loop
     vertex -2.066203e+01  2.500000e+01 -8.503946e+01
     vertex -2.718884e+01  2.500000e+01 -9.623288e+01
     vertex -3.299683e+01  2.500000e+01 -9.439920e+01
   endloop
 endfacet
 facet normal -8.761857e-16  1.000000e+00 -1.238882e-16
   outer loop
     vertex -2.066203e+01  2.500000e+01 -8.503946e+01
     vertex -2.297983e+01  2.500000e+01 -9.732381e+01
     vertex -2.718884e+01  2.500000e+01 -9.623288e+01
   endloop
 endfacet
 facet normal -4.574243e-16  1.000000e+00  5.403346e-16
   outer loop
     vertex -2.066203e+01  2.500000e+01 -8.503946e+01
     vertex -2.087470e+01  2.500000e+01 -7.206944e+01
     vertex -1.485313e+01  2.500000e+01 -7.354687e+01
   endloop
 endfacet
 facet normal -6.712975e-16  1.000000e+00  4.060659e-16
   outer loop
     vertex  2.248377e+01  2.500000e+01 -1.356230e+02
     vertex  1.923742e+01  2.500000e+01 -1.234915e+02
     vertex  2.517889e+01  2.500000e+01 -1.224184e+02
   endloop
 endfacet
 facet normal -1.665520e-15  1.000000e+00  1.400137e-16
   outer loop
     vertex  2.248377e+01  2.500000e+01 -1.356230e+02
     vertex  1.276790e+01  2.500000e+01 -1.243271e+02
     vertex  1.923742e+01  2.500000e+01 -1.234915e+02
   endloop
 endfacet
 facet normal -5.347626e-16  1.000000e+00 -1.204291e-15
   outer loop
     vertex  2.248377e+01  2.500000e+01 -1.356230e+02
     vertex  3.314873e+01  2.500000e+01 -1.462588e+02
     vertex  1.888371e+01  2.500000e+01 -1.487746e+02
   endloop
 endfacet
 facet normal  2.370485e-16  1.000000e+00  2.206688e-16
   outer loop
     vertex  2.248377e+01  2.500000e+01 -1.356230e+02
     vertex  2.517889e+01  2.500000e+01 -1.224184e+02
     vertex  3.498169e+01  2.500000e+01 -1.329488e+02
   endloop
 endfacet
 facet normal  3.517412e-16  1.000000e+00 -3.153607e-16
   outer loop
     vertex  2.248377e+01  2.500000e+01 -1.356230e+02
     vertex  3.498169e+01  2.500000e+01 -1.329488e+02
     vertex  3.314873e+01  2.500000e+01 -1.462588e+02
   endloop
 endfacet
 facet normal -1.167629e-15  1.000000e+00  1.489962e-15
   outer loop
     vertex -3.307800e+01  2.500000e+01 -5.309646e+01
     vertex -4.179578e+01  2.500000e+01 -6.231269e+01
     vertex -4.499006e+01  2.500000e+01 -6.004708e+01
   endloop
 endfacet
 facet normal -4.624490e-16  1.000000e+00  6.242095e-16
   outer loop
     vertex -3.307800e+01  2.500000e+01 -5.309646e+01
     vertex -2.209463e+01  2.500000e+01 -4.495937e+01
     vertex -2.401390e+01  2.500000e+01 -5.776435e+01
   endloop
 endfacet
 facet normal -3.789839e-16  1.000000e+00  5.115492e-16
   outer loop
     vertex -3.307800e+01  2.500000e+01 -5.309646e+01
     vertex -2.739474e+01  2.500000e+01 -4.194098e+01
     vertex -2.209463e+01  2.500000e+01 -4.495937e+01
   endloop
 endfacet
 facet normal -1.074193e-15  1.000000e+00  2.394767e-16
   outer loop
     vertex -3.102013e+01  2.500000e+01 -8.183141e+01
     vertex -2.827139e+01  2.500000e+01 -6.950170e+01
     vertex -2.522340e+01  2.500000e+01 -7.066498e+01
   endloop
 endfacet
 facet normal -2.321482e-15  1.000000e+00  5.175426e-16
   outer loop
     vertex -3.102013e+01  2.500000e+01 -8.183141e+01
     vertex -3.245005e+01  2.500000e+01 -6.765170e+01
     vertex -2.827139e+01  2.500000e+01 -6.950170e+01
   endloop
 endfacet
 facet normal -1.742015e-16  1.000000e+00  5.449786e-16
   outer loop
     vertex -3.102013e+01  2.500000e+01 -8.183141e+01
     vertex -2.087470e+01  2.500000e+01 -7.206944e+01
     vertex -2.066203e+01  2.500000e+01 -8.503946e+01
   endloop
 endfacet
 facet normal  2.016672e-16  1.000000e+00 -5.970872e-16
   outer loop
     vertex -3.102013e+01  2.500000e+01 -8.183141e+01
     vertex -3.299683e+01  2.500000e+01 -9.439920e+01
     vertex -4.107153e+01  2.500000e+01 -9.117636e+01
   endloop
 endfacet
 facet normal -4.940257e-16  1.000000e+00 -4.876663e-16
   outer loop
     vertex -3.102013e+01  2.500000e+01 -8.183141e+01
     vertex -2.066203e+01  2.500000e+01 -8.503946e+01
     vertex -3.299683e+01  2.500000e+01 -9.439920e+01
   endloop
 endfacet
 facet normal  1.311316e-15  1.000000e+00 -9.988921e-16
   outer loop
     vertex -3.102013e+01  2.500000e+01 -8.183141e+01
     vertex -2.522340e+01  2.500000e+01 -7.066498e+01
     vertex -2.087470e+01  2.500000e+01 -7.206944e+01
   endloop
 endfacet
 facet normal  1.073937e-15  1.000000e+00  2.377305e-16
   outer loop
     vertex  9.690242e+00  2.500000e+01 -1.371321e+02
     vertex  1.888371e+01  2.500000e+01 -1.487746e+02
     vertex  5.889845e+00  2.500000e+01 -1.498525e+02
   endloop
 endfacet
 facet normal -9.247612e-16  1.000000e+00  7.771575e-16
   outer loop
     vertex  9.690242e+00  2.500000e+01 -1.371321e+02
     vertex  1.276790e+01  2.500000e+01 -1.243271e+02
     vertex  2.248377e+01  2.500000e+01 -1.356230e+02
   endloop
 endfacet
 facet normal  2.312133e-15  1.000000e+00 -8.216134e-19
   outer loop
     vertex  9.690242e+00  2.500000e+01 -1.371321e+02
     vertex  3.548367e+00  2.500000e+01 -1.249306e+02
     vertex  1.276790e+01  2.500000e+01 -1.243271e+02
   endloop
 endfacet
 facet normal -6.962450e-16  1.000000e+00 -1.160088e-15
   outer loop
     vertex  9.690242e+00  2.500000e+01 -1.371321e+02
     vertex  2.248377e+01  2.500000e+01 -1.356230e+02
     vertex  1.888371e+01  2.500000e+01 -1.487746e+02
   endloop
 endfacet
 facet normal  5.213982e-16  1.000000e+00 -5.930126e-16
   outer loop
     vertex -3.907308e+01  2.500000e+01 -4.885369e+01
     vertex -4.499006e+01  2.500000e+01 -6.004708e+01
     vertex -4.856214e+01  2.500000e+01 -5.719682e+01
   endloop
 endfacet
 facet normal -1.634681e-16  1.000000e+00 -2.309824e-16
   outer loop
     vertex -3.907308e+01  2.500000e+01 -4.885369e+01
     vertex -3.307800e+01  2.500000e+01 -5.309646e+01
     vertex -4.499006e+01  2.500000e+01 -6.004708e+01
   endloop
 endfacet
 facet normal -7.246152e-16  1.000000e+00  8.241415e-16
   outer loop
     vertex -3.907308e+01  2.500000e+01 -4.885369e+01
     vertex -4.856214e+01  2.500000e+01 -5.719682e+01
     vertex -5.100259e+01  2.500000e+01 -5.503175e+01
   endloop
 endfacet
 facet normal  4.910986e-16  1.000000e+00 -3.157226e-16
   outer loop
     vertex -3.907308e+01  2.500000e+01 -4.885369e+01
     vertex -3.228875e+01  2.500000e+01 -3.830083e+01
     vertex -2.739474e+01  2.500000e+01 -4.194098e+01
   endloop
 endfacet
 facet normal  1.656580e-16  1.000000e+00  2.340767e-16
   outer loop
     vertex -3.907308e+01  2.500000e+01 -4.885369e+01
     vertex -2.739474e+01  2.500000e+01 -4.194098e+01
     vertex -3.307800e+01  2.500000e+01 -5.309646e+01
   endloop
 endfacet
 facet normal  2.692569e-16  1.000000e+00 -7.676901e-16
   outer loop
     vertex  1.626683e+00  2.500000e+01 -1.374644e+02
     vertex  5.889845e+00  2.500000e+01 -1.498525e+02
     vertex -7.148520e+00  2.500000e+01 -1.497978e+02
   endloop
 endfacet
 facet normal -2.205894e-15  1.000000e+00 -6.199722e-16
   outer loop
     vertex  1.626683e+00  2.500000e+01 -1.374644e+02
     vertex -8.403537e+00  2.500000e+01 -1.246981e+02
     vertex -1.885819e+00  2.500000e+01 -1.249667e+02
   endloop
 endfacet
 facet normal  6.525504e-16  1.000000e+00  1.834010e-16
   outer loop
     vertex  1.626683e+00  2.500000e+01 -1.374644e+02
     vertex -1.885819e+00  2.500000e+01 -1.249667e+02
     vertex  3.548367e+00  2.500000e+01 -1.249306e+02
   endloop
 endfacet
 facet normal  2.207099e-15  1.000000e+00 -1.008159e-16
   outer loop
     vertex  1.626683e+00  2.500000e+01 -1.374644e+02
     vertex  9.690242e+00  2.500000e+01 -1.371321e+02
     vertex  5.889845e+00  2.500000e+01 -1.498525e+02
   endloop
 endfacet
 facet normal  2.205196e-15  1.000000e+00 -5.465013e-17
   outer loop
     vertex  1.626683e+00  2.500000e+01 -1.374644e+02
     vertex  3.548367e+00  2.500000e+01 -1.249306e+02
     vertex  9.690242e+00  2.500000e+01 -1.371321e+02
   endloop
 endfacet
 facet normal  1.208425e-15  1.000000e+00 -1.389038e-15
   outer loop
     vertex -4.257431e+01  2.500000e+01 -7.645951e+01
     vertex -3.792480e+01  2.500000e+01 -6.474154e+01
     vertex -3.245005e+01  2.500000e+01 -6.765170e+01
   endloop
 endfacet
 facet normal -1.118182e-15  1.000000e+00  3.686283e-16
   outer loop
     vertex -4.257431e+01  2.500000e+01 -7.645951e+01
     vertex -4.107153e+01  2.500000e+01 -9.117636e+01
     vertex -4.654594e+01  2.500000e+01 -8.850691e+01
   endloop
 endfacet
 facet normal -7.327646e-16  1.000000e+00  4.079843e-16
   outer loop
     vertex -4.257431e+01  2.500000e+01 -7.645951e+01
     vertex -3.102013e+01  2.500000e+01 -8.183141e+01
     vertex -4.107153e+01  2.500000e+01 -9.117636e+01
   endloop
 endfacet
 facet normal  1.579668e-15  1.000000e+00 -5.207652e-16
   outer loop
     vertex -4.257431e+01  2.500000e+01 -7.645951e+01
     vertex -4.654594e+01  2.500000e+01 -8.850691e+01
     vertex -5.034938e+01  2.500000e+01 -8.639988e+01
   endloop
 endfacet
 facet normal -6.011710e-16  1.000000e+00  6.910234e-16
   outer loop
     vertex -4.257431e+01  2.500000e+01 -7.645951e+01
     vertex -3.245005e+01  2.500000e+01 -6.765170e+01
     vertex -3.102013e+01  2.500000e+01 -8.183141e+01
   endloop
 endfacet
 facet normal -5.266032e-16  1.000000e+00  4.417906e-16
   outer loop
     vertex -4.297319e+01  2.500000e+01 -4.546090e+01
     vertex -3.907308e+01  2.500000e+01 -4.885369e+01
     vertex -5.100259e+01  2.500000e+01 -5.503175e+01
   endloop
 endfacet
 facet normal  1.369683e-16  1.000000e+00 -7.005721e-16
   outer loop
     vertex -4.297319e+01  2.500000e+01 -4.546090e+01
     vertex -3.670410e+01  2.500000e+01 -3.409291e+01
     vertex -3.228875e+01  2.500000e+01 -3.830083e+01
   endloop
 endfacet
 facet normal -5.842027e-16  1.000000e+00  3.755783e-16
   outer loop
     vertex -4.297319e+01  2.500000e+01 -4.546090e+01
     vertex -3.228875e+01  2.500000e+01 -3.830083e+01
     vertex -3.907308e+01  2.500000e+01 -4.885369e+01
   endloop
 endfacet
 facet normal -7.569508e-16  1.000000e+00  6.989155e-16
   outer loop
     vertex -1.389355e+01  2.500000e+01 -1.367702e+02
     vertex -7.148520e+00  2.500000e+01 -1.497978e+02
     vertex -2.013283e+01  2.500000e+01 -1.486107e+02
   endloop
 endfacet
 facet normal -1.356063e-15  1.000000e+00  3.887256e-16
   outer loop
     vertex -1.389355e+01  2.500000e+01 -1.367702e+02
     vertex  1.626683e+00  2.500000e+01 -1.374644e+02
     vertex -7.148520e+00  2.500000e+01 -1.497978e+02
   endloop
 endfacet
 facet normal -1.371872e-15  1.000000e+00  3.530226e-17
   outer loop
     vertex -1.389355e+01  2.500000e+01 -1.367702e+02
     vertex -8.403537e+00  2.500000e+01 -1.246981e+02
     vertex  1.626683e+00  2.500000e+01 -1.374644e+02
   endloop
 endfacet
 facet normal -1.311994e-15  1.000000e+00  8.071641e-18
   outer loop
     vertex -1.389355e+01  2.500000e+01 -1.367702e+02
     vertex -1.381631e+01  2.500000e+01 -1.242149e+02
     vertex -8.403537e+00  2.500000e+01 -1.246981e+02
   endloop
 endfacet
 facet normal  1.318000e-15  1.000000e+00 -8.108594e-18
   outer loop
     vertex -1.389355e+01  2.500000e+01 -1.367702e+02
     vertex -1.920296e+01  2.500000e+01 -1.234969e+02
     vertex -1.381631e+01  2.500000e+01 -1.242149e+02
   endloop
 endfacet
 facet normal  8.774927e-16  1.000000e+00 -1.623410e-16
   outer loop
     vertex -2.572079e+01  2.500000e+01 -1.350465e+02
     vertex -1.389355e+01  2.500000e+01 -1.367702e+02
     vertex -2.013283e+01  2.500000e+01 -1.486107e+02
   endloop
 endfacet
 facet normal  1.094297e-15  1.000000e+00 -7.302574e-17
   outer loop
     vertex -2.572079e+01  2.500000e+01 -1.350465e+02
     vertex -2.013283e+01  2.500000e+01 -1.486107e+02
     vertex -3.296494e+01  2.500000e+01 -1.463003e+02
   endloop
 endfacet
 facet normal  1.256622e-15  1.000000e+00 -4.015499e-16
   outer loop
     vertex -2.572079e+01  2.500000e+01 -1.350465e+02
     vertex -2.455330e+01  2.500000e+01 -1.225454e+02
     vertex -1.920296e+01  2.500000e+01 -1.234969e+02
   endloop
 endfacet
 facet normal  8.740920e-16  1.000000e+00 -1.856751e-16
   outer loop
     vertex -2.572079e+01  2.500000e+01 -1.350465e+02
     vertex -1.920296e+01  2.500000e+01 -1.234969e+02
     vertex -1.389355e+01  2.500000e+01 -1.367702e+02
   endloop
 endfacet
 facet normal  6.150165e-16  1.000000e+00 -2.486232e-16
   outer loop
     vertex -4.978696e+01  2.500000e+01 -3.787674e+01
     vertex -4.057533e+01  2.500000e+01 -2.937958e+01
     vertex -3.670410e+01  2.500000e+01 -3.409291e+01
   endloop
 endfacet
 facet normal  1.257244e-16  1.000000e+00 -8.806276e-16
   outer loop
     vertex -4.978696e+01  2.500000e+01 -3.787674e+01
     vertex -5.835176e+01  2.500000e+01 -4.716810e+01
     vertex -6.111502e+01  2.500000e+01 -4.352830e+01
   endloop
 endfacet
 facet normal  8.612486e-16  1.000000e+00 -1.099990e-15
   outer loop
     vertex -4.978696e+01  2.500000e+01 -3.787674e+01
     vertex -3.670410e+01  2.500000e+01 -3.409291e+01
     vertex -4.297319e+01  2.500000e+01 -4.546090e+01
   endloop
 endfacet
 facet normal -1.473167e-15  1.000000e+00  2.324207e-15
   outer loop
     vertex -5.274419e+01  2.500000e+01 -3.363686e+01
     vertex -4.978696e+01  2.500000e+01 -3.787674e+01
     vertex -6.111502e+01  2.500000e+01 -4.352830e+01
   endloop
 endfacet
 facet normal -2.050708e-16  1.000000e+00  7.847923e-16
   outer loop
     vertex -5.274419e+01  2.500000e+01 -3.363686e+01
     vertex -6.294941e+01  2.500000e+01 -4.083049e+01
     vertex -6.531832e+01  2.500000e+01 -3.692255e+01
   endloop
 endfacet
 facet normal -1.111668e-15  1.000000e+00  6.740460e-16
   outer loop
     vertex -5.274419e+01  2.500000e+01 -3.363686e+01
     vertex -4.384506e+01  2.500000e+01 -2.423072e+01
     vertex -4.057533e+01  2.500000e+01 -2.937958e+01
   endloop
 endfacet
 facet normal -1.019679e-15  1.000000e+00  1.940434e-15
   outer loop
     vertex -5.274419e+01  2.500000e+01 -3.363686e+01
     vertex -6.111502e+01  2.500000e+01 -4.352830e+01
     vertex -6.294941e+01  2.500000e+01 -4.083049e+01
   endloop
 endfacet
 facet normal -1.646646e-15  1.000000e+00  2.203209e-15
   outer loop
     vertex -5.274419e+01  2.500000e+01 -3.363686e+01
     vertex -4.057533e+01  2.500000e+01 -2.937958e+01
     vertex -4.978696e+01  2.500000e+01 -3.787674e+01
   endloop
 endfacet
 facet normal -2.844839e-16  1.000000e+00  8.059477e-16
   outer loop
     vertex -4.561818e+01  2.500000e+01 -1.296846e+02
     vertex -4.554786e+01  2.500000e+01 -1.428841e+02
     vertex -5.778646e+01  2.500000e+01 -1.383879e+02
   endloop
 endfacet
 facet normal -8.390667e-17  1.000000e+00 -2.733890e-16
   outer loop
     vertex -4.561818e+01  2.500000e+01 -1.296846e+02
     vertex -3.977534e+01  2.500000e+01 -1.184827e+02
     vertex -3.353920e+01  2.500000e+01 -1.203967e+02
   endloop
 endfacet
 facet normal  1.073823e-15  1.000000e+00 -8.772568e-16
   outer loop
     vertex -4.561818e+01  2.500000e+01 -1.296846e+02
     vertex -4.488825e+01  2.500000e+01 -1.166417e+02
     vertex -3.977534e+01  2.500000e+01 -1.184827e+02
   endloop
 endfacet
 facet normal  5.734234e-16  1.000000e+00 -5.846889e-16
   outer loop
     vertex -6.559470e+01  2.500000e+01 -5.793068e+01
     vertex -7.452003e+01  2.500000e+01 -6.668405e+01
     vertex -7.734836e+01  2.500000e+01 -6.338163e+01
   endloop
 endfacet
 facet normal  7.258969e-16  1.000000e+00 -9.134616e-16
   outer loop
     vertex -6.559470e+01  2.500000e+01 -5.793068e+01
     vertex -7.734836e+01  2.500000e+01 -6.338163e+01
     vertex -8.106341e+01  2.500000e+01 -5.855529e+01
   endloop
 endfacet
 facet normal  2.788782e-16  1.000000e+00 -5.177763e-16
   outer loop
     vertex -6.559470e+01  2.500000e+01 -5.793068e+01
     vertex -5.835176e+01  2.500000e+01 -4.716810e+01
     vertex -5.425819e+01  2.500000e+01 -5.182476e+01
   endloop
 endfacet
 facet normal  3.057083e-16  1.000000e+00 -8.342701e-16
   outer loop
     vertex -5.671002e+01  2.500000e+01 -1.252321e+02
     vertex -4.488825e+01  2.500000e+01 -1.166417e+02
     vertex -4.561818e+01  2.500000e+01 -1.296846e+02
   endloop
 endfacet
 facet normal -4.120188e-16  1.000000e+00 -2.363376e-16
   outer loop
     vertex -5.671002e+01  2.500000e+01 -1.252321e+02
     vertex -5.778646e+01  2.500000e+01 -1.383879e+02
     vertex -6.958826e+01  2.500000e+01 -1.328456e+02
   endloop
 endfacet
 facet normal -5.601094e-16  1.000000e+00  3.572319e-16
   outer loop
     vertex -5.671002e+01  2.500000e+01 -1.252321e+02
     vertex -4.991629e+01  2.500000e+01 -1.145801e+02
     vertex -4.488825e+01  2.500000e+01 -1.166417e+02
   endloop
 endfacet
 facet normal -1.668811e-15  1.000000e+00  1.064350e-15
   outer loop
     vertex -5.671002e+01  2.500000e+01 -1.252321e+02
     vertex -5.484995e+01  2.500000e+01 -1.123019e+02
     vertex -4.991629e+01  2.500000e+01 -1.145801e+02
   endloop
 endfacet
 facet normal  5.152723e-16  1.000000e+00 -3.122113e-16
   outer loop
     vertex -5.671002e+01  2.500000e+01 -1.252321e+02
     vertex -4.561818e+01  2.500000e+01 -1.296846e+02
     vertex -5.778646e+01  2.500000e+01 -1.383879e+02
   endloop
 endfacet
 facet normal -3.718698e-16  1.000000e+00  1.794303e-15
   outer loop
     vertex -5.750754e+01  2.500000e+01 -2.462257e+01
     vertex -6.992914e+01  2.500000e+01 -2.719695e+01
     vertex -7.125290e+01  2.500000e+01 -2.351130e+01
   endloop
 endfacet
 facet normal  1.080283e-15  1.000000e+00 -1.399756e-15
   outer loop
     vertex -5.750754e+01  2.500000e+01 -2.462257e+01
     vertex -4.384506e+01  2.500000e+01 -2.423072e+01
     vertex -5.274419e+01  2.500000e+01 -3.363686e+01
   endloop
 endfacet
 facet normal  1.062640e-15  1.000000e+00 -7.845887e-16
   outer loop
     vertex -5.750754e+01  2.500000e+01 -2.462257e+01
     vertex -4.646482e+01  2.500000e+01 -1.872266e+01
     vertex -4.384506e+01  2.500000e+01 -2.423072e+01
   endloop
 endfacet
 facet normal  3.447020e-16  1.000000e+00 -5.620740e-16
   outer loop
     vertex -7.225535e+01  2.500000e+01 -4.937401e+01
     vertex -5.835176e+01  2.500000e+01 -4.716810e+01
     vertex -6.559470e+01  2.500000e+01 -5.793068e+01
   endloop
 endfacet
 facet normal -1.272992e-15  1.000000e+00  1.608196e-15
   outer loop
     vertex -7.225535e+01  2.500000e+01 -4.937401e+01
     vertex -8.106341e+01  2.500000e+01 -5.855529e+01
     vertex -8.584303e+01  2.500000e+01 -5.129302e+01
   endloop
 endfacet
 facet normal  7.005244e-16  1.000000e+00 -2.850961e-16
   outer loop
     vertex -7.225535e+01  2.500000e+01 -4.937401e+01
     vertex -6.559470e+01  2.500000e+01 -5.793068e+01
     vertex -8.106341e+01  2.500000e+01 -5.855529e+01
   endloop
 endfacet
 facet normal -4.566851e-17  1.000000e+00  8.814186e-16
   outer loop
     vertex -7.225535e+01  2.500000e+01 -4.937401e+01
     vertex -6.531832e+01  2.500000e+01 -3.692255e+01
     vertex -6.294941e+01  2.500000e+01 -4.083049e+01
   endloop
 endfacet
 facet normal  3.662694e-16  1.000000e+00 -6.980107e-16
   outer loop
     vertex -7.225535e+01  2.500000e+01 -4.937401e+01
     vertex -6.111502e+01  2.500000e+01 -4.352830e+01
     vertex -5.835176e+01  2.500000e+01 -4.716810e+01
   endloop
 endfacet
 facet normal -1.018596e-15  1.000000e+00  1.941170e-15
   outer loop
     vertex -7.225535e+01  2.500000e+01 -4.937401e+01
     vertex -6.294941e+01  2.500000e+01 -4.083049e+01
     vertex -6.111502e+01  2.500000e+01 -4.352830e+01
   endloop
 endfacet
 facet normal  1.608157e-16  1.000000e+00  8.011497e-16
   outer loop
     vertex -7.047751e+01  2.500000e+01 -1.180340e+02
     vertex -5.484995e+01  2.500000e+01 -1.123019e+02
     vertex -5.671002e+01  2.500000e+01 -1.252321e+02
   endloop
 endfacet
 facet normal -4.707396e-16  1.000000e+00 -2.681230e-16
   outer loop
     vertex -7.047751e+01  2.500000e+01 -1.180340e+02
     vertex -6.958826e+01  2.500000e+01 -1.328456e+02
     vertex -8.086404e+01  2.500000e+01 -1.262992e+02
   endloop
 endfacet
 facet normal  2.668592e-16  1.000000e+00  5.120408e-16
   outer loop
     vertex -7.047751e+01  2.500000e+01 -1.180340e+02
     vertex -6.063470e+01  2.500000e+01 -1.092871e+02
     vertex -5.484995e+01  2.500000e+01 -1.123019e+02
   endloop
 endfacet
 facet normal  8.270390e-16  1.000000e+00 -1.183229e-16
   outer loop
     vertex -7.047751e+01  2.500000e+01 -1.180340e+02
     vertex -6.854253e+01  2.500000e+01 -1.045091e+02
     vertex -6.063470e+01  2.500000e+01 -1.092871e+02
   endloop
 endfacet
 facet normal -3.958845e-16  1.000000e+00 -2.636289e-16
   outer loop
     vertex -7.047751e+01  2.500000e+01 -1.180340e+02
     vertex -5.671002e+01  2.500000e+01 -1.252321e+02
     vertex -6.958826e+01  2.500000e+01 -1.328456e+02
   endloop
 endfacet
 facet normal -4.039960e-16  1.000000e+00  1.396929e-15
   outer loop
     vertex -5.999703e+01  2.500000e+01 -1.771284e+01
     vertex -5.750754e+01  2.500000e+01 -2.462257e+01
     vertex -7.125290e+01  2.500000e+01 -2.351130e+01
   endloop
 endfacet
 facet normal -8.856392e-17  1.000000e+00  7.846177e-16
   outer loop
     vertex -5.999703e+01  2.500000e+01 -1.771284e+01
     vertex -7.125290e+01  2.500000e+01 -2.351130e+01
     vertex -7.255206e+01  2.500000e+01 -1.912999e+01
   endloop
 endfacet
 facet normal  0.000000e+00  1.000000e+00  0.000000e+00
   outer loop
     vertex -5.999703e+01  2.500000e+01 -1.771284e+01
     vertex -7.255206e+01  2.500000e+01 -1.912999e+01
     vertex -7.331505e+01  2.500000e+01 -1.595810e+01
   endloop
 endfacet
 facet normal -1.515056e-16  1.000000e+00  1.487898e-15
   outer loop
     vertex -5.999703e+01  2.500000e+01 -1.771284e+01
     vertex -4.646482e+01  2.500000e+01 -1.872266e+01
     vertex -5.750754e+01  2.500000e+01 -2.462257e+01
   endloop
 endfacet
 facet normal -2.222497e-16  1.000000e+00  5.398839e-16
   outer loop
     vertex -5.999703e+01  2.500000e+01 -1.771284e+01
     vertex -4.839576e+01  2.500000e+01 -1.293704e+01
     vertex -4.646482e+01  2.500000e+01 -1.872266e+01
   endloop
 endfacet
 facet normal  1.742198e-16  1.000000e+00  2.291444e-16
   outer loop
     vertex -7.728220e+01  2.500000e+01 -1.136951e+02
     vertex -7.821357e+01  2.500000e+01 -9.748269e+01
     vertex -7.302079e+01  2.500000e+01 -1.014308e+02
   endloop
 endfacet
 facet normal -4.784508e-16  1.000000e+00  6.845104e-17
   outer loop
     vertex -7.728220e+01  2.500000e+01 -1.136951e+02
     vertex -6.854253e+01  2.500000e+01 -1.045091e+02
     vertex -7.047751e+01  2.500000e+01 -1.180340e+02
   endloop
 endfacet
 facet normal -1.652302e-16  1.000000e+00 -2.349143e-16
   outer loop
     vertex -7.728220e+01  2.500000e+01 -1.136951e+02
     vertex -8.086404e+01  2.500000e+01 -1.262992e+02
     vertex -9.152857e+01  2.500000e+01 -1.187981e+02
   endloop
 endfacet
 facet normal -1.120013e-15  1.000000e+00  6.788449e-16
   outer loop
     vertex -7.728220e+01  2.500000e+01 -1.136951e+02
     vertex -7.302079e+01  2.500000e+01 -1.014308e+02
     vertex -6.854253e+01  2.500000e+01 -1.045091e+02
   endloop
 endfacet
 facet normal -5.941643e-16  1.000000e+00 -1.130197e-16
   outer loop
     vertex -7.728220e+01  2.500000e+01 -1.136951e+02
     vertex -7.047751e+01  2.500000e+01 -1.180340e+02
     vertex -8.086404e+01  2.500000e+01 -1.262992e+02
   endloop
 endfacet
 facet normal -9.799713e-17  1.000000e+00  9.105722e-16
   outer loop
     vertex -7.865919e+01  2.500000e+01 -3.835832e+01
     vertex -6.531832e+01  2.500000e+01 -3.692255e+01
     vertex -7.225535e+01  2.500000e+01 -4.937401e+01
   endloop
 endfacet
 facet normal  2.626467e-16  1.000000e+00 -2.440467e-15
   outer loop
     vertex -7.865919e+01  2.500000e+01 -3.835832e+01
     vertex -6.814375e+01  2.500000e+01 -3.140362e+01
     vertex -6.531832e+01  2.500000e+01 -3.692255e+01
   endloop
 endfacet
 facet normal -1.092789e-15  1.000000e+00  3.322616e-16
   outer loop
     vertex -7.865919e+01  2.500000e+01 -3.835832e+01
     vertex -7.225535e+01  2.500000e+01 -4.937401e+01
     vertex -8.584303e+01  2.500000e+01 -5.129302e+01
   endloop
 endfacet
 facet normal  1.497483e-15  1.000000e+00 -1.995795e-15
   outer loop
     vertex -7.865919e+01  2.500000e+01 -3.835832e+01
     vertex -8.880640e+01  2.500000e+01 -4.597196e+01
     vertex -9.072086e+01  2.500000e+01 -4.206811e+01
   endloop
 endfacet
 facet normal  3.533248e-16  1.000000e+00 -4.708992e-16
   outer loop
     vertex -7.865919e+01  2.500000e+01 -3.835832e+01
     vertex -8.584303e+01  2.500000e+01 -5.129302e+01
     vertex -8.880640e+01  2.500000e+01 -4.597196e+01
   endloop
 endfacet
 facet normal  0.000000e+00  1.000000e+00  0.000000e+00
   outer loop
     vertex -6.125461e+01  2.500000e+01 -1.269884e+01
     vertex -5.999703e+01  2.500000e+01 -1.771284e+01
     vertex -7.331505e+01  2.500000e+01 -1.595810e+01
   endloop
 endfacet
 facet normal  0.000000e+00  1.000000e+00  0.000000e+00
   outer loop
     vertex -6.125461e+01  2.500000e+01 -1.269884e+01
     vertex -4.839576e+01  2.500000e+01 -1.293704e+01
     vertex -5.999703e+01  2.500000e+01 -1.771284e+01
   endloop
 endfacet
 facet normal  2.210296e-17  1.000000e+00  1.193203e-15
   outer loop
     vertex -6.125461e+01  2.500000e+01 -1.269884e+01
     vertex -4.960928e+01  2.500000e+01 -6.959642e+00
     vertex -4.839576e+01  2.500000e+01 -1.293704e+01
   endloop
 endfacet
 facet normal -5.384898e-16  1.000000e+00  3.799912e-16
   outer loop
     vertex -8.961660e+01  2.500000e+01 -1.042496e+02
     vertex -8.638514e+01  2.500000e+01 -9.032078e+01
     vertex -8.237723e+01  2.500000e+01 -9.399059e+01
   endloop
 endfacet
 facet normal  1.755328e-16  1.000000e+00  2.292198e-16
   outer loop
     vertex -8.961660e+01  2.500000e+01 -1.042496e+02
     vertex -7.821357e+01  2.500000e+01 -9.748269e+01
     vertex -7.728220e+01  2.500000e+01 -1.136951e+02
   endloop
 endfacet
 facet normal  1.355762e-16  1.000000e+00 -2.620145e-16
   outer loop
     vertex -8.961660e+01  2.500000e+01 -1.042496e+02
     vertex -9.152857e+01  2.500000e+01 -1.187981e+02
     vertex -1.015013e+02  2.500000e+01 -1.103992e+02
   endloop
 endfacet
 facet normal -1.699032e-16  1.000000e+00 -2.218684e-16
   outer loop
     vertex -8.961660e+01  2.500000e+01 -1.042496e+02
     vertex -7.728220e+01  2.500000e+01 -1.136951e+02
     vertex -9.152857e+01  2.500000e+01 -1.187981e+02
   endloop
 endfacet
 facet normal  5.360237e-16  1.000000e+00 -3.782509e-16
   outer loop
     vertex -8.961660e+01  2.500000e+01 -1.042496e+02
     vertex -8.237723e+01  2.500000e+01 -9.399059e+01
     vertex -7.821357e+01  2.500000e+01 -9.748269e+01
   endloop
 endfacet
 facet normal -1.382045e-16  1.000000e+00  2.871256e-16
   outer loop
     vertex -9.833284e+01  2.500000e+01 -9.607166e+01
     vertex -8.638514e+01  2.500000e+01 -9.032078e+01
     vertex -8.961660e+01  2.500000e+01 -1.042496e+02
   endloop
 endfacet
 facet normal  0.000000e+00  1.000000e+00  0.000000e+00
   outer loop
     vertex -9.833284e+01  2.500000e+01 -9.607166e+01
     vertex -9.022975e+01  2.500000e+01 -8.648024e+01
     vertex -8.638514e+01  2.500000e+01 -9.032078e+01
   endloop
 endfacet
 facet normal  2.035650e-16  1.000000e+00  2.029481e-16
   outer loop
     vertex -9.833284e+01  2.500000e+01 -9.607166e+01
     vertex -1.015013e+02  2.500000e+01 -1.103992e+02
     vertex -1.107067e+02  2.500000e+01 -1.011657e+02
   endloop
 endfacet
 facet normal -1.448852e-16  1.000000e+00  2.800051e-16
   outer loop
     vertex -9.833284e+01  2.500000e+01 -9.607166e+01
     vertex -8.961660e+01  2.500000e+01 -1.042496e+02
     vertex -1.015013e+02  2.500000e+01 -1.103992e+02
   endloop
 endfacet
 facet normal  2.489323e-16  1.000000e+00  7.329468e-16
   outer loop
     vertex -6.250384e+01  2.500000e+01 -2.580235e+00
     vertex -4.960928e+01  2.500000e+01 -6.959642e+00
     vertex -6.125461e+01  2.500000e+01 -1.269884e+01
   endloop
 endfacet
 facet normal -1.151366e-16  1.000000e+00 -7.826944e-16
   outer loop
     vertex -6.250384e+01  2.500000e+01 -2.580235e+00
     vertex -7.484400e+01  2.500000e+01 -5.304044e+00
     vertex -7.502809e+01  2.500000e+01 -7.378825e-01
   endloop
 endfacet
 facet normal -4.077646e-16  1.000000e+00 -1.200606e-15
   outer loop
     vertex -6.250384e+01  2.500000e+01 -2.580235e+00
     vertex -5.008737e+01  2.500000e+01 -8.790708e-01
     vertex -4.960928e+01  2.500000e+01 -6.959642e+00
   endloop
 endfacet
 facet normal -4.043948e-16  1.000000e+00 -2.749062e-15
   outer loop
     vertex -6.250348e+01  2.500000e+01  2.589058e+00
     vertex -6.250384e+01  2.500000e+01 -2.580235e+00
     vertex -7.502809e+01  2.500000e+01 -7.378825e-01
   endloop
 endfacet
 facet normal -2.675936e-16  1.000000e+00 -3.264065e-15
   outer loop
     vertex -6.250348e+01  2.500000e+01  2.589058e+00
     vertex -7.502809e+01  2.500000e+01 -7.378825e-01
     vertex -7.498924e+01  2.500000e+01  2.524229e+00
   endloop
 endfacet
 facet normal -1.956108e-16  1.000000e+00 -2.749077e-15
   outer loop
     vertex -6.250348e+01  2.500000e+01  2.589058e+00
     vertex -5.008737e+01  2.500000e+01 -8.790708e-01
     vertex -6.250384e+01  2.500000e+01 -2.580235e+00
   endloop
 endfacet
 facet normal -2.846361e-16  1.000000e+00  1.827167e-17
   outer loop
     vertex -6.250348e+01  2.500000e+01  2.589058e+00
     vertex -7.498924e+01  2.500000e+01  2.524229e+00
     vertex -7.469648e+01  2.500000e+01  7.084712e+00
   endloop
 endfacet
 facet normal  1.048130e-15  1.000000e+00  1.703588e-15
   outer loop
     vertex -6.250348e+01  2.500000e+01  2.589058e+00
     vertex -4.982295e+01  2.500000e+01  5.214532e+00
     vertex -5.008737e+01  2.500000e+01 -8.790708e-01
   endloop
 endfacet
 facet normal  7.383045e-16  1.000000e+00 -8.053576e-16
   outer loop
     vertex -1.115885e+02  2.500000e+01 -8.029396e+01
     vertex -1.003926e+02  2.500000e+01 -7.444163e+01
     vertex -9.637185e+01  2.500000e+01 -7.957831e+01
   endloop
 endfacet
 facet normal  2.315784e-16  1.000000e+00  1.640369e-16
   outer loop
     vertex -1.115885e+02  2.500000e+01 -8.029396e+01
     vertex -1.035337e+02  2.500000e+01 -7.000721e+01
     vertex -1.003926e+02  2.500000e+01 -7.444163e+01
   endloop
 endfacet
 facet normal -2.355003e-16  1.000000e+00 -1.645766e-16
   outer loop
     vertex -1.115885e+02  2.500000e+01 -8.029396e+01
     vertex -1.190754e+02  2.500000e+01 -9.116763e+01
     vertex -1.265440e+02  2.500000e+01 -8.048047e+01
   endloop
 endfacet
 facet normal -2.141122e-16  1.000000e+00  5.525271e-16
   outer loop
     vertex -8.694130e+01  2.500000e+01 -9.991922e+00
     vertex -7.484400e+01  2.500000e+01 -5.304044e+00
     vertex -7.415056e+01  2.500000e+01 -1.146526e+01
   endloop
 endfacet
 facet normal -1.037512e-16  1.000000e+00 -5.888448e-16
   outer loop
     vertex -8.694130e+01  2.500000e+01 -9.991922e+00
     vertex -9.969970e+01  2.500000e+01 -7.743962e+00
     vertex -9.998621e+01  2.500000e+01 -1.660119e+00
   endloop
 endfacet
 facet normal  1.472644e-16  1.000000e+00  8.358056e-16
   outer loop
     vertex -8.694130e+01  2.500000e+01 -9.991922e+00
     vertex -9.926883e+01  2.500000e+01 -1.207053e+01
     vertex -9.969970e+01  2.500000e+01 -7.743962e+00
   endloop
 endfacet
 facet normal -7.482023e-16  1.000000e+00  9.312258e-16
   outer loop
     vertex -1.181409e+02  2.500000e+01 -7.029820e+01
     vertex -1.035337e+02  2.500000e+01 -7.000721e+01
     vertex -1.115885e+02  2.500000e+01 -8.029396e+01
   endloop
 endfacet
 facet normal -2.532118e-16  1.000000e+00  1.255702e-15
   outer loop
     vertex -1.181409e+02  2.500000e+01 -7.029820e+01
     vertex -1.115885e+02  2.500000e+01 -8.029396e+01
     vertex -1.265440e+02  2.500000e+01 -8.048047e+01
   endloop
 endfacet
 facet normal  7.359006e-17  1.000000e+00  9.860043e-16
   outer loop
     vertex -1.181409e+02  2.500000e+01 -7.029820e+01
     vertex -1.265440e+02  2.500000e+01 -8.048047e+01
     vertex -1.330560e+02  2.500000e+01 -6.918501e+01
   endloop
 endfacet
 facet normal -4.986389e-16  1.000000e+00  4.657143e-16
   outer loop
     vertex -1.181409e+02  2.500000e+01 -7.029820e+01
     vertex -1.092231e+02  2.500000e+01 -6.074994e+01
     vertex -1.064791e+02  2.500000e+01 -6.544042e+01
   endloop
 endfacet
 facet normal -7.509975e-16  1.000000e+00  1.071540e-15
   outer loop
     vertex -1.181409e+02  2.500000e+01 -7.029820e+01
     vertex -1.064791e+02  2.500000e+01 -6.544042e+01
     vertex -1.035337e+02  2.500000e+01 -7.000721e+01
   endloop
 endfacet
 facet normal  1.213826e-15  1.000000e+00  9.033081e-16
   outer loop
     vertex -6.125281e+01  2.500000e+01  1.270748e+01
     vertex -4.982295e+01  2.500000e+01  5.214532e+00
     vertex -6.250348e+01  2.500000e+01  2.589058e+00
   endloop
 endfacet
 facet normal  1.813217e-15  1.000000e+00  1.389046e-15
   outer loop
     vertex -6.125281e+01  2.500000e+01  1.270748e+01
     vertex -7.291428e+01  2.500000e+01  1.769933e+01
     vertex -7.189149e+01  2.500000e+01  2.147955e+01
   endloop
 endfacet
 facet normal -1.533454e-15  1.000000e+00 -3.287437e-15
   outer loop
     vertex -6.125281e+01  2.500000e+01  1.270748e+01
     vertex -4.881994e+01  2.500000e+01  1.123083e+01
     vertex -4.982295e+01  2.500000e+01  5.214532e+00
   endloop
 endfacet
 facet normal  3.738144e-16  1.000000e+00 -9.646463e-16
   outer loop
     vertex -8.750959e+01  2.500000e+01  8.366122e-01
     vertex -7.484400e+01  2.500000e+01 -5.304044e+00
     vertex -8.694130e+01  2.500000e+01 -9.991922e+00
   endloop
 endfacet
 facet normal -2.435900e-16  1.000000e+00 -1.628629e-15
   outer loop
     vertex -8.750959e+01  2.500000e+01  8.366122e-01
     vertex -9.998621e+01  2.500000e+01 -1.660119e+00
     vertex -9.975254e+01  2.500000e+01  7.030589e+00
   endloop
 endfacet
 facet normal  1.568893e-16  1.000000e+00 -3.269121e-15
   outer loop
     vertex -8.750959e+01  2.500000e+01  8.366122e-01
     vertex -7.498924e+01  2.500000e+01  2.524229e+00
     vertex -7.502809e+01  2.500000e+01 -7.378825e-01
   endloop
 endfacet
 facet normal  4.735365e-16  1.000000e+00 -7.589616e-16
   outer loop
     vertex -8.750959e+01  2.500000e+01  8.366122e-01
     vertex -7.502809e+01  2.500000e+01 -7.378825e-01
     vertex -7.484400e+01  2.500000e+01 -5.304044e+00
   endloop
 endfacet
 facet normal -3.686637e-16  1.000000e+00 -1.003612e-15
   outer loop
     vertex -8.750959e+01  2.500000e+01  8.366122e-01
     vertex -8.694130e+01  2.500000e+01 -9.991922e+00
     vertex -9.998621e+01  2.500000e+01 -1.660119e+00
   endloop
 endfacet
 facet normal -2.862316e-16  1.000000e+00  1.837409e-17
   outer loop
     vertex -8.750959e+01  2.500000e+01  8.366122e-01
     vertex -7.469648e+01  2.500000e+01  7.084712e+00
     vertex -7.498924e+01  2.500000e+01  2.524229e+00
   endloop
 endfacet
 facet normal  5.804114e-16  1.000000e+00 -3.112243e-16
   outer loop
     vertex -1.253180e+02  2.500000e+01 -5.651997e+01
     vertex -1.122440e+02  2.500000e+01 -5.496840e+01
     vertex -1.092231e+02  2.500000e+01 -6.074994e+01
   endloop
 endfacet
 facet normal -2.231616e-16  1.000000e+00 -7.051939e-16
   outer loop
     vertex -1.253180e+02  2.500000e+01 -5.651997e+01
     vertex -1.330560e+02  2.500000e+01 -6.918501e+01
     vertex -1.385624e+02  2.500000e+01 -5.736665e+01
   endloop
 endfacet
 facet normal  5.316953e-16  1.000000e+00 -4.965879e-16
   outer loop
     vertex -1.253180e+02  2.500000e+01 -5.651997e+01
     vertex -1.092231e+02  2.500000e+01 -6.074994e+01
     vertex -1.181409e+02  2.500000e+01 -7.029820e+01
   endloop
 endfacet
 facet normal -6.006890e-17  1.000000e+00 -8.048396e-16
   outer loop
     vertex -1.253180e+02  2.500000e+01 -5.651997e+01
     vertex -1.181409e+02  2.500000e+01 -7.029820e+01
     vertex -1.330560e+02  2.500000e+01 -6.918501e+01
   endloop
 endfacet
 facet normal  7.059909e-16  1.000000e+00 -1.369395e-15
   outer loop
     vertex -1.253180e+02  2.500000e+01 -5.651997e+01
     vertex -1.159980e+02  2.500000e+01 -4.652632e+01
     vertex -1.122440e+02  2.500000e+01 -5.496840e+01
   endloop
 endfacet
 facet normal -1.049892e-15  1.000000e+00  7.839881e-16
   outer loop
     vertex -5.934132e+01  2.500000e+01  1.979888e+01
     vertex -4.881994e+01  2.500000e+01  1.123083e+01
     vertex -6.125281e+01  2.500000e+01  1.270748e+01
   endloop
 endfacet
 facet normal  7.865213e-16  1.000000e+00  8.616524e-16
   outer loop
     vertex -5.934132e+01  2.500000e+01  1.979888e+01
     vertex -7.045053e+01  2.500000e+01  2.581629e+01
     vertex -6.926173e+01  2.500000e+01  2.885429e+01
   endloop
 endfacet
 facet normal  1.023129e-15  1.000000e+00  1.298472e-15
   outer loop
     vertex -5.934132e+01  2.500000e+01  1.979888e+01
     vertex -7.189149e+01  2.500000e+01  2.147955e+01
     vertex -7.045053e+01  2.500000e+01  2.581629e+01
   endloop
 endfacet
 facet normal  8.844087e-16  1.000000e+00  2.625961e-16
   outer loop
     vertex -5.934132e+01  2.500000e+01  1.979888e+01
     vertex -6.125281e+01  2.500000e+01  1.270748e+01
     vertex -7.189149e+01  2.500000e+01  2.147955e+01
   endloop
 endfacet
 facet normal  6.324830e-16  1.000000e+00  2.849910e-15
   outer loop
     vertex -5.934132e+01  2.500000e+01  1.979888e+01
     vertex -4.709319e+01  2.500000e+01  1.708064e+01
     vertex -4.881994e+01  2.500000e+01  1.123083e+01
   endloop
 endfacet
 facet normal -6.268820e-16  1.000000e+00 -5.181227e-16
   outer loop
     vertex -1.284186e+02  2.500000e+01 -4.906910e+01
     vertex -1.385624e+02  2.500000e+01 -5.736665e+01
     vertex -1.430215e+02  2.500000e+01 -4.511470e+01
   endloop
 endfacet
 facet normal -2.019082e-16  1.000000e+00 -1.037658e-15
   outer loop
     vertex -1.284186e+02  2.500000e+01 -4.906910e+01
     vertex -1.253180e+02  2.500000e+01 -5.651997e+01
     vertex -1.385624e+02  2.500000e+01 -5.736665e+01
   endloop
 endfacet
 facet normal -1.327725e-16  1.000000e+00  6.485449e-16
   outer loop
     vertex -1.284186e+02  2.500000e+01 -4.906910e+01
     vertex -1.179109e+02  2.500000e+01 -4.143995e+01
     vertex -1.159980e+02  2.500000e+01 -4.652632e+01
   endloop
 endfacet
 facet normal -3.993583e-16  1.000000e+00  1.015716e-15
   outer loop
     vertex -1.284186e+02  2.500000e+01 -4.906910e+01
     vertex -1.199124e+02  2.500000e+01 -3.523142e+01
     vertex -1.179109e+02  2.500000e+01 -4.143995e+01
   endloop
 endfacet
 facet normal  1.799055e-16  1.000000e+00 -8.787724e-16
   outer loop
     vertex -1.284186e+02  2.500000e+01 -4.906910e+01
     vertex -1.159980e+02  2.500000e+01 -4.652632e+01
     vertex -1.253180e+02  2.500000e+01 -5.651997e+01
   endloop
 endfacet
 facet normal  5.051251e-16  1.000000e+00  1.575626e-15
   outer loop
     vertex -8.646056e+01  2.500000e+01  1.353513e+01
     vertex -9.913951e+01  2.500000e+01  1.309024e+01
     vertex -9.847679e+01  2.500000e+01  1.738738e+01
   endloop
 endfacet
 facet normal  5.004719e-16  1.000000e+00  1.708239e-15
   outer loop
     vertex -8.646056e+01  2.500000e+01  1.353513e+01
     vertex -9.975254e+01  2.500000e+01  7.030589e+00
     vertex -9.913951e+01  2.500000e+01  1.309024e+01
   endloop
 endfacet
 facet normal  9.646819e-16  1.000000e+00  7.596291e-16
   outer loop
     vertex -8.646056e+01  2.500000e+01  1.353513e+01
     vertex -8.750959e+01  2.500000e+01  8.366122e-01
     vertex -9.975254e+01  2.500000e+01  7.030589e+00
   endloop
 endfacet
 facet normal  5.624575e-17  1.000000e+00  2.305671e-15
   outer loop
     vertex -8.646056e+01  2.500000e+01  1.353513e+01
     vertex -7.385653e+01  2.500000e+01  1.322766e+01
     vertex -7.469648e+01  2.500000e+01  7.084712e+00
   endloop
 endfacet
 facet normal -7.153709e-16  1.000000e+00  8.984188e-16
   outer loop
     vertex -8.646056e+01  2.500000e+01  1.353513e+01
     vertex -7.469648e+01  2.500000e+01  7.084712e+00
     vertex -8.750959e+01  2.500000e+01  8.366122e-01
   endloop
 endfacet
 facet normal  0.000000e+00  1.000000e+00  0.000000e+00
   outer loop
     vertex -5.750408e+01  2.500000e+01  2.463065e+01
     vertex -4.709319e+01  2.500000e+01  1.708064e+01
     vertex -5.934132e+01  2.500000e+01  1.979888e+01
   endloop
 endfacet
 facet normal -3.502919e-16  1.000000e+00 -4.830260e-16
   outer loop
     vertex -5.750408e+01  2.500000e+01  2.463065e+01
     vertex -4.466833e+01  2.500000e+01  2.267725e+01
     vertex -4.709319e+01  2.500000e+01  1.708064e+01
   endloop
 endfacet
 facet normal  0.000000e+00  1.000000e+00  0.000000e+00
   outer loop
     vertex -5.750408e+01  2.500000e+01  2.463065e+01
     vertex -5.934132e+01  2.500000e+01  1.979888e+01
     vertex -6.926173e+01  2.500000e+01  2.885429e+01
   endloop
 endfacet
 facet normal  5.937367e-16  1.000000e+00  4.413885e-16
   outer loop
     vertex -1.331349e+02  2.500000e+01 -3.426689e+01
     vertex -1.430215e+02  2.500000e+01 -4.511470e+01
     vertex -1.463995e+02  2.500000e+01 -3.252179e+01
   endloop
 endfacet
 facet normal -5.481859e-16  1.000000e+00 -1.481966e-16
   outer loop
     vertex -1.331349e+02  2.500000e+01 -3.426689e+01
     vertex -1.213306e+02  2.500000e+01 -2.998558e+01
     vertex -1.199124e+02  2.500000e+01 -3.523142e+01
   endloop
 endfacet
 facet normal -1.768654e-16  1.000000e+00  1.143709e-15
   outer loop
     vertex -1.331349e+02  2.500000e+01 -3.426689e+01
     vertex -1.284186e+02  2.500000e+01 -4.906910e+01
     vertex -1.430215e+02  2.500000e+01 -4.511470e+01
   endloop
 endfacet
 facet normal -5.566721e-16  1.000000e+00 -1.247987e-16
   outer loop
     vertex -1.331349e+02  2.500000e+01 -3.426689e+01
     vertex -1.225193e+02  2.500000e+01 -2.468305e+01
     vertex -1.213306e+02  2.500000e+01 -2.998558e+01
   endloop
 endfacet
 facet normal -4.605388e-16  1.000000e+00  1.053325e-15
   outer loop
     vertex -1.331349e+02  2.500000e+01 -3.426689e+01
     vertex -1.199124e+02  2.500000e+01 -3.523142e+01
     vertex -1.284186e+02  2.500000e+01 -4.906910e+01
   endloop
 endfacet
 facet normal -1.013840e-16  1.000000e+00 -6.290989e-16
   outer loop
     vertex -1.356080e+02  2.500000e+01 -2.257371e+01
     vertex -1.225193e+02  2.500000e+01 -2.468305e+01
     vertex -1.331349e+02  2.500000e+01 -3.426689e+01
   endloop
 endfacet
 facet normal  2.204251e-16  1.000000e+00  1.367762e-15
   outer loop
     vertex -1.356080e+02  2.500000e+01 -2.257371e+01
     vertex -1.234765e+02  2.500000e+01 -1.933387e+01
     vertex -1.225193e+02  2.500000e+01 -2.468305e+01
   endloop
 endfacet
 facet normal -2.193223e-16  1.000000e+00  2.379159e-16
   outer loop
     vertex -1.356080e+02  2.500000e+01 -2.257371e+01
     vertex -1.463995e+02  2.500000e+01 -3.252179e+01
     vertex -1.486710e+02  2.500000e+01 -1.968309e+01
   endloop
 endfacet
 facet normal  4.687678e-16  1.000000e+00 -5.085087e-16
   outer loop
     vertex -1.356080e+02  2.500000e+01 -2.257371e+01
     vertex -1.331349e+02  2.500000e+01 -3.426689e+01
     vertex -1.463995e+02  2.500000e+01 -3.252179e+01
   endloop
 endfacet
 facet normal -6.028276e-16  1.000000e+00 -1.460018e-15
   outer loop
     vertex -5.273947e+01  2.500000e+01  3.364426e+01
     vertex -6.442067e+01  2.500000e+01  3.846731e+01
     vertex -6.195940e+01  2.500000e+01  4.231775e+01
   endloop
 endfacet
 facet normal -3.116923e-16  1.000000e+00 -2.293891e-16
   outer loop
     vertex -5.273947e+01  2.500000e+01  3.364426e+01
     vertex -4.466833e+01  2.500000e+01  2.267725e+01
     vertex -5.750408e+01  2.500000e+01  2.463065e+01
   endloop
 endfacet
 facet normal -5.105618e-16  1.000000e+00 -3.757466e-16
   outer loop
     vertex -5.273947e+01  2.500000e+01  3.364426e+01
     vertex -4.158129e+01  2.500000e+01  2.793767e+01
     vertex -4.466833e+01  2.500000e+01  2.267725e+01
   endloop
 endfacet
 facet normal -8.496973e-16  1.000000e+00 -7.311479e-16
   outer loop
     vertex -4.978167e+01  2.500000e+01  3.788368e+01
     vertex -6.195940e+01  2.500000e+01  4.231775e+01
     vertex -6.006134e+01  2.500000e+01  4.497102e+01
   endloop
 endfacet
 facet normal -1.438560e-15  1.000000e+00 -2.348402e-15
   outer loop
     vertex -4.978167e+01  2.500000e+01  3.788368e+01
     vertex -5.273947e+01  2.500000e+01  3.364426e+01
     vertex -6.195940e+01  2.500000e+01  4.231775e+01
   endloop
 endfacet
 facet normal  2.193450e-16  1.000000e+00  8.194198e-16
   outer loop
     vertex -4.978167e+01  2.500000e+01  3.788368e+01
     vertex -6.006134e+01  2.500000e+01  4.497102e+01
     vertex -5.721222e+01  2.500000e+01  4.854401e+01
   endloop
 endfacet
 facet normal  2.058851e-15  1.000000e+00  6.259006e-16
   outer loop
     vertex -4.978167e+01  2.500000e+01  3.788368e+01
     vertex -3.787784e+01  2.500000e+01  3.278394e+01
     vertex -4.158129e+01  2.500000e+01  2.793767e+01
   endloop
 endfacet
 facet normal -1.498162e-15  1.000000e+00 -2.306819e-15
   outer loop
     vertex -4.978167e+01  2.500000e+01  3.788368e+01
     vertex -4.158129e+01  2.500000e+01  2.793767e+01
     vertex -5.273947e+01  2.500000e+01  3.364426e+01
   endloop
 endfacet
 facet normal -1.651497e-16  1.000000e+00 -1.090150e-15
   outer loop
     vertex -1.374587e+02  2.500000e+01 -2.050247e+00
     vertex -1.498187e+02  2.500000e+01 -6.695647e+00
     vertex -1.498341e+02  2.500000e+01  6.342372e+00
   endloop
 endfacet
 facet normal  2.855263e-16  1.000000e+00  1.579861e-17
   outer loop
     vertex -1.374587e+02  2.500000e+01 -2.050247e+00
     vertex -1.249277e+02  2.500000e+01 -3.646217e+00
     vertex -1.245674e+02  2.500000e+01 -1.015942e+01
   endloop
 endfacet
 facet normal  2.004353e-16  1.000000e+00 -6.523061e-16
   outer loop
     vertex -1.374587e+02  2.500000e+01 -2.050247e+00
     vertex -1.249682e+02  2.500000e+01  1.787751e+00
     vertex -1.249277e+02  2.500000e+01 -3.646217e+00
   endloop
 endfacet
 facet normal -4.757736e-16  1.000000e+00  2.995444e-16
   outer loop
     vertex -7.702669e+01  2.500000e+01  4.153934e+01
     vertex -8.620793e+01  2.500000e+01  5.067734e+01
     vertex -8.296291e+01  2.500000e+01  5.583148e+01
   endloop
 endfacet
 facet normal  7.000258e-16  1.000000e+00  1.480906e-15
   outer loop
     vertex -7.702669e+01  2.500000e+01  4.153934e+01
     vertex -8.832931e+01  2.500000e+01  4.688209e+01
     vertex -8.620793e+01  2.500000e+01  5.067734e+01
   endloop
 endfacet
 facet normal  6.381610e-16  1.000000e+00  3.057404e-16
   outer loop
     vertex -7.702669e+01  2.500000e+01  4.153934e+01
     vertex -6.442067e+01  2.500000e+01  3.846731e+01
     vertex -6.737669e+01  2.500000e+01  3.301726e+01
   endloop
 endfacet
 facet normal -1.369453e-16  1.000000e+00 -1.957676e-15
   outer loop
     vertex -1.371173e+02  2.500000e+01  9.896663e+00
     vertex -1.247723e+02  2.500000e+01  7.218332e+00
     vertex -1.249682e+02  2.500000e+01  1.787751e+00
   endloop
 endfacet
 facet normal -2.281059e-16  1.000000e+00 -1.182982e-15
   outer loop
     vertex -1.371173e+02  2.500000e+01  9.896663e+00
     vertex -1.374587e+02  2.500000e+01 -2.050247e+00
     vertex -1.498341e+02  2.500000e+01  6.342372e+00
   endloop
 endfacet
 facet normal -4.941830e-16  1.000000e+00 -2.309962e-16
   outer loop
     vertex -1.371173e+02  2.500000e+01  9.896663e+00
     vertex -1.498341e+02  2.500000e+01  6.342372e+00
     vertex -1.487170e+02  2.500000e+01  1.933242e+01
   endloop
 endfacet
 facet normal  1.430208e-16  1.000000e+00 -6.672516e-16
   outer loop
     vertex -1.371173e+02  2.500000e+01  9.896663e+00
     vertex -1.243406e+02  2.500000e+01  1.263526e+01
     vertex -1.247723e+02  2.500000e+01  7.218332e+00
   endloop
 endfacet
 facet normal  3.687378e-16  1.000000e+00 -1.200038e-15
   outer loop
     vertex -1.371173e+02  2.500000e+01  9.896663e+00
     vertex -1.249682e+02  2.500000e+01  1.787751e+00
     vertex -1.374587e+02  2.500000e+01 -2.050247e+00
   endloop
 endfacet
 facet normal  4.418288e-14  1.000000e+00  2.919853e-14
   outer loop
     vertex -4.296685e+01  2.500000e+01  4.546687e+01
     vertex -4.967796e+01  2.500000e+01  5.623041e+01
     vertex -4.667650e+01  2.500000e+01  5.874575e+01
   endloop
 endfacet
 facet normal  6.387167e-15  1.000000e+00 -1.358803e-15
   outer loop
     vertex -4.296685e+01  2.500000e+01  4.546687e+01
     vertex -3.361287e+01  2.500000e+01  3.714422e+01
     vertex -3.787784e+01  2.500000e+01  3.278394e+01
   endloop
 endfacet
 facet normal  1.335933e-16  1.000000e+00 -3.868045e-15
   outer loop
     vertex -4.296685e+01  2.500000e+01  4.546687e+01
     vertex -3.787784e+01  2.500000e+01  3.278394e+01
     vertex -4.978167e+01  2.500000e+01  3.788368e+01
   endloop
 endfacet
 facet normal -1.056146e-15  1.000000e+00 -1.170248e-15
   outer loop
     vertex -7.129837e+01  2.500000e+01  5.074615e+01
     vertex -6.195940e+01  2.500000e+01  4.231775e+01
     vertex -6.442067e+01  2.500000e+01  3.846731e+01
   endloop
 endfacet
 facet normal -7.343374e-16  1.000000e+00 -8.136724e-16
   outer loop
     vertex -7.129837e+01  2.500000e+01  5.074615e+01
     vertex -6.006134e+01  2.500000e+01  4.497102e+01
     vertex -6.195940e+01  2.500000e+01  4.231775e+01
   endloop
 endfacet
 facet normal -1.130955e-15  1.000000e+00 -1.196903e-15
   outer loop
     vertex -7.129837e+01  2.500000e+01  5.074615e+01
     vertex -8.296291e+01  2.500000e+01  5.583148e+01
     vertex -7.780016e+01  2.500000e+01  6.282621e+01
   endloop
 endfacet
 facet normal  1.382165e-16  1.000000e+00  8.841122e-16
   outer loop
     vertex -7.129837e+01  2.500000e+01  5.074615e+01
     vertex -5.721222e+01  2.500000e+01  4.854401e+01
     vertex -6.006134e+01  2.500000e+01  4.497102e+01
   endloop
 endfacet
 facet normal -4.791720e-16  1.000000e+00  2.981329e-16
   outer loop
     vertex -7.129837e+01  2.500000e+01  5.074615e+01
     vertex -7.702669e+01  2.500000e+01  4.153934e+01
     vertex -8.296291e+01  2.500000e+01  5.583148e+01
   endloop
 endfacet
 facet normal  4.894428e-16  1.000000e+00 -3.045232e-16
   outer loop
     vertex -7.129837e+01  2.500000e+01  5.074615e+01
     vertex -6.442067e+01  2.500000e+01  3.846731e+01
     vertex -7.702669e+01  2.500000e+01  4.153934e+01
   endloop
 endfacet
 facet normal  7.412134e-16  1.000000e+00  1.287709e-15
   outer loop
     vertex -1.351253e+02  2.500000e+01  2.530366e+01
     vertex -1.371173e+02  2.500000e+01  9.896663e+00
     vertex -1.487170e+02  2.500000e+01  1.933242e+01
   endloop
 endfacet
 facet normal -3.050062e-16  1.000000e+00  1.422982e-15
   outer loop
     vertex -1.351253e+02  2.500000e+01  2.530366e+01
     vertex -1.243406e+02  2.500000e+01  1.263526e+01
     vertex -1.371173e+02  2.500000e+01  9.896663e+00
   endloop
 endfacet
 facet normal  1.085156e-15  1.000000e+00  2.606429e-15
   outer loop
     vertex -1.351253e+02  2.500000e+01  2.530366e+01
     vertex -1.235120e+02  2.500000e+01  1.910556e+01
     vertex -1.243406e+02  2.500000e+01  1.263526e+01
   endloop
 endfacet
 facet normal -6.563986e-16  1.000000e+00 -6.566875e-16
   outer loop
     vertex -1.351253e+02  2.500000e+01  2.530366e+01
     vertex -1.217631e+02  2.500000e+01  2.817757e+01
     vertex -1.235120e+02  2.500000e+01  1.910556e+01
   endloop
 endfacet
 facet normal  8.890062e-16  1.000000e+00  9.513039e-16
   outer loop
     vertex -1.351253e+02  2.500000e+01  2.530366e+01
     vertex -1.487170e+02  2.500000e+01  1.933242e+01
     vertex -1.464758e+02  2.500000e+01  3.217632e+01
   endloop
 endfacet
 facet normal -7.009901e-14  1.000000e+00 -5.945042e-14
   outer loop
     vertex -3.734193e+01  2.500000e+01  5.018933e+01
     vertex -4.667650e+01  2.500000e+01  5.874575e+01
     vertex -4.301359e+01  2.500000e+01  6.147835e+01
   endloop
 endfacet
 facet normal -1.077258e-13  1.000000e+00 -7.835430e-14
   outer loop
     vertex -3.734193e+01  2.500000e+01  5.018933e+01
     vertex -4.301359e+01  2.500000e+01  6.147835e+01
     vertex -4.014759e+01  2.500000e+01  6.338709e+01
   endloop
 endfacet
 facet normal  1.083710e-14  1.000000e+00  3.642557e-15
   outer loop
     vertex -3.734193e+01  2.500000e+01  5.018933e+01
     vertex -3.361287e+01  2.500000e+01  3.714422e+01
     vertex -4.296685e+01  2.500000e+01  4.546687e+01
   endloop
 endfacet
 facet normal -2.072669e-16  1.000000e+00  1.679751e-14
   outer loop
     vertex -3.734193e+01  2.500000e+01  5.018933e+01
     vertex -4.296685e+01  2.500000e+01  4.546687e+01
     vertex -4.667650e+01  2.500000e+01  5.874575e+01
   endloop
 endfacet
 facet normal -1.150877e-13  1.000000e+00 -3.235410e-14
   outer loop
     vertex -3.734193e+01  2.500000e+01  5.018933e+01
     vertex -2.884950e+01  2.500000e+01  4.095384e+01
     vertex -3.361287e+01  2.500000e+01  3.714422e+01
   endloop
 endfacet
 facet normal -9.285583e-16  1.000000e+00 -2.050495e-15
   outer loop
     vertex -1.334077e+02  2.500000e+01  3.318892e+01
     vertex -1.351253e+02  2.500000e+01  2.530366e+01
     vertex -1.464758e+02  2.500000e+01  3.217632e+01
   endloop
 endfacet
 facet normal -3.285086e-16  1.000000e+00 -2.181200e-15
   outer loop
     vertex -1.334077e+02  2.500000e+01  3.318892e+01
     vertex -1.217631e+02  2.500000e+01  2.817757e+01
     vertex -1.351253e+02  2.500000e+01  2.530366e+01
   endloop
 endfacet
 facet normal  2.662444e-17  1.000000e+00 -1.356002e-15
   outer loop
     vertex -1.334077e+02  2.500000e+01  3.318892e+01
     vertex -1.204232e+02  2.500000e+01  3.344386e+01
     vertex -1.217631e+02  2.500000e+01  2.817757e+01
   endloop
 endfacet
 facet normal  0.000000e+00  1.000000e+00  0.000000e+00
   outer loop
     vertex -1.334077e+02  2.500000e+01  3.318892e+01
     vertex -1.185142e+02  2.500000e+01  3.968142e+01
     vertex -1.204232e+02  2.500000e+01  3.344386e+01
   endloop
 endfacet
 facet normal -9.764663e-16  1.000000e+00 -1.432212e-15
   outer loop
     vertex -1.334077e+02  2.500000e+01  3.318892e+01
     vertex -1.464758e+02  2.500000e+01  3.217632e+01
     vertex -1.431276e+02  2.500000e+01  4.477700e+01
   endloop
 endfacet
 facet normal  5.010211e-17  1.000000e+00  3.204818e-16
   outer loop
     vertex -6.317380e+01  2.500000e+01  6.056154e+01
     vertex -5.721222e+01  2.500000e+01  4.854401e+01
     vertex -7.129837e+01  2.500000e+01  5.074615e+01
   endloop
 endfacet
 facet normal -1.857224e-15  1.000000e+00 -6.256924e-16
   outer loop
     vertex -6.317380e+01  2.500000e+01  6.056154e+01
     vertex -5.300899e+01  2.500000e+01  5.310184e+01
     vertex -5.721222e+01  2.500000e+01  4.854401e+01
   endloop
 endfacet
 facet normal  6.955882e-16  1.000000e+00 -2.138113e-16
   outer loop
     vertex -6.317380e+01  2.500000e+01  6.056154e+01
     vertex -7.129837e+01  2.500000e+01  5.074615e+01
     vertex -7.780016e+01  2.500000e+01  6.282621e+01
   endloop
 endfacet
 facet normal  1.063509e-15  1.000000e+00  2.162403e-15
   outer loop
     vertex -6.317380e+01  2.500000e+01  6.056154e+01
     vertex -7.780016e+01  2.500000e+01  6.282621e+01
     vertex -7.383115e+01  2.500000e+01  6.744597e+01
   endloop
 endfacet
 facet normal -1.108968e-15  1.000000e+00 -1.200674e-15
   outer loop
     vertex -6.317380e+01  2.500000e+01  6.056154e+01
     vertex -7.383115e+01  2.500000e+01  6.744597e+01
     vertex -7.082961e+01  2.500000e+01  7.059155e+01
   endloop
 endfacet
 facet normal  5.232969e-13  1.000000e+00  3.217157e-13
   outer loop
     vertex -3.300653e+01  2.500000e+01  5.314090e+01
     vertex -4.014759e+01  2.500000e+01  6.338709e+01
     vertex -3.621452e+01  2.500000e+01  6.571362e+01
   endloop
 endfacet
 facet normal -7.208829e-14  1.000000e+00  7.185715e-15
   outer loop
     vertex -3.300653e+01  2.500000e+01  5.314090e+01
     vertex -2.884950e+01  2.500000e+01  4.095384e+01
     vertex -3.734193e+01  2.500000e+01  5.018933e+01
   endloop
 endfacet
 facet normal -2.572072e-14  1.000000e+00 -6.092114e-14
   outer loop
     vertex -3.300653e+01  2.500000e+01  5.314090e+01
     vertex -3.734193e+01  2.500000e+01  5.018933e+01
     vertex -4.014759e+01  2.500000e+01  6.338709e+01
   endloop
 endfacet
 facet normal  3.524804e-13  1.000000e+00  1.520069e-13
   outer loop
     vertex -3.300653e+01  2.500000e+01  5.314090e+01
     vertex -2.365896e+01  2.500000e+01  4.415637e+01
     vertex -2.884950e+01  2.500000e+01  4.095384e+01
   endloop
 endfacet
 facet normal  9.507753e-16  1.000000e+00  1.843287e-16
   outer loop
     vertex -1.288114e+02  2.500000e+01  4.802860e+01
     vertex -1.334077e+02  2.500000e+01  3.318892e+01
     vertex -1.431276e+02  2.500000e+01  4.477700e+01
   endloop
 endfacet
 facet normal -9.829154e-17  1.000000e+00  7.299839e-16
   outer loop
     vertex -1.288114e+02  2.500000e+01  4.802860e+01
     vertex -1.166773e+02  2.500000e+01  4.479559e+01
     vertex -1.185142e+02  2.500000e+01  3.968142e+01
   endloop
 endfacet
 facet normal  7.540756e-17  1.000000e+00  1.381908e-15
   outer loop
     vertex -1.288114e+02  2.500000e+01  4.802860e+01
     vertex -1.146198e+02  2.500000e+01  4.982507e+01
     vertex -1.166773e+02  2.500000e+01  4.479559e+01
   endloop
 endfacet
 facet normal  7.229357e-16  1.000000e+00  1.187465e-15
   outer loop
     vertex -1.288114e+02  2.500000e+01  4.802860e+01
     vertex -1.431276e+02  2.500000e+01  4.477700e+01
     vertex -1.386975e+02  2.500000e+01  5.703921e+01
   endloop
 endfacet
 facet normal -2.413111e-16  1.000000e+00  5.535541e-16
   outer loop
     vertex -1.288114e+02  2.500000e+01  4.802860e+01
     vertex -1.185142e+02  2.500000e+01  3.968142e+01
     vertex -1.334077e+02  2.500000e+01  3.318892e+01
   endloop
 endfacet
 facet normal -4.702478e-17  1.000000e+00  3.426869e-16
   outer loop
     vertex -1.241530e+02  2.500000e+01  5.903506e+01
     vertex -1.288114e+02  2.500000e+01  4.802860e+01
     vertex -1.386975e+02  2.500000e+01  5.703921e+01
   endloop
 endfacet
 facet normal -4.812240e-16  1.000000e+00 -4.981131e-16
   outer loop
     vertex -1.241530e+02  2.500000e+01  5.903506e+01
     vertex -1.123456e+02  2.500000e+01  5.476036e+01
     vertex -1.146198e+02  2.500000e+01  4.982507e+01
   endloop
 endfacet
 facet normal  0.000000e+00  1.000000e+00  0.000000e+00
   outer loop
     vertex -1.241530e+02  2.500000e+01  5.903506e+01
     vertex -1.386975e+02  2.500000e+01  5.703921e+01
     vertex -1.332192e+02  2.500000e+01  6.887027e+01
   endloop
 endfacet
 facet normal  2.213380e-16  1.000000e+00  2.291061e-16
   outer loop
     vertex -1.241530e+02  2.500000e+01  5.903506e+01
     vertex -1.146198e+02  2.500000e+01  4.982507e+01
     vertex -1.288114e+02  2.500000e+01  4.802860e+01
   endloop
 endfacet
 facet normal  8.094265e-12  1.000000e+00  2.537881e-12
   outer loop
     vertex -2.386511e+01  2.500000e+01  5.782558e+01
     vertex -2.626947e+01  2.500000e+01  7.028296e+01
     vertex -2.261761e+01  2.500000e+01  7.154264e+01
   endloop
 endfacet
 facet normal -4.613130e-13  1.000000e+00 -6.946691e-13
   outer loop
     vertex -2.386511e+01  2.500000e+01  5.782558e+01
     vertex -2.365896e+01  2.500000e+01  4.415637e+01
     vertex -3.300653e+01  2.500000e+01  5.314090e+01
   endloop
 endfacet
 facet normal  3.481425e-12  1.000000e+00 -6.352078e-13
   outer loop
     vertex -2.386511e+01  2.500000e+01  5.782558e+01
     vertex -1.812026e+01  2.500000e+01  4.670429e+01
     vertex -2.365896e+01  2.500000e+01  4.415637e+01
   endloop
 endfacet
 facet normal  5.092941e-13  1.000000e+00  3.453879e-13
   outer loop
     vertex -4.716603e+01  2.500000e+01  7.371560e+01
     vertex -3.621452e+01  2.500000e+01  6.571362e+01
     vertex -4.014759e+01  2.500000e+01  6.338709e+01
   endloop
 endfacet
 facet normal -1.097727e-13  1.000000e+00 -7.528077e-14
   outer loop
     vertex -4.716603e+01  2.500000e+01  7.371560e+01
     vertex -4.014759e+01  2.500000e+01  6.338709e+01
     vertex -4.301359e+01  2.500000e+01  6.147835e+01
   endloop
 endfacet
 facet normal -1.073898e-12  1.000000e+00 -2.988318e-12
   outer loop
     vertex -1.730829e+01  2.500000e+01  6.011419e+01
     vertex -1.812026e+01  2.500000e+01  4.670429e+01
     vertex -2.386511e+01  2.500000e+01  5.782558e+01
   endloop
 endfacet
 facet normal -2.747229e-11  1.000000e+00 -7.618600e-12
   outer loop
     vertex -1.730829e+01  2.500000e+01  6.011419e+01
     vertex -2.261761e+01  2.500000e+01  7.154264e+01
     vertex -1.865303e+01  2.500000e+01  7.267434e+01
   endloop
 endfacet
 facet normal -3.366592e-12  1.000000e+00  3.580191e-12
   outer loop
     vertex -1.730829e+01  2.500000e+01  6.011419e+01
     vertex -2.386511e+01  2.500000e+01  5.782558e+01
     vertex -2.261761e+01  2.500000e+01  7.154264e+01
   endloop
 endfacet
 facet normal -6.125415e-12  1.000000e+00 -5.333118e-12
   outer loop
     vertex -1.730829e+01  2.500000e+01  6.011419e+01
     vertex -1.865303e+01  2.500000e+01  7.267434e+01
     vertex -1.524768e+01  2.500000e+01  7.346418e+01
   endloop
 endfacet
 facet normal -2.853452e-11  1.000000e+00 -1.325576e-12
   outer loop
     vertex -1.730829e+01  2.500000e+01  6.011419e+01
     vertex -1.287521e+01  2.500000e+01  4.840635e+01
     vertex -1.812026e+01  2.500000e+01  4.670429e+01
   endloop
 endfacet
 facet normal  5.434392e-16  1.000000e+00 -4.597311e-17
   outer loop
     vertex -1.139342e+02  2.500000e+01  7.692923e+01
     vertex -1.267341e+02  2.500000e+01  8.018078e+01
     vertex -1.192910e+02  2.500000e+01  9.088525e+01
   endloop
 endfacet
 facet normal -8.847291e-16  1.000000e+00 -9.787238e-16
   outer loop
     vertex -1.139342e+02  2.500000e+01  7.692923e+01
     vertex -1.014893e+02  2.500000e+01  7.293942e+01
     vertex -1.045639e+02  2.500000e+01  6.845888e+01
   endloop
 endfacet
 facet normal  7.426371e-16  1.000000e+00  8.215358e-16
   outer loop
     vertex -1.139342e+02  2.500000e+01  7.692923e+01
     vertex -1.045639e+02  2.500000e+01  6.845888e+01
     vertex -1.079934e+02  2.500000e+01  6.291001e+01
   endloop
 endfacet
 facet normal -1.519926e-12  1.000000e+00 -3.008844e-13
   outer loop
     vertex -3.749655e+01  2.500000e+01  7.907363e+01
     vertex -3.049836e+01  2.500000e+01  6.855340e+01
     vertex -3.621452e+01  2.500000e+01  6.571362e+01
   endloop
 endfacet
 facet normal  5.004968e-14  1.000000e+00  4.825710e-14
   outer loop
     vertex -3.749655e+01  2.500000e+01  7.907363e+01
     vertex -4.716603e+01  2.500000e+01  7.371560e+01
     vertex -5.055126e+01  2.500000e+01  8.628192e+01
   endloop
 endfacet
 facet normal  1.544815e-13  1.000000e+00 -1.402082e-13
   outer loop
     vertex -3.749655e+01  2.500000e+01  7.907363e+01
     vertex -3.621452e+01  2.500000e+01  6.571362e+01
     vertex -4.716603e+01  2.500000e+01  7.371560e+01
   endloop
 endfacet
 facet normal -1.128829e-12  1.000000e+00 -5.975964e-13
   outer loop
     vertex -3.749655e+01  2.500000e+01  7.907363e+01
     vertex -4.520489e+01  2.500000e+01  8.919931e+01
     vertex -4.084235e+01  2.500000e+01  9.127924e+01
   endloop
 endfacet
 facet normal  2.897007e-13  1.000000e+00  4.822820e-13
   outer loop
     vertex -3.749655e+01  2.500000e+01  7.907363e+01
     vertex -5.055126e+01  2.500000e+01  8.628192e+01
     vertex -4.520489e+01  2.500000e+01  8.919931e+01
   endloop
 endfacet
 facet normal -5.847222e-12  1.000000e+00  1.248998e-11
   outer loop
     vertex -1.125171e+01  2.500000e+01  6.154246e+01
     vertex -1.165019e+01  2.500000e+01  7.412721e+01
     vertex -8.806957e+00  2.500000e+01  7.451705e+01
   endloop
 endfacet
 facet normal  3.771104e-11  1.000000e+00  2.375776e-11
   outer loop
     vertex -1.125171e+01  2.500000e+01  6.154246e+01
     vertex -1.287521e+01  2.500000e+01  4.840635e+01
     vertex -1.730829e+01  2.500000e+01  6.011419e+01
   endloop
 endfacet
 facet normal  1.357045e-10  1.000000e+00  1.164666e-11
   outer loop
     vertex -1.125171e+01  2.500000e+01  6.154246e+01
     vertex -8.152914e+00  2.500000e+01  4.944142e+01
     vertex -1.287521e+01  2.500000e+01  4.840635e+01
   endloop
 endfacet
 facet normal  4.648633e-11  1.000000e+00 -1.345391e-11
   outer loop
     vertex -1.125171e+01  2.500000e+01  6.154246e+01
     vertex -1.730829e+01  2.500000e+01  6.011419e+01
     vertex -1.524768e+01  2.500000e+01  7.346418e+01
   endloop
 endfacet
 facet normal -5.037167e-10  1.000000e+00 -1.520944e-10
   outer loop
     vertex -1.125171e+01  2.500000e+01  6.154246e+01
     vertex -4.837572e+00  2.500000e+01  4.982641e+01
     vertex -8.152914e+00  2.500000e+01  4.944142e+01
   endloop
 endfacet
 facet normal  1.374225e-10  1.000000e+00  1.702643e-11
   outer loop
     vertex -1.125171e+01  2.500000e+01  6.154246e+01
     vertex -1.524768e+01  2.500000e+01  7.346418e+01
     vertex -1.165019e+01  2.500000e+01  7.412721e+01
   endloop
 endfacet
 facet normal -7.605380e-16  1.000000e+00 -5.464873e-16
   outer loop
     vertex -1.068220e+02  2.500000e+01  8.653424e+01
     vertex -1.139342e+02  2.500000e+01  7.692923e+01
     vertex -1.192910e+02  2.500000e+01  9.088525e+01
   endloop
 endfacet
 facet normal  0.000000e+00  1.000000e+00  0.000000e+00
   outer loop
     vertex -1.068220e+02  2.500000e+01  8.653424e+01
     vertex -9.477066e+01  2.500000e+01  8.147861e+01
     vertex -9.822281e+01  2.500000e+01  7.728206e+01
   endloop
 endfacet
 facet normal -4.415104e-16  1.000000e+00  3.677786e-16
   outer loop
     vertex -1.068220e+02  2.500000e+01  8.653424e+01
     vertex -1.192910e+02  2.500000e+01  9.088525e+01
     vertex -1.109464e+02  2.500000e+01  1.009028e+02
   endloop
 endfacet
 facet normal -7.489142e-16  1.000000e+00 -5.550944e-16
   outer loop
     vertex -1.068220e+02  2.500000e+01  8.653424e+01
     vertex -1.014893e+02  2.500000e+01  7.293942e+01
     vertex -1.139342e+02  2.500000e+01  7.692923e+01
   endloop
 endfacet
 facet normal -4.864980e-16  1.000000e+00 -4.521601e-16
   outer loop
     vertex -1.068220e+02  2.500000e+01  8.653424e+01
     vertex -9.822281e+01  2.500000e+01  7.728206e+01
     vertex -1.014893e+02  2.500000e+01  7.293942e+01
   endloop
 endfacet
 facet normal -3.906791e-15  1.000000e+00 -2.601507e-15
   outer loop
     vertex -9.637690e+01  2.500000e+01  9.803369e+01
     vertex -8.376736e+01  2.500000e+01  9.275380e+01
     vertex -9.039042e+01  2.500000e+01  8.631228e+01
   endloop
 endfacet
 facet normal -7.098866e-16  1.000000e+00 -2.366612e-15
   outer loop
     vertex -9.637690e+01  2.500000e+01  9.803369e+01
     vertex -1.109464e+02  2.500000e+01  1.009028e+02
     vertex -1.017633e+02  2.500000e+01  1.101577e+02
   endloop
 endfacet
 facet normal  1.983997e-15  1.000000e+00  4.070950e-16
   outer loop
     vertex -9.637690e+01  2.500000e+01  9.803369e+01
     vertex -9.039042e+01  2.500000e+01  8.631228e+01
     vertex -9.477066e+01  2.500000e+01  8.147861e+01
   endloop
 endfacet
 facet normal -1.552396e-16  1.000000e+00  4.499521e-16
   outer loop
     vertex -9.637690e+01  2.500000e+01  9.803369e+01
     vertex -1.068220e+02  2.500000e+01  8.653424e+01
     vertex -1.109464e+02  2.500000e+01  1.009028e+02
   endloop
 endfacet
 facet normal  9.384629e-17  1.000000e+00  2.237049e-16
   outer loop
     vertex -9.637690e+01  2.500000e+01  9.803369e+01
     vertex -9.477066e+01  2.500000e+01  8.147861e+01
     vertex -1.068220e+02  2.500000e+01  8.653424e+01
   endloop
 endfacet
 facet normal -4.379759e-10  1.000000e+00 -9.493210e-11
   outer loop
     vertex -1.442253e+00  2.500000e+01  6.248213e+01
     vertex -8.806957e+00  2.500000e+01  7.451705e+01
     vertex -3.988577e+00  2.500000e+01  7.490089e+01
   endloop
 endfacet
 facet normal -2.020272e-10  1.000000e+00  4.945546e-11
   outer loop
     vertex -1.442253e+00  2.500000e+01  6.248213e+01
     vertex -1.125171e+01  2.500000e+01  6.154246e+01
     vertex -8.806957e+00  2.500000e+01  7.451705e+01
   endloop
 endfacet
 facet normal -1.987154e-10  1.000000e+00  1.488343e-11
   outer loop
     vertex -1.442253e+00  2.500000e+01  6.248213e+01
     vertex -4.837572e+00  2.500000e+01  4.982641e+01
     vertex -1.125171e+01  2.500000e+01  6.154246e+01
   endloop
 endfacet
 facet normal  1.748387e-10  1.000000e+00 -8.533494e-11
   outer loop
     vertex -1.442253e+00  2.500000e+01  6.248213e+01
     vertex  2.180969e+00  2.500000e+01  5.004759e+01
     vertex -4.837572e+00  2.500000e+01  4.982641e+01
   endloop
 endfacet
 facet normal  5.253114e-15  1.000000e+00  1.108745e-14
   outer loop
     vertex -9.045852e+01  2.500000e+01  1.035199e+02
     vertex -1.017633e+02  2.500000e+01  1.101577e+02
     vertex -9.181111e+01  2.500000e+01  1.185799e+02
   endloop
 endfacet
 facet normal -3.995413e-15  1.000000e+00 -2.813155e-15
   outer loop
     vertex -9.045852e+01  2.500000e+01  1.035199e+02
     vertex -8.376736e+01  2.500000e+01  9.275380e+01
     vertex -9.637690e+01  2.500000e+01  9.803369e+01
   endloop
 endfacet
 facet normal -3.330211e-15  1.000000e+00 -3.530761e-15
   outer loop
     vertex -9.045852e+01  2.500000e+01  1.035199e+02
     vertex -9.637690e+01  2.500000e+01  9.803369e+01
     vertex -1.017633e+02  2.500000e+01  1.101577e+02
   endloop
 endfacet
 facet normal  7.493903e-15  1.000000e+00  4.327497e-15
   outer loop
     vertex -9.045852e+01  2.500000e+01  1.035199e+02
     vertex -7.965637e+01  2.500000e+01  9.630734e+01
     vertex -8.376736e+01  2.500000e+01  9.275380e+01
   endloop
 endfacet
 facet normal  1.967526e-14  1.000000e+00  2.257140e-14
   outer loop
     vertex -9.045852e+01  2.500000e+01  1.035199e+02
     vertex -7.452304e+01  2.500000e+01  1.003322e+02
     vertex -7.965637e+01  2.500000e+01  9.630734e+01
   endloop
 endfacet
 facet normal -6.487492e-12  1.000000e+00 -3.772037e-12
   outer loop
     vertex -1.992205e+01  2.500000e+01  8.521451e+01
     vertex -1.524768e+01  2.500000e+01  7.346418e+01
     vertex -1.865303e+01  2.500000e+01  7.267434e+01
   endloop
 endfacet
 facet normal -7.976680e-14  1.000000e+00 -4.541088e-14
   outer loop
     vertex -7.765441e+01  2.500000e+01  1.134412e+02
     vertex -6.475427e+01  2.500000e+01  1.068977e+02
     vertex -6.959057e+01  2.500000e+01  1.038142e+02
   endloop
 endfacet
 facet normal -2.382519e-14  1.000000e+00 -4.766080e-14
   outer loop
     vertex -7.765441e+01  2.500000e+01  1.134412e+02
     vertex -9.181111e+01  2.500000e+01  1.185799e+02
     vertex -7.994266e+01  2.500000e+01  1.268844e+02
   endloop
 endfacet
 facet normal  1.313120e-14  1.000000e+00 -1.014299e-14
   outer loop
     vertex -7.765441e+01  2.500000e+01  1.134412e+02
     vertex -7.452304e+01  2.500000e+01  1.003322e+02
     vertex -9.045852e+01  2.500000e+01  1.035199e+02
   endloop
 endfacet
 facet normal -2.761535e-15  1.000000e+00  1.036763e-14
   outer loop
     vertex -7.765441e+01  2.500000e+01  1.134412e+02
     vertex -9.045852e+01  2.500000e+01  1.035199e+02
     vertex -9.181111e+01  2.500000e+01  1.185799e+02
   endloop
 endfacet
 facet normal -5.792632e-14  1.000000e+00 -2.711664e-14
   outer loop
     vertex -7.765441e+01  2.500000e+01  1.134412e+02
     vertex -6.959057e+01  2.500000e+01  1.038142e+02
     vertex -7.452304e+01  2.500000e+01  1.003322e+02
   endloop
 endfacet
 facet normal  2.789482e-11  1.000000e+00  5.893050e-13
   outer loop
     vertex -1.970271e+00  2.500000e+01  8.747590e+01
     vertex -1.442253e+00  2.500000e+01  6.248213e+01
     vertex -3.988577e+00  2.500000e+01  7.490089e+01
   endloop
 endfacet
 facet normal  5.042598e-10  1.000000e+00  1.065297e-11
   outer loop
     vertex -1.970271e+00  2.500000e+01  8.747590e+01
     vertex  2.180969e+00  2.500000e+01  5.004759e+01
     vertex -1.442253e+00  2.500000e+01  6.248213e+01
   endloop
 endfacet
 facet normal  2.607278e-13  1.000000e+00  1.093341e-13
   outer loop
     vertex -6.707403e+01  2.500000e+01  1.200008e+02
     vertex -6.004657e+01  2.500000e+01  1.096113e+02
     vertex -6.475427e+01  2.500000e+01  1.068977e+02
   endloop
 endfacet
 facet normal  2.022616e-13  1.000000e+00  6.978737e-14
   outer loop
     vertex -6.707403e+01  2.500000e+01  1.200008e+02
     vertex -5.397239e+01  2.500000e+01  1.127262e+02
     vertex -6.004657e+01  2.500000e+01  1.096113e+02
   endloop
 endfacet
 facet normal  1.398409e-13  1.000000e+00  1.623322e-13
   outer loop
     vertex -6.707403e+01  2.500000e+01  1.200008e+02
     vertex -7.994266e+01  2.500000e+01  1.268844e+02
     vertex -6.862035e+01  2.500000e+01  1.333480e+02
   endloop
 endfacet
 facet normal -2.712365e-14  1.000000e+00  5.837294e-14
   outer loop
     vertex -6.707403e+01  2.500000e+01  1.200008e+02
     vertex -6.475427e+01  2.500000e+01  1.068977e+02
     vertex -7.765441e+01  2.500000e+01  1.134412e+02
   endloop
 endfacet
 facet normal  3.265441e-14  1.000000e+00 -3.804708e-14
   outer loop
     vertex -6.707403e+01  2.500000e+01  1.200008e+02
     vertex -7.765441e+01  2.500000e+01  1.134412e+02
     vertex -7.994266e+01  2.500000e+01  1.268844e+02
   endloop
 endfacet
 facet normal -4.404752e-14  1.000000e+00 -3.738216e-13
   outer loop
     vertex -5.508855e+01  2.500000e+01  1.259539e+02
     vertex -5.397239e+01  2.500000e+01  1.127262e+02
     vertex -6.707403e+01  2.500000e+01  1.200008e+02
   endloop
 endfacet
 facet normal -1.134228e-12  1.000000e+00 -4.658112e-13
   outer loop
     vertex -5.508855e+01  2.500000e+01  1.259539e+02
     vertex -4.493309e+01  2.500000e+01  1.166247e+02
     vertex -5.397239e+01  2.500000e+01  1.127262e+02
   endloop
 endfacet
 facet normal -6.287222e-13  1.000000e+00 -5.144628e-13
   outer loop
     vertex -5.508855e+01  2.500000e+01  1.259539e+02
     vertex -6.862035e+01  2.500000e+01  1.333480e+02
     vertex -5.543125e+01  2.500000e+01  1.393485e+02
   endloop
 endfacet
 facet normal -2.858576e-13  1.000000e+00  1.130133e-13
   outer loop
     vertex -5.508855e+01  2.500000e+01  1.259539e+02
     vertex -6.707403e+01  2.500000e+01  1.200008e+02
     vertex -6.862035e+01  2.500000e+01  1.333480e+02
   endloop
 endfacet
 facet normal -5.171997e-13  1.000000e+00  2.058613e-13
   outer loop
     vertex -4.698379e+01  2.500000e+01  1.291964e+02
     vertex -4.493309e+01  2.500000e+01  1.166247e+02
     vertex -5.508855e+01  2.500000e+01  1.259539e+02
   endloop
 endfacet
 facet normal  2.739942e-12  1.000000e+00  1.969463e-12
   outer loop
     vertex -4.698379e+01  2.500000e+01  1.291964e+02
     vertex -5.543125e+01  2.500000e+01  1.393485e+02
     vertex -4.174566e+01  2.500000e+01  1.440392e+02
   endloop
 endfacet
 facet normal  4.485206e-12  1.000000e+00  1.021854e-12
   outer loop
     vertex -4.698379e+01  2.500000e+01  1.291964e+02
     vertex -3.925620e+01  2.500000e+01  1.186553e+02
     vertex -4.493309e+01  2.500000e+01  1.166247e+02
   endloop
 endfacet
 facet normal -2.330739e-13  1.000000e+00 -5.043401e-13
   outer loop
     vertex -4.698379e+01  2.500000e+01  1.291964e+02
     vertex -5.508855e+01  2.500000e+01  1.259539e+02
     vertex -5.543125e+01  2.500000e+01  1.393485e+02
   endloop
 endfacet
 facet normal  1.979641e-12  1.000000e+00 -1.400026e-12
   outer loop
     vertex -3.439693e+01  2.500000e+01  1.331011e+02
     vertex -3.309215e+01  2.500000e+01  1.205198e+02
     vertex -3.925620e+01  2.500000e+01  1.186553e+02
   endloop
 endfacet
 facet normal  1.432591e-12  1.000000e+00 -1.216009e-12
   outer loop
     vertex -3.439693e+01  2.500000e+01  1.331011e+02
     vertex -3.925620e+01  2.500000e+01  1.186553e+02
     vertex -4.698379e+01  2.500000e+01  1.291964e+02
   endloop
 endfacet
 facet normal -2.172797e-11  1.000000e+00 -3.858678e-12
   outer loop
     vertex -3.439693e+01  2.500000e+01  1.331011e+02
     vertex -2.779316e+01  2.500000e+01  1.218530e+02
     vertex -3.309215e+01  2.500000e+01  1.205198e+02
   endloop
 endfacet
 facet normal -1.253995e-11  1.000000e+00 -5.654683e-12
   outer loop
     vertex -3.439693e+01  2.500000e+01  1.331011e+02
     vertex -4.174566e+01  2.500000e+01  1.440392e+02
     vertex -2.901360e+01  2.500000e+01  1.471391e+02
   endloop
 endfacet
 facet normal  1.621610e-13  1.000000e+00  2.879176e-12
   outer loop
     vertex -3.439693e+01  2.500000e+01  1.331011e+02
     vertex -4.698379e+01  2.500000e+01  1.291964e+02
     vertex -4.174566e+01  2.500000e+01  1.440392e+02
   endloop
 endfacet
 facet normal -4.051686e-13  1.000000e+00  7.263428e-12
   outer loop
     vertex -2.218588e+01  2.500000e+01  1.356719e+02
     vertex -2.209046e+01  2.500000e+01  1.230143e+02
     vertex -2.779316e+01  2.500000e+01  1.218530e+02
   endloop
 endfacet
 facet normal -1.811681e-12  1.000000e+00  7.834144e-12
   outer loop
     vertex -2.218588e+01  2.500000e+01  1.356719e+02
     vertex -2.779316e+01  2.500000e+01  1.218530e+02
     vertex -3.439693e+01  2.500000e+01  1.331011e+02
   endloop
 endfacet
 facet normal  8.482448e-11  1.000000e+00  7.905984e-12
   outer loop
     vertex -2.218588e+01  2.500000e+01  1.356719e+02
     vertex -1.619274e+01  2.500000e+01  1.239236e+02
     vertex -2.209046e+01  2.500000e+01  1.230143e+02
   endloop
 endfacet
 facet normal  4.366805e-11  1.000000e+00  1.336412e-11
   outer loop
     vertex -2.218588e+01  2.500000e+01  1.356719e+02
     vertex -2.901360e+01  2.500000e+01  1.471391e+02
     vertex -1.483876e+01  2.500000e+01  1.492247e+02
   endloop
 endfacet
 facet normal  2.219775e-12  1.000000e+00 -1.131479e-11
   outer loop
     vertex -2.218588e+01  2.500000e+01  1.356719e+02
     vertex -3.439693e+01  2.500000e+01  1.331011e+02
     vertex -2.901360e+01  2.500000e+01  1.471391e+02
   endloop
 endfacet
 facet normal -1.961685e-10  1.000000e+00  4.652133e-11
   outer loop
     vertex -9.310049e+00  2.500000e+01  1.371609e+02
     vertex -4.853824e+00  2.500000e+01  1.249000e+02
     vertex -1.619274e+01  2.500000e+01  1.239236e+02
   endloop
 endfacet
 facet normal -2.242228e-10  1.000000e+00 -3.471875e-11
   outer loop
     vertex -9.310049e+00  2.500000e+01  1.371609e+02
     vertex -1.483876e+01  2.500000e+01  1.492247e+02
     vertex -6.894622e+00  2.500000e+01  1.498254e+02
   endloop
 endfacet
 facet normal -1.952329e-11  1.000000e+00 -4.532459e-11
   outer loop
     vertex -9.310049e+00  2.500000e+01  1.371609e+02
     vertex -1.619274e+01  2.500000e+01  1.239236e+02
     vertex -2.218588e+01  2.500000e+01  1.356719e+02
   endloop
 endfacet
 facet normal -3.099065e-11  1.000000e+00  5.383744e-11
   outer loop
     vertex -9.310049e+00  2.500000e+01  1.371609e+02
     vertex -2.218588e+01  2.500000e+01  1.356719e+02
     vertex -1.483876e+01  2.500000e+01  1.492247e+02
   endloop
 endfacet
 facet normal  2.715756e-10  1.000000e+00  1.173042e-10
   outer loop
     vertex -3.026306e+00  2.500000e+01  1.374635e+02
     vertex -6.894622e+00  2.500000e+01  1.498254e+02
     vertex -2.180969e+00  2.500000e+01  1.499524e+02
   endloop
 endfacet
 facet normal -2.215460e-10  1.000000e+00  3.729788e-11
   outer loop
     vertex -3.026306e+00  2.500000e+01  1.374635e+02
     vertex -4.853824e+00  2.500000e+01  1.249000e+02
     vertex -9.310049e+00  2.500000e+01  1.371609e+02
   endloop
 endfacet
 facet normal -2.180219e-10  1.000000e+00 -3.590143e-11
   outer loop
     vertex -3.026306e+00  2.500000e+01  1.374635e+02
     vertex -9.310049e+00  2.500000e+01  1.371609e+02
     vertex -6.894622e+00  2.500000e+01  1.498254e+02
   endloop
 endfacet
 facet normal -1.539221e-11  1.000000e+00 -2.770839e-11
   outer loop
     vertex  8.109605e+01  2.500000e+01 -5.344403e+00
     vertex  7.444504e+01  2.500000e+01 -9.364468e+00
     vertex  7.484518e+01  2.500000e+01 -5.287473e+00
   endloop
 endfacet
 facet normal  1.253387e-11  1.000000e+00 -5.432198e-11
   outer loop
     vertex  8.109605e+01  2.500000e+01 -5.344403e+00
     vertex  7.502825e+01  2.500000e+01 -7.212706e-01
     vertex  8.751210e+01  2.500000e+01 -5.113547e-01
   endloop
 endfacet
 facet normal -1.597538e-11  1.000000e+00 -9.174000e-11
   outer loop
     vertex  8.109605e+01  2.500000e+01 -5.344403e+00
     vertex  7.484518e+01  2.500000e+01 -5.287473e+00
     vertex  7.502825e+01  2.500000e+01 -7.212706e-01
   endloop
 endfacet
 facet normal  6.451062e-12  1.000000e+00  1.822222e-11
   outer loop
     vertex  6.737212e+01  2.500000e+01 -1.391067e+01
     vertex  6.198742e+01  2.500000e+01 -8.423036e+00
     vertex  7.444504e+01  2.500000e+01 -9.364468e+00
   endloop
 endfacet
 facet normal -7.165442e-13  1.000000e+00  2.937349e-11
   outer loop
     vertex  6.737212e+01  2.500000e+01 -1.391067e+01
     vertex  7.444504e+01  2.500000e+01 -9.364468e+00
     vertex  7.373688e+01  2.500000e+01 -1.387914e+01
   endloop
 endfacet
 facet normal -5.390211e-13  1.000000e+00 -6.459777e-12
   outer loop
     vertex  6.737212e+01  2.500000e+01 -1.391067e+01
     vertex  7.373688e+01  2.500000e+01 -1.387914e+01
     vertex  7.229095e+01  2.500000e+01 -2.009419e+01
   endloop
 endfacet
 facet normal -5.638243e-13  1.000000e+00 -6.479508e-12
   outer loop
     vertex  6.737212e+01  2.500000e+01 -1.391067e+01
     vertex  7.229095e+01  2.500000e+01 -2.009419e+01
     vertex  5.977374e+01  2.500000e+01 -1.845230e+01
   endloop
 endfacet
 facet normal -7.276879e-12  1.000000e+00  4.751772e-12
   outer loop
     vertex  6.737212e+01  2.500000e+01 -1.391067e+01
     vertex  5.977374e+01  2.500000e+01 -1.845230e+01
     vertex  6.198742e+01  2.500000e+01 -8.423036e+00
   endloop
 endfacet
 facet normal -1.278907e-12  1.000000e+00 -5.105817e-11
   outer loop
     vertex  8.691901e+01  2.500000e+01 -1.018396e+01
     vertex  7.444504e+01  2.500000e+01 -9.364468e+00
     vertex  8.109605e+01  2.500000e+01 -5.344403e+00
   endloop
 endfacet
 facet normal  3.956973e-12  1.000000e+00  2.864041e-11
   outer loop
     vertex  8.691901e+01  2.500000e+01 -1.018396e+01
     vertex  7.373688e+01  2.500000e+01 -1.387914e+01
     vertex  7.444504e+01  2.500000e+01 -9.364468e+00
   endloop
 endfacet
 facet normal  4.677127e-12  1.000000e+00 -4.389186e-11
   outer loop
     vertex  8.691901e+01  2.500000e+01 -1.018396e+01
     vertex  8.109605e+01  2.500000e+01 -5.344403e+00
     vertex  8.751210e+01  2.500000e+01 -5.113547e-01
   endloop
 endfacet
 facet normal  8.050536e-12  1.000000e+00  1.403709e-11
   outer loop
     vertex  8.691901e+01  2.500000e+01 -1.018396e+01
     vertex  8.526012e+01  2.500000e+01 -1.973169e+01
     vertex  7.373688e+01  2.500000e+01 -1.387914e+01
   endloop
 endfacet
 facet normal -2.362300e-11  1.000000e+00 -4.215660e-11
   outer loop
     vertex  8.691901e+01  2.500000e+01 -1.018396e+01
     vertex  8.751210e+01  2.500000e+01 -5.113547e-01
     vertex  9.988339e+01  2.500000e+01 -4.827560e+00
   endloop
 endfacet
 facet normal -5.822615e-12  1.000000e+00 -8.523982e-11
   outer loop
     vertex  8.691901e+01  2.500000e+01 -1.018396e+01
     vertex  9.988339e+01  2.500000e+01 -4.827560e+00
     vertex  9.940425e+01  2.500000e+01 -1.089927e+01
   endloop
 endfacet
 facet normal  2.983511e-13  1.000000e+00  2.159759e-11
   outer loop
     vertex  9.242812e+01  2.500000e+01 -1.572560e+01
     vertex  8.691901e+01  2.500000e+01 -1.018396e+01
     vertex  9.940425e+01  2.500000e+01 -1.089927e+01
   endloop
 endfacet
 facet normal -5.022059e-12  1.000000e+00  1.630841e-11
   outer loop
     vertex  9.242812e+01  2.500000e+01 -1.572560e+01
     vertex  8.526012e+01  2.500000e+01 -1.973169e+01
     vertex  8.691901e+01  2.500000e+01 -1.018396e+01
   endloop
 endfacet
 facet normal  6.287256e-12  1.000000e+00  1.294105e-11
   outer loop
     vertex  9.242812e+01  2.500000e+01 -1.572560e+01
     vertex  9.940425e+01  2.500000e+01 -1.089927e+01
     vertex  9.876218e+01  2.500000e+01 -1.568536e+01
   endloop
 endfacet
 facet normal  6.293011e-12  1.000000e+00  1.203519e-11
   outer loop
     vertex  9.242812e+01  2.500000e+01 -1.572560e+01
     vertex  9.876218e+01  2.500000e+01 -1.568536e+01
     vertex  9.762410e+01  2.500000e+01 -2.166867e+01
   endloop
 endfacet
 facet normal  2.963277e-13  1.000000e+00  6.792336e-12
   outer loop
     vertex  9.242812e+01  2.500000e+01 -1.572560e+01
     vertex  9.762410e+01  2.500000e+01 -2.166867e+01
     vertex  8.526012e+01  2.500000e+01 -1.973169e+01
   endloop
 endfacet
 facet normal -2.513303e-13  1.000000e+00 -5.570797e-13
   outer loop
     vertex  7.417725e+01  2.500000e+01 -3.320945e+01
     vertex  6.799867e+01  2.500000e+01 -3.171655e+01
     vertex  6.980337e+01  2.500000e+01 -2.751813e+01
   endloop
 endfacet
 facet normal -9.390108e-14  1.000000e+00  9.446423e-14
   outer loop
     vertex  7.417725e+01  2.500000e+01 -3.320945e+01
     vertex  6.625122e+01  2.500000e+01 -3.522121e+01
     vertex  6.799867e+01  2.500000e+01 -3.171655e+01
   endloop
 endfacet
 facet normal -1.411321e-13  1.000000e+00  2.603963e-14
   outer loop
     vertex  7.417725e+01  2.500000e+01 -3.320945e+01
     vertex  7.093359e+01  2.500000e+01 -2.445782e+01
     vertex  8.212906e+01  2.500000e+01 -3.022327e+01
   endloop
 endfacet
 facet normal  1.111575e-12  1.000000e+00  4.903366e-13
   outer loop
     vertex  7.417725e+01  2.500000e+01 -3.320945e+01
     vertex  6.980337e+01  2.500000e+01 -2.751813e+01
     vertex  7.093359e+01  2.500000e+01 -2.445782e+01
   endloop
 endfacet
 facet normal -1.450246e-13  1.000000e+00 -2.636549e-13
   outer loop
     vertex  8.582520e+01  2.500000e+01 -3.773972e+01
     vertex  9.152733e+01  2.500000e+01 -4.028332e+01
     vertex  8.890521e+01  2.500000e+01 -4.578056e+01
   endloop
 endfacet
 facet normal  2.393153e-13  1.000000e+00  5.979448e-13
   outer loop
     vertex  8.582520e+01  2.500000e+01 -3.773972e+01
     vertex  9.468030e+01  2.500000e+01 -3.218136e+01
     vertex  9.152733e+01  2.500000e+01 -4.028332e+01
   endloop
 endfacet
 facet normal  4.862241e-13  1.000000e+00  2.045914e-13
   outer loop
     vertex  8.582520e+01  2.500000e+01 -3.773972e+01
     vertex  8.212906e+01  2.500000e+01 -3.022327e+01
     vertex  9.468030e+01  2.500000e+01 -3.218136e+01
   endloop
 endfacet
 facet normal  2.922616e-13  1.000000e+00  5.773402e-13
   outer loop
     vertex  1.005929e+02  2.500000e+01 -3.418985e+01
     vertex  9.152733e+01  2.500000e+01 -4.028332e+01
     vertex  9.468030e+01  2.500000e+01 -3.218136e+01
   endloop
 endfacet
 facet normal -2.643264e-15  1.000000e+00 -2.907967e-13
   outer loop
     vertex  1.005929e+02  2.500000e+01 -3.418985e+01
     vertex  9.468030e+01  2.500000e+01 -3.218136e+01
     vertex  9.646382e+01  2.500000e+01 -2.635776e+01
   endloop
 endfacet
 facet normal -2.714991e-14  1.000000e+00 -1.760744e-14
   outer loop
     vertex  6.435637e+01  2.500000e+01 -4.963252e+01
     vertex  6.053016e+01  2.500000e+01 -4.433799e+01
     vertex  6.276106e+01  2.500000e+01 -4.111942e+01
   endloop
 endfacet
 facet normal  8.501959e-15  1.000000e+00  8.157173e-15
   outer loop
     vertex  6.435637e+01  2.500000e+01 -4.963252e+01
     vertex  5.771871e+01  2.500000e+01 -4.794069e+01
     vertex  6.053016e+01  2.500000e+01 -4.433799e+01
   endloop
 endfacet
 facet normal  5.560217e-15  1.000000e+00 -3.384313e-15
   outer loop
     vertex  6.435637e+01  2.500000e+01 -4.963252e+01
     vertex  5.558022e+01  2.500000e+01 -5.040433e+01
     vertex  5.771871e+01  2.500000e+01 -4.794069e+01
   endloop
 endfacet
 facet normal  4.742105e-15  1.000000e+00  5.918374e-15
   outer loop
     vertex  6.435637e+01  2.500000e+01 -4.963252e+01
     vertex  6.502351e+01  2.500000e+01 -5.857107e+01
     vertex  5.558022e+01  2.500000e+01 -5.040433e+01
   endloop
 endfacet
 facet normal  5.171690e-13  1.000000e+00  1.473774e-12
   outer loop
     vertex  1.124948e+02  2.500000e+01 -3.798577e+01
     vertex  1.187364e+02  2.500000e+01 -3.901171e+01
     vertex  1.169283e+02  2.500000e+01 -4.413622e+01
   endloop
 endfacet
 facet normal -6.839484e-13  1.000000e+00  6.079452e-13
   outer loop
     vertex  1.124948e+02  2.500000e+01 -3.798577e+01
     vertex  1.169283e+02  2.500000e+01 -4.413622e+01
     vertex  1.148992e+02  2.500000e+01 -4.917728e+01
   endloop
 endfacet
 facet normal -6.134418e-14  1.000000e+00 -3.035695e-13
   outer loop
     vertex  9.549239e+01  2.500000e+01 -4.657333e+01
     vertex  8.890521e+01  2.500000e+01 -4.578056e+01
     vertex  9.152733e+01  2.500000e+01 -4.028332e+01
   endloop
 endfacet
 facet normal -6.212931e-13  1.000000e+00  6.193880e-13
   outer loop
     vertex  9.549239e+01  2.500000e+01 -4.657333e+01
     vertex  1.005929e+02  2.500000e+01 -3.418985e+01
     vertex  1.041170e+02  2.500000e+01 -4.258545e+01
   endloop
 endfacet
 facet normal -6.168634e-15  1.000000e+00  1.548889e-13
   outer loop
     vertex  9.549239e+01  2.500000e+01 -4.657333e+01
     vertex  8.683115e+01  2.500000e+01 -4.960192e+01
     vertex  8.890521e+01  2.500000e+01 -4.578056e+01
   endloop
 endfacet
 facet normal  6.029173e-13  1.000000e+00  1.151633e-13
   outer loop
     vertex  9.549239e+01  2.500000e+01 -4.657333e+01
     vertex  9.152733e+01  2.500000e+01 -4.028332e+01
     vertex  1.005929e+02  2.500000e+01 -3.418985e+01
   endloop
 endfacet
 facet normal  1.111267e-15  1.000000e+00  4.778843e-16
   outer loop
     vertex  4.521878e+01  2.500000e+01 -5.184373e+01
     vertex  5.240864e+01  2.500000e+01 -5.369444e+01
     vertex  4.779657e+01  2.500000e+01 -5.783810e+01
   endloop
 endfacet
 facet normal  8.732061e-16  1.000000e+00 -4.469669e-16
   outer loop
     vertex  4.521878e+01  2.500000e+01 -5.184373e+01
     vertex  4.596943e+01  2.500000e+01 -4.242876e+01
     vertex  5.240864e+01  2.500000e+01 -5.369444e+01
   endloop
 endfacet
 facet normal -7.378652e-16  1.000000e+00 -3.173083e-16
   outer loop
     vertex  4.521878e+01  2.500000e+01 -5.184373e+01
     vertex  4.779657e+01  2.500000e+01 -5.783810e+01
     vertex  4.418688e+01  2.500000e+01 -6.064057e+01
   endloop
 endfacet
 facet normal -6.481263e-16  1.000000e+00 -3.278350e-16
   outer loop
     vertex  4.521878e+01  2.500000e+01 -5.184373e+01
     vertex  4.418688e+01  2.500000e+01 -6.064057e+01
     vertex  3.846696e+01  2.500000e+01 -4.933235e+01
   endloop
 endfacet
 facet normal -6.473453e-16  1.000000e+00 -3.257351e-16
   outer loop
     vertex  4.521878e+01  2.500000e+01 -5.184373e+01
     vertex  3.846696e+01  2.500000e+01 -4.933235e+01
     vertex  4.596943e+01  2.500000e+01 -4.242876e+01
   endloop
 endfacet
 facet normal  3.220428e-16  1.000000e+00  1.957887e-15
   outer loop
     vertex  7.298895e+01  2.500000e+01 -5.884610e+01
     vertex  8.118946e+01  2.500000e+01 -5.838040e+01
     vertex  7.748481e+01  2.500000e+01 -6.321474e+01
   endloop
 endfacet
 facet normal  1.148273e-15  1.000000e+00  2.808179e-15
   outer loop
     vertex  7.298895e+01  2.500000e+01 -5.884610e+01
     vertex  7.748481e+01  2.500000e+01 -6.321474e+01
     vertex  7.170145e+01  2.500000e+01 -6.970582e+01
   endloop
 endfacet
 facet normal  4.987422e-15  1.000000e+00  2.353018e-15
   outer loop
     vertex  7.298895e+01  2.500000e+01 -5.884610e+01
     vertex  7.170145e+01  2.500000e+01 -6.970582e+01
     vertex  6.502351e+01  2.500000e+01 -5.857107e+01
   endloop
 endfacet
 facet normal -1.658203e-14  1.000000e+00 -5.331721e-14
   outer loop
     vertex  1.072084e+02  2.500000e+01 -5.103279e+01
     vertex  1.126529e+02  2.500000e+01 -5.412538e+01
     vertex  1.096755e+02  2.500000e+01 -5.992935e+01
   endloop
 endfacet
 facet normal -4.450042e-13  1.000000e+00  6.592816e-13
   outer loop
     vertex  1.072084e+02  2.500000e+01 -5.103279e+01
     vertex  1.124948e+02  2.500000e+01 -3.798577e+01
     vertex  1.148992e+02  2.500000e+01 -4.917728e+01
   endloop
 endfacet
 facet normal  9.990810e-13  1.000000e+00  7.417406e-14
   outer loop
     vertex  1.072084e+02  2.500000e+01 -5.103279e+01
     vertex  1.041170e+02  2.500000e+01 -4.258545e+01
     vertex  1.124948e+02  2.500000e+01 -3.798577e+01
   endloop
 endfacet
 facet normal -1.966124e-13  1.000000e+00 -3.702613e-13
   outer loop
     vertex  1.072084e+02  2.500000e+01 -5.103279e+01
     vertex  1.148992e+02  2.500000e+01 -4.917728e+01
     vertex  1.126529e+02  2.500000e+01 -5.412538e+01
   endloop
 endfacet
 facet normal -3.255447e-14  1.000000e+00 -2.125967e-14
   outer loop
     vertex  8.454103e+01  2.500000e+01 -6.434814e+01
     vertex  8.118946e+01  2.500000e+01 -5.838040e+01
     vertex  8.365044e+01  2.500000e+01 -5.479599e+01
   endloop
 endfacet
 facet normal  3.901753e-15  1.000000e+00 -7.853148e-16
   outer loop
     vertex  8.454103e+01  2.500000e+01 -6.434814e+01
     vertex  7.748481e+01  2.500000e+01 -6.321474e+01
     vertex  8.118946e+01  2.500000e+01 -5.838040e+01
   endloop
 endfacet
 facet normal  4.278293e-15  1.000000e+00  1.558902e-15
   outer loop
     vertex  7.577405e+01  2.500000e+01 -7.447258e+01
     vertex  7.748481e+01  2.500000e+01 -6.321474e+01
     vertex  8.454103e+01  2.500000e+01 -6.434814e+01
   endloop
 endfacet
 facet normal -8.886879e-16  1.000000e+00 -7.592735e-16
   outer loop
     vertex  7.577405e+01  2.500000e+01 -7.447258e+01
     vertex  6.732493e+01  2.500000e+01 -7.394154e+01
     vertex  7.170145e+01  2.500000e+01 -6.970582e+01
   endloop
 endfacet
 facet normal  2.195126e-15  1.000000e+00  1.875463e-15
   outer loop
     vertex  7.577405e+01  2.500000e+01 -7.447258e+01
     vertex  7.170145e+01  2.500000e+01 -6.970582e+01
     vertex  7.748481e+01  2.500000e+01 -6.321474e+01
   endloop
 endfacet
 facet normal -5.490390e-16  1.000000e+00  5.738998e-15
   outer loop
     vertex  7.577405e+01  2.500000e+01 -7.447258e+01
     vertex  8.454103e+01  2.500000e+01 -6.434814e+01
     vertex  8.449704e+01  2.500000e+01 -7.425711e+01
   endloop
 endfacet
 facet normal -5.118134e-15  1.000000e+00 -6.373224e-15
   outer loop
     vertex  9.311470e+01  2.500000e+01 -7.367254e+01
     vertex  1.018993e+02  2.500000e+01 -7.236553e+01
     vertex  9.798482e+01  2.500000e+01 -7.758358e+01
   endloop
 endfacet
 facet normal  4.912980e-15  1.000000e+00  6.117761e-15
   outer loop
     vertex  9.311470e+01  2.500000e+01 -7.367254e+01
     vertex  9.798482e+01  2.500000e+01 -7.758358e+01
     vertex  9.451975e+01  2.500000e+01 -8.176954e+01
   endloop
 endfacet
 facet normal  9.976459e-16  1.000000e+00  5.276891e-16
   outer loop
     vertex  4.184234e+01  2.500000e+01 -6.967317e+01
     vertex  4.418688e+01  2.500000e+01 -6.064057e+01
     vertex  5.007450e+01  2.500000e+01 -7.177167e+01
   endloop
 endfacet
 facet normal -2.364743e-15  1.000000e+00 -1.348278e-15
   outer loop
     vertex  4.184234e+01  2.500000e+01 -6.967317e+01
     vertex  3.418889e+01  2.500000e+01 -6.678980e+01
     vertex  3.762708e+01  2.500000e+01 -6.491503e+01
   endloop
 endfacet
 facet normal  9.511538e-16  1.000000e+00  5.397568e-16
   outer loop
     vertex  4.184234e+01  2.500000e+01 -6.967317e+01
     vertex  4.150916e+01  2.500000e+01 -6.250398e+01
     vertex  4.418688e+01  2.500000e+01 -6.064057e+01
   endloop
 endfacet
 facet normal -2.991404e-16  1.000000e+00  4.816507e-16
   outer loop
     vertex  4.184234e+01  2.500000e+01 -6.967317e+01
     vertex  3.762708e+01  2.500000e+01 -6.491503e+01
     vertex  4.150916e+01  2.500000e+01 -6.250398e+01
   endloop
 endfacet
 facet normal  7.164784e-16  1.000000e+00  7.487399e-16
   outer loop
     vertex  4.880837e+01  2.500000e+01 -8.004994e+01
     vertex  5.007450e+01  2.500000e+01 -7.177167e+01
     vertex  5.925308e+01  2.500000e+01 -8.055477e+01
   endloop
 endfacet
 facet normal  6.676332e-16  1.000000e+00 -2.618590e-16
   outer loop
     vertex  4.880837e+01  2.500000e+01 -8.004994e+01
     vertex  5.925308e+01  2.500000e+01 -8.055477e+01
     vertex  5.203260e+01  2.500000e+01 -8.539676e+01
   endloop
 endfacet
 facet normal -2.184597e-16  1.000000e+00 -7.961894e-16
   outer loop
     vertex  4.880837e+01  2.500000e+01 -8.004994e+01
     vertex  5.203260e+01  2.500000e+01 -8.539676e+01
     vertex  4.673734e+01  2.500000e+01 -8.840598e+01
   endloop
 endfacet
 facet normal -3.810917e-16  1.000000e+00 -1.060299e-15
   outer loop
     vertex  8.384255e+01  2.500000e+01 -8.407389e+01
     vertex  7.577405e+01  2.500000e+01 -7.447258e+01
     vertex  8.449704e+01  2.500000e+01 -7.425711e+01
   endloop
 endfacet
 facet normal  5.871844e-15  1.000000e+00 -1.477185e-15
   outer loop
     vertex  8.384255e+01  2.500000e+01 -8.407389e+01
     vertex  8.449704e+01  2.500000e+01 -7.425711e+01
     vertex  9.311470e+01  2.500000e+01 -7.367254e+01
   endloop
 endfacet
 facet normal -1.122241e-15  1.000000e+00  3.658156e-15
   outer loop
     vertex  8.384255e+01  2.500000e+01 -8.407389e+01
     vertex  9.451975e+01  2.500000e+01 -8.176954e+01
     vertex  9.087597e+01  2.500000e+01 -8.580090e+01
   endloop
 endfacet
 facet normal -2.352648e-15  1.000000e+00 -1.352802e-15
   outer loop
     vertex  8.384255e+01  2.500000e+01 -8.407389e+01
     vertex  9.087597e+01  2.500000e+01 -8.580090e+01
     vertex  8.706043e+01  2.500000e+01 -8.967008e+01
   endloop
 endfacet
 facet normal -1.416047e-15  1.000000e+00  5.019503e-15
   outer loop
     vertex  8.384255e+01  2.500000e+01 -8.407389e+01
     vertex  9.311470e+01  2.500000e+01 -7.367254e+01
     vertex  9.451975e+01  2.500000e+01 -8.176954e+01
   endloop
 endfacet
 facet normal  0.000000e+00  1.000000e+00  0.000000e+00
   outer loop
     vertex  8.384255e+01  2.500000e+01 -8.407389e+01
     vertex  8.706043e+01  2.500000e+01 -8.967008e+01
     vertex  8.226329e+01  2.500000e+01 -9.409032e+01
   endloop
 endfacet
 facet normal  3.293637e-16  1.000000e+00  2.425757e-16
   outer loop
     vertex  6.295613e+01  2.500000e+01 -8.558268e+01
     vertex  5.203260e+01  2.500000e+01 -8.539676e+01
     vertex  5.925308e+01  2.500000e+01 -8.055477e+01
   endloop
 endfacet
 facet normal -4.698855e-16  1.000000e+00 -3.460697e-16
   outer loop
     vertex  6.295613e+01  2.500000e+01 -8.558268e+01
     vertex  5.925308e+01  2.500000e+01 -8.055477e+01
     vertex  6.404717e+01  2.500000e+01 -7.679818e+01
   endloop
 endfacet
 facet normal  1.167753e-15  1.000000e+00 -5.384219e-16
   outer loop
     vertex  2.429851e+01  2.500000e+01 -7.755458e+01
     vertex  2.428093e+01  2.500000e+01 -7.099432e+01
     vertex  2.795198e+01  2.500000e+01 -6.963078e+01
   endloop
 endfacet
 facet normal  0.000000e+00  1.000000e+00  0.000000e+00
   outer loop
     vertex  2.429851e+01  2.500000e+01 -7.755458e+01
     vertex  1.962212e+01  2.500000e+01 -8.528540e+01
     vertex  1.657388e+01  2.500000e+01 -7.317830e+01
   endloop
 endfacet
 facet normal  0.000000e+00  1.000000e+00  0.000000e+00
   outer loop
     vertex  2.429851e+01  2.500000e+01 -7.755458e+01
     vertex  1.657388e+01  2.500000e+01 -7.317830e+01
     vertex  1.991393e+01  2.500000e+01 -7.234082e+01
   endloop
 endfacet
 facet normal -6.460242e-16  1.000000e+00 -5.432824e-16
   outer loop
     vertex  2.429851e+01  2.500000e+01 -7.755458e+01
     vertex  1.991393e+01  2.500000e+01 -7.234082e+01
     vertex  2.428093e+01  2.500000e+01 -7.099432e+01
   endloop
 endfacet
 facet normal  3.142549e-16  1.000000e+00  2.229908e-16
   outer loop
     vertex  7.147186e+01  2.500000e+01 -9.481436e+01
     vertex  8.226329e+01  2.500000e+01 -9.409032e+01
     vertex  7.508782e+01  2.500000e+01 -9.991023e+01
   endloop
 endfacet
 facet normal -5.332028e-16  1.000000e+00 -3.783531e-16
   outer loop
     vertex  7.147186e+01  2.500000e+01 -9.481436e+01
     vertex  7.508782e+01  2.500000e+01 -9.991023e+01
     vertex  7.067391e+01  2.500000e+01 -1.030798e+02
   endloop
 endfacet
 facet normal  1.258277e-17  1.000000e+00  3.964467e-16
   outer loop
     vertex  7.147186e+01  2.500000e+01 -9.481436e+01
     vertex  6.104702e+01  2.500000e+01 -9.448348e+01
     vertex  6.295613e+01  2.500000e+01 -8.558268e+01
   endloop
 endfacet
 facet normal  3.249792e-16  1.000000e+00 -1.502356e-17
   outer loop
     vertex  5.168930e+01  2.500000e+01 -9.282289e+01
     vertex  5.203260e+01  2.500000e+01 -8.539676e+01
     vertex  6.295613e+01  2.500000e+01 -8.558268e+01
   endloop
 endfacet
 facet normal -6.890251e-16  1.000000e+00  3.185314e-17
   outer loop
     vertex  5.168930e+01  2.500000e+01 -9.282289e+01
     vertex  4.673734e+01  2.500000e+01 -8.840598e+01
     vertex  5.203260e+01  2.500000e+01 -8.539676e+01
   endloop
 endfacet
 facet normal  6.823406e-17  1.000000e+00  3.845101e-16
   outer loop
     vertex  5.168930e+01  2.500000e+01 -9.282289e+01
     vertex  6.295613e+01  2.500000e+01 -8.558268e+01
     vertex  6.104702e+01  2.500000e+01 -9.448348e+01
   endloop
 endfacet
 facet normal -8.432829e-16  1.000000e+00 -1.410911e-16
   outer loop
     vertex  5.168930e+01  2.500000e+01 -9.282289e+01
     vertex  4.285031e+01  2.500000e+01 -9.035403e+01
     vertex  4.673734e+01  2.500000e+01 -8.840598e+01
   endloop
 endfacet
 facet normal -8.716632e-16  1.000000e+00 -7.386163e-16
   outer loop
     vertex  7.303105e+00  2.500000e+01 -6.840450e+01
     vertex  1.335376e+01  2.500000e+01 -6.111518e+01
     vertex  1.208822e+01  2.500000e+01 -7.405155e+01
   endloop
 endfacet
 facet normal  3.905429e-15  1.000000e+00 -2.813030e-16
   outer loop
     vertex  7.303105e+00  2.500000e+01 -6.840450e+01
     vertex  5.932992e+00  2.500000e+01 -7.479677e+01
     vertex  1.368539e+00  2.500000e+01 -7.501924e+01
   endloop
 endfacet
 facet normal  3.933394e-15  1.000000e+00 -3.063923e-16
   outer loop
     vertex  7.303105e+00  2.500000e+01 -6.840450e+01
     vertex  1.368539e+00  2.500000e+01 -7.501924e+01
     vertex  3.249076e+00  2.500000e+01 -6.247264e+01
   endloop
 endfacet
 facet normal  1.012515e-15  1.000000e+00 -2.302617e-15
   outer loop
     vertex  7.303105e+00  2.500000e+01 -6.840450e+01
     vertex  3.249076e+00  2.500000e+01 -6.247264e+01
     vertex  1.335376e+01  2.500000e+01 -6.111518e+01
   endloop
 endfacet
 facet normal  5.234820e-16  1.000000e+00  4.435799e-16
   outer loop
     vertex  7.303105e+00  2.500000e+01 -6.840450e+01
     vertex  1.208822e+01  2.500000e+01 -7.405155e+01
     vertex  5.932992e+00  2.500000e+01 -7.479677e+01
   endloop
 endfacet
 facet normal  3.788201e-16  1.000000e+00  8.041907e-17
   outer loop
     vertex  2.609764e+01  2.500000e+01 -9.005090e+01
     vertex  2.739743e+01  2.500000e+01 -9.617369e+01
     vertex  1.846625e+01  2.500000e+01 -9.828020e+01
   endloop
 endfacet
 facet normal  1.888373e-16  1.000000e+00  2.565983e-16
   outer loop
     vertex  2.609764e+01  2.500000e+01 -9.005090e+01
     vertex  1.846625e+01  2.500000e+01 -9.828020e+01
     vertex  1.962212e+01  2.500000e+01 -8.528540e+01
   endloop
 endfacet
 facet normal  0.000000e+00  1.000000e+00  0.000000e+00
   outer loop
     vertex  2.609764e+01  2.500000e+01 -9.005090e+01
     vertex  1.962212e+01  2.500000e+01 -8.528540e+01
     vertex  2.429851e+01  2.500000e+01 -7.755458e+01
   endloop
 endfacet
 facet normal -1.720178e-15  1.000000e+00 -3.651738e-16
   outer loop
     vertex  2.609764e+01  2.500000e+01 -9.005090e+01
     vertex  3.320144e+01  2.500000e+01 -9.432743e+01
     vertex  2.739743e+01  2.500000e+01 -9.617369e+01
   endloop
 endfacet
 facet normal  2.254893e-16  1.000000e+00  2.639639e-16
   outer loop
     vertex  8.899439e+01  2.500000e+01 -1.047812e+02
     vertex  8.706043e+01  2.500000e+01 -8.967008e+01
     vertex  9.659711e+01  2.500000e+01 -9.781672e+01
   endloop
 endfacet
 facet normal -1.350630e-16  1.000000e+00 -3.856008e-16
   outer loop
     vertex  8.899439e+01  2.500000e+01 -1.047812e+02
     vertex  8.089109e+01  2.500000e+01 -1.111564e+02
     vertex  7.508782e+01  2.500000e+01 -9.991023e+01
   endloop
 endfacet
 facet normal  1.493292e-16  1.000000e+00  4.263303e-16
   outer loop
     vertex  8.899439e+01  2.500000e+01 -1.047812e+02
     vertex  7.508782e+01  2.500000e+01 -9.991023e+01
     vertex  8.226329e+01  2.500000e+01 -9.409032e+01
   endloop
 endfacet
 facet normal -1.937818e-16  1.000000e+00  2.103046e-16
   outer loop
     vertex  8.899439e+01  2.500000e+01 -1.047812e+02
     vertex  8.226329e+01  2.500000e+01 -9.409032e+01
     vertex  8.706043e+01  2.500000e+01 -8.967008e+01
   endloop
 endfacet
 facet normal  6.001651e-16  1.000000e+00 -4.877692e-16
   outer loop
     vertex  5.875387e+01  2.500000e+01 -1.031793e+02
     vertex  7.147186e+01  2.500000e+01 -9.481436e+01
     vertex  7.067391e+01  2.500000e+01 -1.030798e+02
   endloop
 endfacet
 facet normal  5.936957e-16  1.000000e+00  2.867123e-16
   outer loop
     vertex  5.875387e+01  2.500000e+01 -1.031793e+02
     vertex  7.067391e+01  2.500000e+01 -1.030798e+02
     vertex  6.612638e+01  2.500000e+01 -1.060544e+02
   endloop
 endfacet
 facet normal  5.922766e-16  1.000000e+00  2.830733e-16
   outer loop
     vertex  5.875387e+01  2.500000e+01 -1.031793e+02
     vertex  6.612638e+01  2.500000e+01 -1.060544e+02
     vertex  6.145388e+01  2.500000e+01 -1.088286e+02
   endloop
 endfacet
 facet normal -9.836641e-16  1.000000e+00 -4.701335e-16
   outer loop
     vertex  5.875387e+01  2.500000e+01 -1.031793e+02
     vertex  6.145388e+01  2.500000e+01 -1.088286e+02
     vertex  5.569204e+01  2.500000e+01 -1.118867e+02
   endloop
 endfacet
 facet normal  1.285937e-17  1.000000e+00  4.051613e-16
   outer loop
     vertex  5.875387e+01  2.500000e+01 -1.031793e+02
     vertex  6.104702e+01  2.500000e+01 -9.448348e+01
     vertex  7.147186e+01  2.500000e+01 -9.481436e+01
   endloop
 endfacet
 facet normal -3.831563e-17  1.000000e+00  4.677715e-16
   outer loop
     vertex  9.113079e+01  2.500000e+01 -1.111347e+02
     vertex  1.016371e+02  2.500000e+01 -1.102741e+02
     vertex  9.167517e+01  2.500000e+01 -1.186850e+02
   endloop
 endfacet
 facet normal  0.000000e+00  1.000000e+00  0.000000e+00
   outer loop
     vertex  9.113079e+01  2.500000e+01 -1.111347e+02
     vertex  9.659711e+01  2.500000e+01 -9.781672e+01
     vertex  1.016371e+02  2.500000e+01 -1.102741e+02
   endloop
 endfacet
 facet normal -9.975207e-19  1.000000e+00  4.704622e-16
   outer loop
     vertex  9.113079e+01  2.500000e+01 -1.111347e+02
     vertex  9.167517e+01  2.500000e+01 -1.186850e+02
     vertex  8.089109e+01  2.500000e+01 -1.111564e+02
   endloop
 endfacet
 facet normal  1.184787e-18  1.000000e+00 -5.587827e-16
   outer loop
     vertex  9.113079e+01  2.500000e+01 -1.111347e+02
     vertex  8.089109e+01  2.500000e+01 -1.111564e+02
     vertex  8.899439e+01  2.500000e+01 -1.047812e+02
   endloop
 endfacet
 facet normal  7.488621e-16  1.000000e+00 -3.073684e-16
   outer loop
     vertex  9.113079e+01  2.500000e+01 -1.111347e+02
     vertex  8.899439e+01  2.500000e+01 -1.047812e+02
     vertex  9.659711e+01  2.500000e+01 -9.781672e+01
   endloop
 endfacet
 facet normal  4.045603e-15  1.000000e+00 -1.468382e-15
   outer loop
     vertex  3.247842e+01  2.500000e+01 -1.011584e+02
     vertex  3.320144e+01  2.500000e+01 -9.432743e+01
     vertex  3.727030e+01  2.500000e+01 -9.279506e+01
   endloop
 endfacet
 facet normal -1.557912e-15  1.000000e+00 -8.752822e-16
   outer loop
     vertex  3.247842e+01  2.500000e+01 -1.011584e+02
     vertex  2.739743e+01  2.500000e+01 -9.617369e+01
     vertex  3.320144e+01  2.500000e+01 -9.432743e+01
   endloop
 endfacet
 facet normal  3.775827e-15  1.000000e+00  3.090796e-16
   outer loop
     vertex  2.695733e+00  2.500000e+01 -8.122723e+01
     vertex  5.932992e+00  2.500000e+01 -7.479677e+01
     vertex  8.819309e+00  2.500000e+01 -8.706807e+01
   endloop
 endfacet
 facet normal  3.879191e-15  1.000000e+00  2.570436e-16
   outer loop
     vertex  2.695733e+00  2.500000e+01 -8.122723e+01
     vertex  1.368539e+00  2.500000e+01 -7.501924e+01
     vertex  5.932992e+00  2.500000e+01 -7.479677e+01
   endloop
 endfacet
 facet normal -3.639463e-15  1.000000e+00 -1.350353e-15
   outer loop
     vertex  2.695733e+00  2.500000e+01 -8.122723e+01
     vertex -2.547542e+00  2.500000e+01 -7.498845e+01
     vertex  1.368539e+00  2.500000e+01 -7.501924e+01
   endloop
 endfacet
 facet normal  3.863987e-16  1.000000e+00  4.828701e-17
   outer loop
     vertex  1.924195e+01  2.500000e+01 -1.044874e+02
     vertex  1.846625e+01  2.500000e+01 -9.828020e+01
     vertex  2.739743e+01  2.500000e+01 -9.617369e+01
   endloop
 endfacet
 facet normal  1.340987e-16  1.000000e+00 -5.331889e-16
   outer loop
     vertex  1.924195e+01  2.500000e+01 -1.044874e+02
     vertex  3.247842e+01  2.500000e+01 -1.011584e+02
     vertex  2.670649e+01  2.500000e+01 -1.092732e+02
   endloop
 endfacet
 facet normal -1.426756e-16  1.000000e+00  5.672916e-16
   outer loop
     vertex  1.924195e+01  2.500000e+01 -1.044874e+02
     vertex  2.739743e+01  2.500000e+01 -9.617369e+01
     vertex  3.247842e+01  2.500000e+01 -1.011584e+02
   endloop
 endfacet
 facet normal -2.316351e-15  1.000000e+00 -2.894669e-16
   outer loop
     vertex  1.924195e+01  2.500000e+01 -1.044874e+02
     vertex  1.244894e+01  2.500000e+01 -9.922208e+01
     vertex  1.846625e+01  2.500000e+01 -9.828020e+01
   endloop
 endfacet
 facet normal -6.253434e-16  1.000000e+00 -1.915857e-16
   outer loop
     vertex  3.417579e+01  2.500000e+01 -1.137102e+02
     vertex  3.600545e+01  2.500000e+01 -1.196823e+02
     vertex  3.076908e+01  2.500000e+01 -1.211342e+02
   endloop
 endfacet
 facet normal -5.208612e-16  1.000000e+00 -1.595756e-16
   outer loop
     vertex  3.417579e+01  2.500000e+01 -1.137102e+02
     vertex  4.220083e+01  2.500000e+01 -1.176407e+02
     vertex  3.600545e+01  2.500000e+01 -1.196823e+02
   endloop
 endfacet
 facet normal -1.632846e-15  1.000000e+00  9.768695e-16
   outer loop
     vertex  3.630359e+00  2.500000e+01 -9.368602e+01
     vertex  2.041194e+00  2.500000e+01 -9.997916e+01
     vertex -2.306909e+00  2.500000e+01 -9.997338e+01
   endloop
 endfacet
 facet normal  3.295736e-15  1.000000e+00  1.000549e-16
   outer loop
     vertex  3.630359e+00  2.500000e+01 -9.368602e+01
     vertex  8.819309e+00  2.500000e+01 -8.706807e+01
     vertex  8.123901e+00  2.500000e+01 -9.966946e+01
   endloop
 endfacet
 facet normal  2.929258e-15  1.000000e+00 -1.751685e-16
   outer loop
     vertex  3.630359e+00  2.500000e+01 -9.368602e+01
     vertex  8.123901e+00  2.500000e+01 -9.966946e+01
     vertex  2.041194e+00  2.500000e+01 -9.997916e+01
   endloop
 endfacet
 facet normal  3.456342e-15  1.000000e+00 -2.587162e-17
   outer loop
     vertex  3.630359e+00  2.500000e+01 -9.368602e+01
     vertex  2.695733e+00  2.500000e+01 -8.122723e+01
     vertex  8.819309e+00  2.500000e+01 -8.706807e+01
   endloop
 endfacet
 facet normal  3.770540e-16  1.000000e+00  1.612178e-15
   outer loop
     vertex -1.471564e+01  2.500000e+01 -6.720089e+01
     vertex -1.916270e+01  2.500000e+01 -5.954980e+01
     vertex -9.235151e+00  2.500000e+01 -6.187164e+01
   endloop
 endfacet
 facet normal  2.130022e-15  1.000000e+00 -1.905386e-16
   outer loop
     vertex -1.471564e+01  2.500000e+01 -6.720089e+01
     vertex -9.235151e+00  2.500000e+01 -6.187164e+01
     vertex -1.034823e+01  2.500000e+01 -7.431468e+01
   endloop
 endfacet
 facet normal -1.544969e-15  1.000000e+00  4.950378e-16
   outer loop
     vertex -1.471564e+01  2.500000e+01 -6.720089e+01
     vertex -2.087470e+01  2.500000e+01 -7.206944e+01
     vertex -1.916270e+01  2.500000e+01 -5.954980e+01
   endloop
 endfacet
 facet normal -7.235119e-16  1.000000e+00 -5.441620e-16
   outer loop
     vertex -1.471564e+01  2.500000e+01 -6.720089e+01
     vertex -1.485313e+01  2.500000e+01 -7.354687e+01
     vertex -2.087470e+01  2.500000e+01 -7.206944e+01
   endloop
 endfacet
 facet normal  1.476394e-15  1.000000e+00 -5.918244e-16
   outer loop
     vertex -1.471564e+01  2.500000e+01 -6.720089e+01
     vertex -1.034823e+01  2.500000e+01 -7.431468e+01
     vertex -1.485313e+01  2.500000e+01 -7.354687e+01
   endloop
 endfacet
 facet normal  1.952739e-15  1.000000e+00 -6.778755e-16
   outer loop
     vertex -1.350395e+01  2.500000e+01 -8.014222e+01
     vertex -2.066203e+01  2.500000e+01 -8.503946e+01
     vertex -1.485313e+01  2.500000e+01 -7.354687e+01
   endloop
 endfacet
 facet normal  4.124047e-15  1.000000e+00 -2.233251e-15
   outer loop
     vertex -1.350395e+01  2.500000e+01 -8.014222e+01
     vertex -1.034823e+01  2.500000e+01 -7.431468e+01
     vertex -7.107934e+00  2.500000e+01 -7.469428e+01
   endloop
 endfacet
 facet normal  1.443989e-15  1.000000e+00 -7.819482e-16
   outer loop
     vertex -1.350395e+01  2.500000e+01 -8.014222e+01
     vertex -1.485313e+01  2.500000e+01 -7.354687e+01
     vertex -1.034823e+01  2.500000e+01 -7.431468e+01
   endloop
 endfacet
 facet normal -4.110635e-16  1.000000e+00 -1.034694e-15
   outer loop
     vertex  2.019525e+01  2.500000e+01 -1.170049e+02
     vertex  2.517889e+01  2.500000e+01 -1.224184e+02
     vertex  1.923742e+01  2.500000e+01 -1.234915e+02
   endloop
 endfacet
 facet normal  1.244385e-16  1.000000e+00 -5.417131e-16
   outer loop
     vertex  2.019525e+01  2.500000e+01 -1.170049e+02
     vertex  3.076908e+01  2.500000e+01 -1.211342e+02
     vertex  2.517889e+01  2.500000e+01 -1.224184e+02
   endloop
 endfacet
 facet normal -1.351005e-16  1.000000e+00  5.732749e-16
   outer loop
     vertex  2.019525e+01  2.500000e+01 -1.170049e+02
     vertex  2.670649e+01  2.500000e+01 -1.092732e+02
     vertex  3.417579e+01  2.500000e+01 -1.137102e+02
   endloop
 endfacet
 facet normal  1.264491e-16  1.000000e+00 -5.365645e-16
   outer loop
     vertex  2.019525e+01  2.500000e+01 -1.170049e+02
     vertex  3.417579e+01  2.500000e+01 -1.137102e+02
     vertex  3.076908e+01  2.500000e+01 -1.211342e+02
   endloop
 endfacet
 facet normal  1.078613e-15  1.000000e+00 -5.489296e-16
   outer loop
     vertex -1.707273e+01  2.500000e+01 -9.218879e+01
     vertex -1.701237e+01  2.500000e+01 -9.854227e+01
     vertex -2.297983e+01  2.500000e+01 -9.732381e+01
   endloop
 endfacet
 facet normal  1.570693e-15  1.000000e+00 -5.442549e-16
   outer loop
     vertex -1.707273e+01  2.500000e+01 -9.218879e+01
     vertex -1.271259e+01  2.500000e+01 -9.918864e+01
     vertex -1.701237e+01  2.500000e+01 -9.854227e+01
   endloop
 endfacet
 facet normal  1.020162e-15  1.000000e+00 -4.816897e-16
   outer loop
     vertex -1.707273e+01  2.500000e+01 -9.218879e+01
     vertex -2.297983e+01  2.500000e+01 -9.732381e+01
     vertex -2.066203e+01  2.500000e+01 -8.503946e+01
   endloop
 endfacet
 facet normal -1.137583e-15  1.000000e+00 -1.073409e-16
   outer loop
     vertex -3.314547e+01  2.500000e+01 -6.028175e+01
     vertex -2.401390e+01  2.500000e+01 -5.776435e+01
     vertex -3.245005e+01  2.500000e+01 -6.765170e+01
   endloop
 endfacet
 facet normal  2.049582e-15  1.000000e+00  1.933959e-16
   outer loop
     vertex -3.314547e+01  2.500000e+01 -6.028175e+01
     vertex -3.245005e+01  2.500000e+01 -6.765170e+01
     vertex -3.792480e+01  2.500000e+01 -6.474154e+01
   endloop
 endfacet
 facet normal  9.395661e-16  1.000000e+00 -5.032657e-16
   outer loop
     vertex -3.314547e+01  2.500000e+01 -6.028175e+01
     vertex -4.179578e+01  2.500000e+01 -6.231269e+01
     vertex -3.307800e+01  2.500000e+01 -5.309646e+01
   endloop
 endfacet
 facet normal -1.033543e-15  1.000000e+00 -4.847370e-16
   outer loop
     vertex -3.314547e+01  2.500000e+01 -6.028175e+01
     vertex -3.307800e+01  2.500000e+01 -5.309646e+01
     vertex -2.401390e+01  2.500000e+01 -5.776435e+01
   endloop
 endfacet
 facet normal  3.478323e-16  1.000000e+00  2.017073e-15
   outer loop
     vertex -3.314547e+01  2.500000e+01 -6.028175e+01
     vertex -3.792480e+01  2.500000e+01 -6.474154e+01
     vertex -4.179578e+01  2.500000e+01 -6.231269e+01
   endloop
 endfacet
 facet normal -5.525609e-16  1.000000e+00  1.872957e-16
   outer loop
     vertex -3.500149e+01  2.500000e+01 -1.003133e+02
     vertex -3.299683e+01  2.500000e+01 -9.439920e+01
     vertex -2.718884e+01  2.500000e+01 -9.623288e+01
   endloop
 endfacet
 facet normal  3.875503e-16  1.000000e+00 -1.313639e-16
   outer loop
     vertex -3.500149e+01  2.500000e+01 -1.003133e+02
     vertex -4.107153e+01  2.500000e+01 -9.117636e+01
     vertex -3.299683e+01  2.500000e+01 -9.439920e+01
   endloop
 endfacet
 facet normal -2.044944e-15  1.000000e+00  2.530387e-16
   outer loop
     vertex -4.425721e+01  2.500000e+01 -6.816472e+01
     vertex -4.499006e+01  2.500000e+01 -6.004708e+01
     vertex -4.179578e+01  2.500000e+01 -6.231269e+01
   endloop
 endfacet
 facet normal -1.027525e-15  1.000000e+00 -1.749008e-16
   outer loop
     vertex -4.425721e+01  2.500000e+01 -6.816472e+01
     vertex -4.179578e+01  2.500000e+01 -6.231269e+01
     vertex -3.792480e+01  2.500000e+01 -6.474154e+01
   endloop
 endfacet
 facet normal -8.025209e-16  1.000000e+00 -5.911276e-16
   outer loop
     vertex -4.425721e+01  2.500000e+01 -6.816472e+01
     vertex -3.792480e+01  2.500000e+01 -6.474154e+01
     vertex -4.257431e+01  2.500000e+01 -7.645951e+01
   endloop
 endfacet
 facet normal  0.000000e+00  1.000000e+00  0.000000e+00
   outer loop
     vertex -5.061434e+01  2.500000e+01 -7.892046e+01
     vertex -5.034938e+01  2.500000e+01 -8.639988e+01
     vertex -5.551581e+01  2.500000e+01 -8.317448e+01
   endloop
 endfacet
 facet normal  8.742765e-16  1.000000e+00  3.097125e-17
   outer loop
     vertex -5.061434e+01  2.500000e+01 -7.892046e+01
     vertex -4.257431e+01  2.500000e+01 -7.645951e+01
     vertex -5.034938e+01  2.500000e+01 -8.639988e+01
   endloop
 endfacet
 facet normal  9.555167e-16  1.000000e+00 -2.344445e-16
   outer loop
     vertex -5.061434e+01  2.500000e+01 -7.892046e+01
     vertex -4.425721e+01  2.500000e+01 -6.816472e+01
     vertex -4.257431e+01  2.500000e+01 -7.645951e+01
   endloop
 endfacet
 facet normal -1.104302e-15  1.000000e+00  1.272374e-15
   outer loop
     vertex -5.061434e+01  2.500000e+01 -7.892046e+01
     vertex -5.551581e+01  2.500000e+01 -8.317448e+01
     vertex -5.907895e+01  2.500000e+01 -8.068257e+01
   endloop
 endfacet
 facet normal  1.659696e-16  1.000000e+00  5.407706e-16
   outer loop
     vertex -3.890609e+01  2.500000e+01 -1.121798e+02
     vertex -3.353920e+01  2.500000e+01 -1.203967e+02
     vertex -3.977534e+01  2.500000e+01 -1.184827e+02
   endloop
 endfacet
 facet normal  1.517315e-15  1.000000e+00  3.544031e-16
   outer loop
     vertex -3.890609e+01  2.500000e+01 -1.121798e+02
     vertex -3.977534e+01  2.500000e+01 -1.184827e+02
     vertex -4.488825e+01  2.500000e+01 -1.166417e+02
   endloop
 endfacet
 facet normal  1.760518e-16  1.000000e+00  2.152665e-15
   outer loop
     vertex -3.890609e+01  2.500000e+01 -1.121798e+02
     vertex -4.488825e+01  2.500000e+01 -1.166417e+02
     vertex -4.991629e+01  2.500000e+01 -1.145801e+02
   endloop
 endfacet
 facet normal -1.225767e-15  1.000000e+00  1.479970e-16
   outer loop
     vertex -4.734354e+01  2.500000e+01 -9.511288e+01
     vertex -4.654594e+01  2.500000e+01 -8.850691e+01
     vertex -4.107153e+01  2.500000e+01 -9.117636e+01
   endloop
 endfacet
 facet normal  2.843875e-16  1.000000e+00  1.358078e-15
   outer loop
     vertex -4.734354e+01  2.500000e+01 -9.511288e+01
     vertex -3.500149e+01  2.500000e+01 -1.003133e+02
     vertex -4.336863e+01  2.500000e+01 -1.037932e+02
   endloop
 endfacet
 facet normal  1.751039e-15  1.000000e+00 -2.114176e-16
   outer loop
     vertex -4.734354e+01  2.500000e+01 -9.511288e+01
     vertex -5.034938e+01  2.500000e+01 -8.639988e+01
     vertex -4.654594e+01  2.500000e+01 -8.850691e+01
   endloop
 endfacet
 facet normal -6.272851e-16  1.000000e+00 -8.055565e-16
   outer loop
     vertex -4.734354e+01  2.500000e+01 -9.511288e+01
     vertex -4.107153e+01  2.500000e+01 -9.117636e+01
     vertex -3.500149e+01  2.500000e+01 -1.003133e+02
   endloop
 endfacet
 facet normal  5.286154e-16  1.000000e+00 -1.252013e-15
   outer loop
     vertex -5.051601e+01  2.500000e+01 -4.669735e+01
     vertex -5.835176e+01  2.500000e+01 -4.716810e+01
     vertex -4.978696e+01  2.500000e+01 -3.787674e+01
   endloop
 endfacet
 facet normal  6.782688e-16  1.000000e+00 -1.264383e-15
   outer loop
     vertex -5.051601e+01  2.500000e+01 -4.669735e+01
     vertex -4.978696e+01  2.500000e+01 -3.787674e+01
     vertex -4.297319e+01  2.500000e+01 -4.546090e+01
   endloop
 endfacet
 facet normal  6.348455e-16  1.000000e+00 -4.633351e-16
   outer loop
     vertex -5.051601e+01  2.500000e+01 -4.669735e+01
     vertex -5.100259e+01  2.500000e+01 -5.503175e+01
     vertex -5.425819e+01  2.500000e+01 -5.182476e+01
   endloop
 endfacet
 facet normal  4.741898e-16  1.000000e+00 -3.460822e-16
   outer loop
     vertex -5.051601e+01  2.500000e+01 -4.669735e+01
     vertex -5.425819e+01  2.500000e+01 -5.182476e+01
     vertex -5.835176e+01  2.500000e+01 -4.716810e+01
   endloop
 endfacet
 facet normal  5.461084e-16  1.000000e+00 -4.581544e-16
   outer loop
     vertex -5.051601e+01  2.500000e+01 -4.669735e+01
     vertex -4.297319e+01  2.500000e+01 -4.546090e+01
     vertex -5.100259e+01  2.500000e+01 -5.503175e+01
   endloop
 endfacet
 facet normal  3.686609e-16  1.000000e+00 -7.335545e-16
   outer loop
     vertex -5.692343e+01  2.500000e+01 -5.800737e+01
     vertex -5.425819e+01  2.500000e+01 -5.182476e+01
     vertex -5.100259e+01  2.500000e+01 -5.503175e+01
   endloop
 endfacet
 facet normal  4.030924e-16  1.000000e+00 -7.483974e-16
   outer loop
     vertex -5.692343e+01  2.500000e+01 -5.800737e+01
     vertex -6.559470e+01  2.500000e+01 -5.793068e+01
     vertex -5.425819e+01  2.500000e+01 -5.182476e+01
   endloop
 endfacet
 facet normal -5.264472e-16  1.000000e+00  1.047515e-15
   outer loop
     vertex -5.692343e+01  2.500000e+01 -5.800737e+01
     vertex -5.100259e+01  2.500000e+01 -5.503175e+01
     vertex -4.856214e+01  2.500000e+01 -5.719682e+01
   endloop
 endfacet
 facet normal  1.319585e-16  1.000000e+00  5.518503e-16
   outer loop
     vertex -3.577010e+01  2.500000e+01 -1.327389e+02
     vertex -3.353920e+01  2.500000e+01 -1.203967e+02
     vertex -2.455330e+01  2.500000e+01 -1.225454e+02
   endloop
 endfacet
 facet normal  9.744295e-16  1.000000e+00 -3.751956e-16
   outer loop
     vertex -3.577010e+01  2.500000e+01 -1.327389e+02
     vertex -2.455330e+01  2.500000e+01 -1.225454e+02
     vertex -2.572079e+01  2.500000e+01 -1.350465e+02
   endloop
 endfacet
 facet normal -8.557340e-16  1.000000e+00  7.303793e-16
   outer loop
     vertex -3.577010e+01  2.500000e+01 -1.327389e+02
     vertex -4.561818e+01  2.500000e+01 -1.296846e+02
     vertex -3.353920e+01  2.500000e+01 -1.203967e+02
   endloop
 endfacet
 facet normal  3.275732e-16  1.000000e+00  1.457638e-15
   outer loop
     vertex -5.178074e+01  2.500000e+01 -1.068492e+02
     vertex -3.890609e+01  2.500000e+01 -1.121798e+02
     vertex -4.991629e+01  2.500000e+01 -1.145801e+02
   endloop
 endfacet
 facet normal -1.468729e-15  1.000000e+00  5.552890e-16
   outer loop
     vertex -5.178074e+01  2.500000e+01 -1.068492e+02
     vertex -4.734354e+01  2.500000e+01 -9.511288e+01
     vertex -4.336863e+01  2.500000e+01 -1.037932e+02
   endloop
 endfacet
 facet normal  0.000000e+00  1.000000e+00  0.000000e+00
   outer loop
     vertex -5.178074e+01  2.500000e+01 -1.068492e+02
     vertex -5.484995e+01  2.500000e+01 -1.123019e+02
     vertex -6.063470e+01  2.500000e+01 -1.092871e+02
   endloop
 endfacet
 facet normal -8.038291e-16  1.000000e+00 -1.274957e-15
   outer loop
     vertex -5.178074e+01  2.500000e+01 -1.068492e+02
     vertex -4.336863e+01  2.500000e+01 -1.037932e+02
     vertex -3.890609e+01  2.500000e+01 -1.121798e+02
   endloop
 endfacet
 facet normal -1.714629e-15  1.000000e+00  9.651241e-16
   outer loop
     vertex -5.178074e+01  2.500000e+01 -1.068492e+02
     vertex -4.991629e+01  2.500000e+01 -1.145801e+02
     vertex -5.484995e+01  2.500000e+01 -1.123019e+02
   endloop
 endfacet
 facet normal -1.104580e-15  1.000000e+00 -7.198208e-17
   outer loop
     vertex -3.534202e+01  2.500000e+01 -1.393078e+02
     vertex -4.561818e+01  2.500000e+01 -1.296846e+02
     vertex -3.577010e+01  2.500000e+01 -1.327389e+02
   endloop
 endfacet
 facet normal -2.824203e-16  1.000000e+00  8.059587e-16
   outer loop
     vertex -3.534202e+01  2.500000e+01 -1.393078e+02
     vertex -4.554786e+01  2.500000e+01 -1.428841e+02
     vertex -4.561818e+01  2.500000e+01 -1.296846e+02
   endloop
 endfacet
 facet normal  1.590863e-16  1.000000e+00 -4.539935e-16
   outer loop
     vertex -3.534202e+01  2.500000e+01 -1.393078e+02
     vertex -3.296494e+01  2.500000e+01 -1.463003e+02
     vertex -4.554786e+01  2.500000e+01 -1.428841e+02
   endloop
 endfacet
 facet normal  1.158391e-15  1.000000e+00 -1.142833e-16
   outer loop
     vertex -3.534202e+01  2.500000e+01 -1.393078e+02
     vertex -2.572079e+01  2.500000e+01 -1.350465e+02
     vertex -3.296494e+01  2.500000e+01 -1.463003e+02
   endloop
 endfacet
 facet normal  1.076697e-15  1.000000e+00  7.016502e-17
   outer loop
     vertex -3.534202e+01  2.500000e+01 -1.393078e+02
     vertex -3.577010e+01  2.500000e+01 -1.327389e+02
     vertex -2.572079e+01  2.500000e+01 -1.350465e+02
   endloop
 endfacet
 facet normal  4.143163e-16  1.000000e+00  3.941162e-16
   outer loop
     vertex -6.673901e+01  2.500000e+01 -6.584949e+01
     vertex -7.032226e+01  2.500000e+01 -7.109698e+01
     vertex -7.452003e+01  2.500000e+01 -6.668405e+01
   endloop
 endfacet
 facet normal  3.893597e-16  1.000000e+00  4.111578e-16
   outer loop
     vertex -6.673901e+01  2.500000e+01 -6.584949e+01
     vertex -6.716518e+01  2.500000e+01 -7.408668e+01
     vertex -7.032226e+01  2.500000e+01 -7.109698e+01
   endloop
 endfacet
 facet normal  5.126520e-16  1.000000e+00 -5.227237e-16
   outer loop
     vertex -6.673901e+01  2.500000e+01 -6.584949e+01
     vertex -7.452003e+01  2.500000e+01 -6.668405e+01
     vertex -6.559470e+01  2.500000e+01 -5.793068e+01
   endloop
 endfacet
 facet normal  5.899106e-16  1.000000e+00 -2.846368e-15
   outer loop
     vertex -6.167310e+01  2.500000e+01 -3.047851e+01
     vertex -6.992914e+01  2.500000e+01 -2.719695e+01
     vertex -5.750754e+01  2.500000e+01 -2.462257e+01
   endloop
 endfacet
 facet normal  1.877844e-15  1.000000e+00 -1.613563e-15
   outer loop
     vertex -6.167310e+01  2.500000e+01 -3.047851e+01
     vertex -6.531832e+01  2.500000e+01 -3.692255e+01
     vertex -6.814375e+01  2.500000e+01 -3.140362e+01
   endloop
 endfacet
 facet normal  1.666759e-15  1.000000e+00 -1.371386e-16
   outer loop
     vertex -6.167310e+01  2.500000e+01 -3.047851e+01
     vertex -6.814375e+01  2.500000e+01 -3.140362e+01
     vertex -6.992914e+01  2.500000e+01 -2.719695e+01
   endloop
 endfacet
 facet normal  1.690504e-16  1.000000e+00 -6.469448e-16
   outer loop
     vertex -6.167310e+01  2.500000e+01 -3.047851e+01
     vertex -5.274419e+01  2.500000e+01 -3.363686e+01
     vertex -6.531832e+01  2.500000e+01 -3.692255e+01
   endloop
 endfacet
 facet normal -3.679257e-16  1.000000e+00 -2.165021e-15
   outer loop
     vertex -6.167310e+01  2.500000e+01 -3.047851e+01
     vertex -5.750754e+01  2.500000e+01 -2.462257e+01
     vertex -5.274419e+01  2.500000e+01 -3.363686e+01
   endloop
 endfacet
 facet normal  6.925703e-16  1.000000e+00 -9.391146e-16
   outer loop
     vertex -8.608922e+01  2.500000e+01 -6.226168e+01
     vertex -8.106341e+01  2.500000e+01 -5.855529e+01
     vertex -7.734836e+01  2.500000e+01 -6.338163e+01
   endloop
 endfacet
 facet normal -1.214425e-15  1.000000e+00  1.646741e-15
   outer loop
     vertex -8.608922e+01  2.500000e+01 -6.226168e+01
     vertex -8.584303e+01  2.500000e+01 -5.129302e+01
     vertex -8.106341e+01  2.500000e+01 -5.855529e+01
   endloop
 endfacet
 facet normal -9.934936e-16  1.000000e+00  1.571036e-15
   outer loop
     vertex -7.529517e+01  2.500000e+01 -3.059032e+01
     vertex -7.125290e+01  2.500000e+01 -2.351130e+01
     vertex -6.992914e+01  2.500000e+01 -2.719695e+01
   endloop
 endfacet
 facet normal  2.256096e-16  1.000000e+00 -2.384467e-15
   outer loop
     vertex -7.529517e+01  2.500000e+01 -3.059032e+01
     vertex -6.814375e+01  2.500000e+01 -3.140362e+01
     vertex -7.865919e+01  2.500000e+01 -3.835832e+01
   endloop
 endfacet
 facet normal  4.210619e-16  1.000000e+00 -6.658358e-16
   outer loop
     vertex -7.529517e+01  2.500000e+01 -3.059032e+01
     vertex -6.992914e+01  2.500000e+01 -2.719695e+01
     vertex -6.814375e+01  2.500000e+01 -3.140362e+01
   endloop
 endfacet
 facet normal -8.925599e-17  1.000000e+00  8.375811e-16
   outer loop
     vertex -8.666067e+01  2.500000e+01 -3.577957e+01
     vertex -9.311359e+01  2.500000e+01 -3.646722e+01
     vertex -9.461079e+01  2.500000e+01 -3.238513e+01
   endloop
 endfacet
 facet normal  1.536227e-15  1.000000e+00 -2.121760e-15
   outer loop
     vertex -8.666067e+01  2.500000e+01 -3.577957e+01
     vertex -7.865919e+01  2.500000e+01 -3.835832e+01
     vertex -9.072086e+01  2.500000e+01 -4.206811e+01
   endloop
 endfacet
 facet normal  1.301412e-15  1.000000e+00 -2.850356e-15
   outer loop
     vertex -8.666067e+01  2.500000e+01 -3.577957e+01
     vertex -7.529517e+01  2.500000e+01 -3.059032e+01
     vertex -7.865919e+01  2.500000e+01 -3.835832e+01
   endloop
 endfacet
 facet normal  1.293030e-16  1.000000e+00 -1.213384e-15
   outer loop
     vertex -8.666067e+01  2.500000e+01 -3.577957e+01
     vertex -9.072086e+01  2.500000e+01 -4.206811e+01
     vertex -9.311359e+01  2.500000e+01 -3.646722e+01
   endloop
 endfacet
 facet normal  3.654157e-16  1.000000e+00 -1.097240e-15
   outer loop
     vertex -9.607630e+01  2.500000e+01 -6.976629e+01
     vertex -9.637185e+01  2.500000e+01 -7.957831e+01
     vertex -1.003926e+02  2.500000e+01 -7.444163e+01
   endloop
 endfacet
 facet normal -4.657419e-16  1.000000e+00 -3.299048e-16
   outer loop
     vertex -9.607630e+01  2.500000e+01 -6.976629e+01
     vertex -1.003926e+02  2.500000e+01 -7.444163e+01
     vertex -1.035337e+02  2.500000e+01 -7.000721e+01
   endloop
 endfacet
 facet normal -5.159151e-16  1.000000e+00  1.223155e-15
   outer loop
     vertex -9.607630e+01  2.500000e+01 -6.976629e+01
     vertex -1.035337e+02  2.500000e+01 -7.000721e+01
     vertex -1.064791e+02  2.500000e+01 -6.544042e+01
   endloop
 endfacet
 facet normal  1.973952e-15  1.000000e+00 -1.762133e-15
   outer loop
     vertex -9.323814e+01  2.500000e+01 -5.093643e+01
     vertex -9.072086e+01  2.500000e+01 -4.206811e+01
     vertex -8.880640e+01  2.500000e+01 -4.597196e+01
   endloop
 endfacet
 facet normal  4.605875e-16  1.000000e+00 -4.111632e-16
   outer loop
     vertex -9.323814e+01  2.500000e+01 -5.093643e+01
     vertex -8.880640e+01  2.500000e+01 -4.597196e+01
     vertex -8.584303e+01  2.500000e+01 -5.129302e+01
   endloop
 endfacet
 facet normal  5.579006e-16  1.000000e+00  1.606961e-15
   outer loop
     vertex -9.323814e+01  2.500000e+01 -5.093643e+01
     vertex -8.584303e+01  2.500000e+01 -5.129302e+01
     vertex -8.608922e+01  2.500000e+01 -6.226168e+01
   endloop
 endfacet
 facet normal -1.078968e-15  1.000000e+00  5.737087e-16
   outer loop
     vertex -9.323814e+01  2.500000e+01 -5.093643e+01
     vertex -8.608922e+01  2.500000e+01 -6.226168e+01
     vertex -9.494144e+01  2.500000e+01 -6.033233e+01
   endloop
 endfacet
 facet normal -5.116390e-16  1.000000e+00  1.486353e-15
   outer loop
     vertex -6.814813e+01  2.500000e+01 -9.399077e+00
     vertex -7.331505e+01  2.500000e+01 -1.595810e+01
     vertex -7.415056e+01  2.500000e+01 -1.146526e+01
   endloop
 endfacet
 facet normal -3.719373e-16  1.000000e+00  1.376302e-15
   outer loop
     vertex -6.814813e+01  2.500000e+01 -9.399077e+00
     vertex -6.125461e+01  2.500000e+01 -1.269884e+01
     vertex -7.331505e+01  2.500000e+01 -1.595810e+01
   endloop
 endfacet
 facet normal -1.910855e-16  1.000000e+00  5.551187e-16
   outer loop
     vertex -6.814813e+01  2.500000e+01 -9.399077e+00
     vertex -7.415056e+01  2.500000e+01 -1.146526e+01
     vertex -7.484400e+01  2.500000e+01 -5.304044e+00
   endloop
 endfacet
 facet normal -7.382347e-16  1.000000e+00  6.110725e-16
   outer loop
     vertex -6.814813e+01  2.500000e+01 -9.399077e+00
     vertex -6.250384e+01  2.500000e+01 -2.580235e+00
     vertex -6.125461e+01  2.500000e+01 -1.269884e+01
   endloop
 endfacet
 facet normal -3.522585e-16  1.000000e+00  2.915814e-16
   outer loop
     vertex -6.814813e+01  2.500000e+01 -9.399077e+00
     vertex -7.484400e+01  2.500000e+01 -5.304044e+00
     vertex -6.250384e+01  2.500000e+01 -2.580235e+00
   endloop
 endfacet
 facet normal  0.000000e+00  1.000000e+00  0.000000e+00
   outer loop
     vertex -7.987323e+01  2.500000e+01 -1.501330e+01
     vertex -7.331505e+01  2.500000e+01 -1.595810e+01
     vertex -7.255206e+01  2.500000e+01 -1.912999e+01
   endloop
 endfacet
 facet normal  2.341098e-16  1.000000e+00  1.625035e-15
   outer loop
     vertex -7.987323e+01  2.500000e+01 -1.501330e+01
     vertex -7.415056e+01  2.500000e+01 -1.146526e+01
     vertex -7.331505e+01  2.500000e+01 -1.595810e+01
   endloop
 endfacet
 facet normal -3.970168e-17  1.000000e+00  2.066668e-15
   outer loop
     vertex -7.987323e+01  2.500000e+01 -1.501330e+01
     vertex -8.694130e+01  2.500000e+01 -9.991922e+00
     vertex -7.415056e+01  2.500000e+01 -1.146526e+01
   endloop
 endfacet
 facet normal  2.655550e-16  1.000000e+00 -2.243480e-16
   outer loop
     vertex -1.052567e+02  2.500000e+01 -8.843154e+01
     vertex -9.022975e+01  2.500000e+01 -8.648024e+01
     vertex -9.833284e+01  2.500000e+01 -9.607166e+01
   endloop
 endfacet
 facet normal  2.718493e-16  1.000000e+00 -2.728203e-16
   outer loop
     vertex -1.052567e+02  2.500000e+01 -8.843154e+01
     vertex -9.637185e+01  2.500000e+01 -7.957831e+01
     vertex -9.022975e+01  2.500000e+01 -8.648024e+01
   endloop
 endfacet
 facet normal  7.351249e-16  1.000000e+00 -7.377507e-16
   outer loop
     vertex -1.052567e+02  2.500000e+01 -8.843154e+01
     vertex -1.115885e+02  2.500000e+01 -8.029396e+01
     vertex -9.637185e+01  2.500000e+01 -7.957831e+01
   endloop
 endfacet
 facet normal  2.368692e-16  1.000000e+00 -4.907270e-16
   outer loop
     vertex -1.035882e+02  2.500000e+01 -5.803002e+01
     vertex -1.092231e+02  2.500000e+01 -6.074994e+01
     vertex -1.122440e+02  2.500000e+01 -5.496840e+01
   endloop
 endfacet
 facet normal -2.850970e-16  1.000000e+00  5.906417e-16
   outer loop
     vertex -1.035882e+02  2.500000e+01 -5.803002e+01
     vertex -1.064791e+02  2.500000e+01 -6.544042e+01
     vertex -1.092231e+02  2.500000e+01 -6.074994e+01
   endloop
 endfacet
 facet normal -2.959120e-16  1.000000e+00  4.317560e-16
   outer loop
     vertex -1.035882e+02  2.500000e+01 -5.803002e+01
     vertex -9.323814e+01  2.500000e+01 -5.093643e+01
     vertex -9.494144e+01  2.500000e+01 -6.033233e+01
   endloop
 endfacet
 facet normal -7.100084e-16  1.000000e+00  7.564040e-16
   outer loop
     vertex -1.035882e+02  2.500000e+01 -5.803002e+01
     vertex -9.607630e+01  2.500000e+01 -6.976629e+01
     vertex -1.064791e+02  2.500000e+01 -6.544042e+01
   endloop
 endfacet
 facet normal -1.066416e-16  1.000000e+00  1.142593e-15
   outer loop
     vertex -1.035882e+02  2.500000e+01 -5.803002e+01
     vertex -9.494144e+01  2.500000e+01 -6.033233e+01
     vertex -9.607630e+01  2.500000e+01 -6.976629e+01
   endloop
 endfacet
 facet normal  4.961320e-16  1.000000e+00 -6.683300e-16
   outer loop
     vertex -1.086601e+02  2.500000e+01 -9.406755e+01
     vertex -1.190754e+02  2.500000e+01 -9.116763e+01
     vertex -1.115885e+02  2.500000e+01 -8.029396e+01
   endloop
 endfacet
 facet normal  9.477417e-16  1.000000e+00 -5.723155e-16
   outer loop
     vertex -1.086601e+02  2.500000e+01 -9.406755e+01
     vertex -1.115885e+02  2.500000e+01 -8.029396e+01
     vertex -1.052567e+02  2.500000e+01 -8.843154e+01
   endloop
 endfacet
 facet normal  6.315188e-16  1.000000e+00 -1.820816e-16
   outer loop
     vertex -1.086601e+02  2.500000e+01 -9.406755e+01
     vertex -1.107067e+02  2.500000e+01 -1.011657e+02
     vertex -1.190754e+02  2.500000e+01 -9.116763e+01
   endloop
 endfacet
 facet normal  3.257836e-16  1.000000e+00 -9.393105e-17
   outer loop
     vertex -1.086601e+02  2.500000e+01 -9.406755e+01
     vertex -9.833284e+01  2.500000e+01 -9.607166e+01
     vertex -1.107067e+02  2.500000e+01 -1.011657e+02
   endloop
 endfacet
 facet normal  3.079267e-16  1.000000e+00 -1.859486e-16
   outer loop
     vertex -1.086601e+02  2.500000e+01 -9.406755e+01
     vertex -1.052567e+02  2.500000e+01 -8.843154e+01
     vertex -9.833284e+01  2.500000e+01 -9.607166e+01
   endloop
 endfacet
 facet normal  2.204550e-16  1.000000e+00  4.017359e-16
   outer loop
     vertex -9.240951e+01  2.500000e+01 -1.583462e+01
     vertex -9.926883e+01  2.500000e+01 -1.207053e+01
     vertex -8.694130e+01  2.500000e+01 -9.991922e+00
   endloop
 endfacet
 facet normal  7.068032e-16  1.000000e+00  1.288010e-15
   outer loop
     vertex -9.240951e+01  2.500000e+01 -1.583462e+01
     vertex -9.834989e+01  2.500000e+01 -1.809139e+01
     vertex -9.926883e+01  2.500000e+01 -1.207053e+01
   endloop
 endfacet
 facet normal  1.109103e-15  1.000000e+00  2.290558e-16
   outer loop
     vertex -9.240951e+01  2.500000e+01 -1.583462e+01
     vertex -9.747049e+01  2.500000e+01 -2.234951e+01
     vertex -9.834989e+01  2.500000e+01 -1.809139e+01
   endloop
 endfacet
 facet normal -2.042193e-15  1.000000e+00  1.305760e-15
   outer loop
     vertex -6.801988e+01  2.500000e+01  1.028628e+01
     vertex -6.125281e+01  2.500000e+01  1.270748e+01
     vertex -6.250348e+01  2.500000e+01  2.589058e+00
   endloop
 endfacet
 facet normal  9.917763e-16  1.000000e+00  3.480127e-15
   outer loop
     vertex -6.801988e+01  2.500000e+01  1.028628e+01
     vertex -6.250348e+01  2.500000e+01  2.589058e+00
     vertex -7.469648e+01  2.500000e+01  7.084712e+00
   endloop
 endfacet
 facet normal  1.660113e-15  1.000000e+00  2.086367e-15
   outer loop
     vertex -6.801988e+01  2.500000e+01  1.028628e+01
     vertex -7.469648e+01  2.500000e+01  7.084712e+00
     vertex -7.385653e+01  2.500000e+01  1.322766e+01
   endloop
 endfacet
 facet normal -1.621434e-15  1.000000e+00 -4.425295e-15
   outer loop
     vertex -6.801988e+01  2.500000e+01  1.028628e+01
     vertex -7.385653e+01  2.500000e+01  1.322766e+01
     vertex -7.291428e+01  2.500000e+01  1.769933e+01
   endloop
 endfacet
 facet normal -3.030969e-16  1.000000e+00 -3.554874e-15
   outer loop
     vertex -6.801988e+01  2.500000e+01  1.028628e+01
     vertex -7.291428e+01  2.500000e+01  1.769933e+01
     vertex -6.125281e+01  2.500000e+01  1.270748e+01
   endloop
 endfacet
 facet normal  1.568818e-17  1.000000e+00 -5.832200e-16
   outer loop
     vertex -1.062287e+02  2.500000e+01 -1.828036e+00
     vertex -9.998621e+01  2.500000e+01 -1.660119e+00
     vertex -9.969970e+01  2.500000e+01 -7.743962e+00
   endloop
 endfacet
 facet normal  4.401689e-17  1.000000e+00 -1.636362e-15
   outer loop
     vertex -1.062287e+02  2.500000e+01 -1.828036e+00
     vertex -9.975254e+01  2.500000e+01  7.030589e+00
     vertex -9.998621e+01  2.500000e+01 -1.660119e+00
   endloop
 endfacet
 facet normal -4.700227e-16  1.000000e+00  2.006809e-15
   outer loop
     vertex -7.925720e+01  2.500000e+01  1.798406e+01
     vertex -7.189149e+01  2.500000e+01  2.147955e+01
     vertex -7.291428e+01  2.500000e+01  1.769933e+01
   endloop
 endfacet
 facet normal -7.668393e-16  1.000000e+00 -4.605371e-15
   outer loop
     vertex -7.925720e+01  2.500000e+01  1.798406e+01
     vertex -7.291428e+01  2.500000e+01  1.769933e+01
     vertex -7.385653e+01  2.500000e+01  1.322766e+01
   endloop
 endfacet
 facet normal -9.370072e-17  1.000000e+00 -3.841055e-15
   outer loop
     vertex -7.925720e+01  2.500000e+01  1.798406e+01
     vertex -7.385653e+01  2.500000e+01  1.322766e+01
     vertex -8.646056e+01  2.500000e+01  1.353513e+01
   endloop
 endfacet
 facet normal -4.502778e-16  1.000000e+00 -1.404541e-15
   outer loop
     vertex -9.154883e+01  2.500000e+01  2.022526e+01
     vertex -8.646056e+01  2.500000e+01  1.353513e+01
     vertex -9.847679e+01  2.500000e+01  1.738738e+01
   endloop
 endfacet
 facet normal -1.231546e-15  1.000000e+00 -1.998746e-15
   outer loop
     vertex -9.154883e+01  2.500000e+01  2.022526e+01
     vertex -7.925720e+01  2.500000e+01  1.798406e+01
     vertex -8.646056e+01  2.500000e+01  1.353513e+01
   endloop
 endfacet
 facet normal  1.637332e-15  1.000000e+00 -4.310412e-16
   outer loop
     vertex -9.154883e+01  2.500000e+01  2.022526e+01
     vertex -9.723563e+01  2.500000e+01  2.335016e+01
     vertex -9.612872e+01  2.500000e+01  2.755482e+01
   endloop
 endfacet
 facet normal  2.128412e-16  1.000000e+00 -3.023378e-15
   outer loop
     vertex -9.154883e+01  2.500000e+01  2.022526e+01
     vertex -9.847679e+01  2.500000e+01  1.738738e+01
     vertex -9.723563e+01  2.500000e+01  2.335016e+01
   endloop
 endfacet
 facet normal -1.246137e-15  1.000000e+00 -1.917673e-15
   outer loop
     vertex -1.187131e+02  2.500000e+01 -2.276887e+00
     vertex -1.249682e+02  2.500000e+01  1.787751e+00
     vertex -1.247723e+02  2.500000e+01  7.218332e+00
   endloop
 endfacet
 facet normal -5.647846e-16  1.000000e+00 -3.125039e-17
   outer loop
     vertex -1.187131e+02  2.500000e+01 -2.276887e+00
     vertex -1.245674e+02  2.500000e+01 -1.015942e+01
     vertex -1.249277e+02  2.500000e+01 -3.646217e+00
   endloop
 endfacet
 facet normal -4.269126e-16  1.000000e+00 -6.569737e-16
   outer loop
     vertex -1.187131e+02  2.500000e+01 -2.276887e+00
     vertex -1.249277e+02  2.500000e+01 -3.646217e+00
     vertex -1.249682e+02  2.500000e+01  1.787751e+00
   endloop
 endfacet
 facet normal  7.309791e-16  1.000000e+00  1.540794e-15
   outer loop
     vertex -1.056146e+02  2.500000e+01  1.155062e+01
     vertex -9.847679e+01  2.500000e+01  1.738738e+01
     vertex -9.913951e+01  2.500000e+01  1.309024e+01
   endloop
 endfacet
 facet normal  6.958652e-16  1.000000e+00  1.688472e-15
   outer loop
     vertex -1.056146e+02  2.500000e+01  1.155062e+01
     vertex -9.913951e+01  2.500000e+01  1.309024e+01
     vertex -9.975254e+01  2.500000e+01  7.030589e+00
   endloop
 endfacet
 facet normal -1.178605e-15  1.000000e+00 -7.425601e-16
   outer loop
     vertex -1.056146e+02  2.500000e+01  1.155062e+01
     vertex -9.975254e+01  2.500000e+01  7.030589e+00
     vertex -1.062287e+02  2.500000e+01 -1.828036e+00
   endloop
 endfacet
 facet normal  8.302953e-16  1.000000e+00 -8.347589e-16
   outer loop
     vertex -1.056146e+02  2.500000e+01  1.155062e+01
     vertex -1.062287e+02  2.500000e+01 -1.828036e+00
     vertex -1.123863e+02  2.500000e+01  4.815180e+00
   endloop
 endfacet
 facet normal  4.983239e-16  1.000000e+00  1.206915e-15
   outer loop
     vertex -6.127075e+01  2.500000e+01  3.127947e+01
     vertex -6.442067e+01  2.500000e+01  3.846731e+01
     vertex -5.273947e+01  2.500000e+01  3.364426e+01
   endloop
 endfacet
 facet normal -7.229706e-16  1.000000e+00 -2.012586e-15
   outer loop
     vertex -6.127075e+01  2.500000e+01  3.127947e+01
     vertex -5.750408e+01  2.500000e+01  2.463065e+01
     vertex -6.926173e+01  2.500000e+01  2.885429e+01
   endloop
 endfacet
 facet normal -9.457353e-16  1.000000e+00 -1.278576e-15
   outer loop
     vertex -6.127075e+01  2.500000e+01  3.127947e+01
     vertex -6.926173e+01  2.500000e+01  2.885429e+01
     vertex -6.737669e+01  2.500000e+01  3.301726e+01
   endloop
 endfacet
 facet normal -3.433232e-16  1.000000e+00  8.380799e-16
   outer loop
     vertex -6.127075e+01  2.500000e+01  3.127947e+01
     vertex -6.737669e+01  2.500000e+01  3.301726e+01
     vertex -6.442067e+01  2.500000e+01  3.846731e+01
   endloop
 endfacet
 facet normal  1.103864e-15  1.000000e+00 -9.776548e-16
   outer loop
     vertex -6.127075e+01  2.500000e+01  3.127947e+01
     vertex -5.273947e+01  2.500000e+01  3.364426e+01
     vertex -5.750408e+01  2.500000e+01  2.463065e+01
   endloop
 endfacet
 facet normal -1.149181e-15  1.000000e+00 -1.718162e-15
   outer loop
     vertex -7.410098e+01  2.500000e+01  3.337927e+01
     vertex -7.702669e+01  2.500000e+01  4.153934e+01
     vertex -6.737669e+01  2.500000e+01  3.301726e+01
   endloop
 endfacet
 facet normal  8.005595e-16  1.000000e+00  8.561591e-16
   outer loop
     vertex -7.410098e+01  2.500000e+01  3.337927e+01
     vertex -6.926173e+01  2.500000e+01  2.885429e+01
     vertex -7.045053e+01  2.500000e+01  2.581629e+01
   endloop
 endfacet
 facet normal -1.121236e-15  1.000000e+00 -1.199107e-15
   outer loop
     vertex -7.410098e+01  2.500000e+01  3.337927e+01
     vertex -6.737669e+01  2.500000e+01  3.301726e+01
     vertex -6.926173e+01  2.500000e+01  2.885429e+01
   endloop
 endfacet
 facet normal  2.972106e-16  1.000000e+00  1.080240e-15
   outer loop
     vertex -1.369185e+02  2.500000e+01 -1.234670e+01
     vertex -1.234765e+02  2.500000e+01 -1.933387e+01
     vertex -1.356080e+02  2.500000e+01 -2.257371e+01
   endloop
 endfacet
 facet normal -6.716287e-17  1.000000e+00  3.792540e-16
   outer loop
     vertex -1.369185e+02  2.500000e+01 -1.234670e+01
     vertex -1.245674e+02  2.500000e+01 -1.015942e+01
     vertex -1.234765e+02  2.500000e+01 -1.933387e+01
   endloop
 endfacet
 facet normal  6.054172e-17  1.000000e+00 -3.418658e-16
   outer loop
     vertex -1.369185e+02  2.500000e+01 -1.234670e+01
     vertex -1.374587e+02  2.500000e+01 -2.050247e+00
     vertex -1.245674e+02  2.500000e+01 -1.015942e+01
   endloop
 endfacet
 facet normal  4.305515e-16  1.000000e+00  2.690262e-15
   outer loop
     vertex -1.181624e+02  2.500000e+01  1.164649e+01
     vertex -1.243406e+02  2.500000e+01  1.263526e+01
     vertex -1.235120e+02  2.500000e+01  1.910556e+01
   endloop
 endfacet
 facet normal -1.036415e-16  1.000000e+00 -6.475941e-16
   outer loop
     vertex -1.181624e+02  2.500000e+01  1.164649e+01
     vertex -1.247723e+02  2.500000e+01  7.218332e+00
     vertex -1.243406e+02  2.500000e+01  1.263526e+01
   endloop
 endfacet
 facet normal -5.655763e-16  1.000000e+00 -9.982760e-16
   outer loop
     vertex -1.181624e+02  2.500000e+01  1.164649e+01
     vertex -1.123863e+02  2.500000e+01  4.815180e+00
     vertex -1.187131e+02  2.500000e+01 -2.276887e+00
   endloop
 endfacet
 facet normal  1.502580e-16  1.000000e+00 -1.026590e-15
   outer loop
     vertex -1.181624e+02  2.500000e+01  1.164649e+01
     vertex -1.187131e+02  2.500000e+01 -2.276887e+00
     vertex -1.247723e+02  2.500000e+01  7.218332e+00
   endloop
 endfacet
 facet normal  2.809772e-16  1.000000e+00 -2.824877e-16
   outer loop
     vertex -1.181624e+02  2.500000e+01  1.164649e+01
     vertex -1.056146e+02  2.500000e+01  1.155062e+01
     vertex -1.123863e+02  2.500000e+01  4.815180e+00
   endloop
 endfacet
 facet normal  1.194274e-16  1.000000e+00  1.057459e-15
   outer loop
     vertex -1.429333e+02  2.500000e+01 -1.502707e+01
     vertex -1.369185e+02  2.500000e+01 -1.234670e+01
     vertex -1.356080e+02  2.500000e+01 -2.257371e+01
   endloop
 endfacet
 facet normal  7.274163e-16  1.000000e+00 -3.068745e-16
   outer loop
     vertex -1.429333e+02  2.500000e+01 -1.502707e+01
     vertex -1.374587e+02  2.500000e+01 -2.050247e+00
     vertex -1.369185e+02  2.500000e+01 -1.234670e+01
   endloop
 endfacet
 facet normal -4.362291e-17  1.000000e+00  8.167947e-16
   outer loop
     vertex -1.429333e+02  2.500000e+01 -1.502707e+01
     vertex -1.486710e+02  2.500000e+01 -1.968309e+01
     vertex -1.498187e+02  2.500000e+01 -6.695647e+00
   endloop
 endfacet
 facet normal -8.102601e-17  1.000000e+00  8.628872e-16
   outer loop
     vertex -1.429333e+02  2.500000e+01 -1.502707e+01
     vertex -1.356080e+02  2.500000e+01 -2.257371e+01
     vertex -1.486710e+02  2.500000e+01 -1.968309e+01
   endloop
 endfacet
 facet normal -6.831996e-16  1.000000e+00  2.882208e-16
   outer loop
     vertex -1.429333e+02  2.500000e+01 -1.502707e+01
     vertex -1.498187e+02  2.500000e+01 -6.695647e+00
     vertex -1.374587e+02  2.500000e+01 -2.050247e+00
   endloop
 endfacet
 facet normal -5.203733e-16  1.000000e+00  2.232663e-16
   outer loop
     vertex -8.485510e+01  2.500000e+01  3.987311e+01
     vertex -9.273390e+01  2.500000e+01  3.742221e+01
     vertex -9.101956e+01  2.500000e+01  4.141787e+01
   endloop
 endfacet
 facet normal -6.258462e-16  1.000000e+00 -1.323979e-15
   outer loop
     vertex -8.485510e+01  2.500000e+01  3.987311e+01
     vertex -8.832931e+01  2.500000e+01  4.688209e+01
     vertex -7.702669e+01  2.500000e+01  4.153934e+01
   endloop
 endfacet
 facet normal -9.481307e-16  1.000000e+00 -1.483729e-15
   outer loop
     vertex -8.485510e+01  2.500000e+01  3.987311e+01
     vertex -9.101956e+01  2.500000e+01  4.141787e+01
     vertex -8.832931e+01  2.500000e+01  4.688209e+01
   endloop
 endfacet
 facet normal  1.227042e-16  1.000000e+00  7.520584e-16
   outer loop
     vertex -4.990336e+01  2.500000e+01  4.735151e+01
     vertex -4.978167e+01  2.500000e+01  3.788368e+01
     vertex -5.721222e+01  2.500000e+01  4.854401e+01
   endloop
 endfacet
 facet normal -5.626521e-15  1.000000e+00 -1.857809e-15
   outer loop
     vertex -4.990336e+01  2.500000e+01  4.735151e+01
     vertex -4.967796e+01  2.500000e+01  5.623041e+01
     vertex -4.296685e+01  2.500000e+01  4.546687e+01
   endloop
 endfacet
 facet normal -4.935088e-15  1.000000e+00  6.870474e-16
   outer loop
     vertex -4.990336e+01  2.500000e+01  4.735151e+01
     vertex -4.296685e+01  2.500000e+01  4.546687e+01
     vertex -4.978167e+01  2.500000e+01  3.788368e+01
   endloop
 endfacet
 facet normal -3.316330e-16  1.000000e+00 -2.032590e-15
   outer loop
     vertex -4.990336e+01  2.500000e+01  4.735151e+01
     vertex -5.721222e+01  2.500000e+01  4.854401e+01
     vertex -5.300899e+01  2.500000e+01  5.310184e+01
   endloop
 endfacet
 facet normal -2.602574e-16  1.000000e+00 -1.994042e-15
   outer loop
     vertex -4.990336e+01  2.500000e+01  4.735151e+01
     vertex -5.300899e+01  2.500000e+01  5.310184e+01
     vertex -4.967796e+01  2.500000e+01  5.623041e+01
   endloop
 endfacet
 facet normal  0.000000e+00  1.000000e+00  0.000000e+00
   outer loop
     vertex -8.818081e+01  2.500000e+01  5.926226e+01
     vertex -8.296291e+01  2.500000e+01  5.583148e+01
     vertex -8.620793e+01  2.500000e+01  5.067734e+01
   endloop
 endfacet
 facet normal -8.993604e-16  1.000000e+00 -1.367841e-15
   outer loop
     vertex -8.818081e+01  2.500000e+01  5.926226e+01
     vertex -7.780016e+01  2.500000e+01  6.282621e+01
     vertex -8.296291e+01  2.500000e+01  5.583148e+01
   endloop
 endfacet
 facet normal -5.341235e-15  1.000000e+00 -5.373110e-15
   outer loop
     vertex -5.471897e+01  2.500000e+01  6.009130e+01
     vertex -5.300899e+01  2.500000e+01  5.310184e+01
     vertex -6.317380e+01  2.500000e+01  6.056154e+01
   endloop
 endfacet
 facet normal  1.371066e-15  1.000000e+00 -3.730935e-15
   outer loop
     vertex -5.471897e+01  2.500000e+01  6.009130e+01
     vertex -4.967796e+01  2.500000e+01  5.623041e+01
     vertex -5.300899e+01  2.500000e+01  5.310184e+01
   endloop
 endfacet
 facet normal  3.499160e-14  1.000000e+00  4.016613e-14
   outer loop
     vertex -5.471897e+01  2.500000e+01  6.009130e+01
     vertex -4.667650e+01  2.500000e+01  5.874575e+01
     vertex -4.967796e+01  2.500000e+01  5.623041e+01
   endloop
 endfacet
 facet normal -6.053902e-14  1.000000e+00 -7.226507e-14
   outer loop
     vertex -5.556059e+01  2.500000e+01  6.761398e+01
     vertex -4.301359e+01  2.500000e+01  6.147835e+01
     vertex -4.667650e+01  2.500000e+01  5.874575e+01
   endloop
 endfacet
 facet normal -4.148877e-15  1.000000e+00  1.606518e-14
   outer loop
     vertex -5.556059e+01  2.500000e+01  6.761398e+01
     vertex -5.471897e+01  2.500000e+01  6.009130e+01
     vertex -6.317380e+01  2.500000e+01  6.056154e+01
   endloop
 endfacet
 facet normal  3.162907e-14  1.000000e+00  2.006793e-14
   outer loop
     vertex -5.556059e+01  2.500000e+01  6.761398e+01
     vertex -4.667650e+01  2.500000e+01  5.874575e+01
     vertex -5.471897e+01  2.500000e+01  6.009130e+01
   endloop
 endfacet
 facet normal -5.251220e-14  1.000000e+00 -5.585070e-14
   outer loop
     vertex -5.556059e+01  2.500000e+01  6.761398e+01
     vertex -4.716603e+01  2.500000e+01  7.371560e+01
     vertex -4.301359e+01  2.500000e+01  6.147835e+01
   endloop
 endfacet
 facet normal -5.957273e-15  1.000000e+00 -4.901340e-15
   outer loop
     vertex -6.352197e+01  2.500000e+01  6.895802e+01
     vertex -6.317380e+01  2.500000e+01  6.056154e+01
     vertex -7.082961e+01  2.500000e+01  7.059155e+01
   endloop
 endfacet
 facet normal -5.620245e-15  1.000000e+00 -3.393632e-15
   outer loop
     vertex -6.352197e+01  2.500000e+01  6.895802e+01
     vertex -7.082961e+01  2.500000e+01  7.059155e+01
     vertex -6.640078e+01  2.500000e+01  7.477254e+01
   endloop
 endfacet
 facet normal  1.448795e-14  1.000000e+00 -4.053547e-15
   outer loop
     vertex -6.352197e+01  2.500000e+01  6.895802e+01
     vertex -5.556059e+01  2.500000e+01  6.761398e+01
     vertex -6.317380e+01  2.500000e+01  6.056154e+01
   endloop
 endfacet
 facet normal  2.602770e-14  1.000000e+00  1.227550e-14
   outer loop
     vertex -6.352197e+01  2.500000e+01  6.895802e+01
     vertex -6.640078e+01  2.500000e+01  7.477254e+01
     vertex -6.308782e+01  2.500000e+01  7.758818e+01
   endloop
 endfacet
 facet normal -5.101807e-16  1.000000e+00 -1.235745e-15
   outer loop
     vertex -9.868131e+01  2.500000e+01  6.603022e+01
     vertex -1.045639e+02  2.500000e+01  6.845888e+01
     vertex -1.014893e+02  2.500000e+01  7.293942e+01
   endloop
 endfacet
 facet normal  4.211931e-16  1.000000e+00  1.020202e-15
   outer loop
     vertex -9.868131e+01  2.500000e+01  6.603022e+01
     vertex -1.079934e+02  2.500000e+01  6.291001e+01
     vertex -1.045639e+02  2.500000e+01  6.845888e+01
   endloop
 endfacet
 facet normal  1.815091e-16  1.000000e+00 -9.546318e-16
   outer loop
     vertex -9.868131e+01  2.500000e+01  6.603022e+01
     vertex -1.014893e+02  2.500000e+01  7.293942e+01
     vertex -9.822281e+01  2.500000e+01  7.728206e+01
   endloop
 endfacet
 facet normal  5.724031e-16  1.000000e+00 -1.108379e-15
   outer loop
     vertex -8.002478e+01  2.500000e+01  6.988495e+01
     vertex -8.818081e+01  2.500000e+01  5.926226e+01
     vertex -8.943355e+01  2.500000e+01  6.823128e+01
   endloop
 endfacet
 facet normal  1.762323e-15  1.000000e+00  1.562024e-15
   outer loop
     vertex -8.002478e+01  2.500000e+01  6.988495e+01
     vertex -7.383115e+01  2.500000e+01  6.744597e+01
     vertex -7.780016e+01  2.500000e+01  6.282621e+01
   endloop
 endfacet
 facet normal -1.547167e-15  1.000000e+00  5.190132e-16
   outer loop
     vertex -8.002478e+01  2.500000e+01  6.988495e+01
     vertex -7.780016e+01  2.500000e+01  6.282621e+01
     vertex -8.818081e+01  2.500000e+01  5.926226e+01
   endloop
 endfacet
 facet normal  1.873156e-16  1.000000e+00 -2.437599e-15
   outer loop
     vertex -8.002478e+01  2.500000e+01  6.988495e+01
     vertex -7.082961e+01  2.500000e+01  7.059155e+01
     vertex -7.383115e+01  2.500000e+01  6.744597e+01
   endloop
 endfacet
 facet normal -1.181146e-12  1.000000e+00 -9.828110e-13
   outer loop
     vertex -2.973829e+01  2.500000e+01  6.203332e+01
     vertex -3.621452e+01  2.500000e+01  6.571362e+01
     vertex -3.049836e+01  2.500000e+01  6.855340e+01
   endloop
 endfacet
 facet normal -3.358827e-13  1.000000e+00  9.108056e-13
   outer loop
     vertex -2.973829e+01  2.500000e+01  6.203332e+01
     vertex -2.626947e+01  2.500000e+01  7.028296e+01
     vertex -2.386511e+01  2.500000e+01  5.782558e+01
   endloop
 endfacet
 facet normal  3.006572e-12  1.000000e+00 -4.946380e-13
   outer loop
     vertex -2.973829e+01  2.500000e+01  6.203332e+01
     vertex -3.049836e+01  2.500000e+01  6.855340e+01
     vertex -2.626947e+01  2.500000e+01  7.028296e+01
   endloop
 endfacet
 facet normal -8.886610e-13  1.000000e+00  1.392341e-13
   outer loop
     vertex -2.973829e+01  2.500000e+01  6.203332e+01
     vertex -2.386511e+01  2.500000e+01  5.782558e+01
     vertex -3.300653e+01  2.500000e+01  5.314090e+01
   endloop
 endfacet
 facet normal -6.031450e-13  1.000000e+00  3.429831e-14
   outer loop
     vertex -2.973829e+01  2.500000e+01  6.203332e+01
     vertex -3.300653e+01  2.500000e+01  5.314090e+01
     vertex -3.621452e+01  2.500000e+01  6.571362e+01
   endloop
 endfacet
 facet normal -7.264717e-16  1.000000e+00 -1.175526e-15
   outer loop
     vertex -1.193794e+02  2.500000e+01  6.817388e+01
     vertex -1.123456e+02  2.500000e+01  5.476036e+01
     vertex -1.241530e+02  2.500000e+01  5.903506e+01
   endloop
 endfacet
 facet normal -7.302164e-17  1.000000e+00 -8.328728e-16
   outer loop
     vertex -1.193794e+02  2.500000e+01  6.817388e+01
     vertex -1.079934e+02  2.500000e+01  6.291001e+01
     vertex -1.123456e+02  2.500000e+01  5.476036e+01
   endloop
 endfacet
 facet normal  6.794530e-16  1.000000e+00  7.947608e-16
   outer loop
     vertex -1.193794e+02  2.500000e+01  6.817388e+01
     vertex -1.139342e+02  2.500000e+01  7.692923e+01
     vertex -1.079934e+02  2.500000e+01  6.291001e+01
   endloop
 endfacet
 facet normal -1.022473e-13  1.000000e+00  1.257448e-14
   outer loop
     vertex -5.491238e+01  2.500000e+01  7.599265e+01
     vertex -4.716603e+01  2.500000e+01  7.371560e+01
     vertex -5.556059e+01  2.500000e+01  6.761398e+01
   endloop
 endfacet
 facet normal  7.789487e-15  1.000000e+00  1.319300e-14
   outer loop
     vertex -5.491238e+01  2.500000e+01  7.599265e+01
     vertex -6.352197e+01  2.500000e+01  6.895802e+01
     vertex -6.308782e+01  2.500000e+01  7.758818e+01
   endloop
 endfacet
 facet normal  1.575393e-14  1.000000e+00  3.445419e-15
   outer loop
     vertex -5.491238e+01  2.500000e+01  7.599265e+01
     vertex -5.556059e+01  2.500000e+01  6.761398e+01
     vertex -6.352197e+01  2.500000e+01  6.895802e+01
   endloop
 endfacet
 facet normal -1.039535e-13  1.000000e+00  6.770188e-15
   outer loop
     vertex -5.491238e+01  2.500000e+01  7.599265e+01
     vertex -5.055126e+01  2.500000e+01  8.628192e+01
     vertex -4.716603e+01  2.500000e+01  7.371560e+01
   endloop
 endfacet
 facet normal -3.410548e-14  1.000000e+00 -2.283496e-14
   outer loop
     vertex -5.491238e+01  2.500000e+01  7.599265e+01
     vertex -5.824742e+01  2.500000e+01  8.128491e+01
     vertex -5.055126e+01  2.500000e+01  8.628192e+01
   endloop
 endfacet
 facet normal  5.647215e-15  1.000000e+00  2.216117e-15
   outer loop
     vertex -5.491238e+01  2.500000e+01  7.599265e+01
     vertex -6.308782e+01  2.500000e+01  7.758818e+01
     vertex -5.824742e+01  2.500000e+01  8.128491e+01
   endloop
 endfacet
 facet normal -1.734105e-17  1.000000e+00 -9.465289e-16
   outer loop
     vertex -9.026620e+01  2.500000e+01  7.713629e+01
     vertex -9.868131e+01  2.500000e+01  6.603022e+01
     vertex -9.822281e+01  2.500000e+01  7.728206e+01
   endloop
 endfacet
 facet normal  0.000000e+00  1.000000e+00  0.000000e+00
   outer loop
     vertex -9.026620e+01  2.500000e+01  7.713629e+01
     vertex -9.822281e+01  2.500000e+01  7.728206e+01
     vertex -9.477066e+01  2.500000e+01  8.147861e+01
   endloop
 endfacet
 facet normal  1.134523e-15  1.000000e+00  1.176883e-15
   outer loop
     vertex -9.026620e+01  2.500000e+01  7.713629e+01
     vertex -9.477066e+01  2.500000e+01  8.147861e+01
     vertex -9.039042e+01  2.500000e+01  8.631228e+01
   endloop
 endfacet
 facet normal -1.127420e-15  1.000000e+00 -1.054179e-16
   outer loop
     vertex -9.026620e+01  2.500000e+01  7.713629e+01
     vertex -8.943355e+01  2.500000e+01  6.823128e+01
     vertex -9.868131e+01  2.500000e+01  6.603022e+01
   endloop
 endfacet
 facet normal  3.714909e-16  1.000000e+00  3.473576e-17
   outer loop
     vertex -9.026620e+01  2.500000e+01  7.713629e+01
     vertex -8.002478e+01  2.500000e+01  6.988495e+01
     vertex -8.943355e+01  2.500000e+01  6.823128e+01
   endloop
 endfacet
 facet normal -7.698426e-16  1.000000e+00 -1.152871e-15
   outer loop
     vertex -1.258480e+02  2.500000e+01  6.941180e+01
     vertex -1.193794e+02  2.500000e+01  6.817388e+01
     vertex -1.241530e+02  2.500000e+01  5.903506e+01
   endloop
 endfacet
 facet normal -1.437234e-15  1.000000e+00 -1.182464e-16
   outer loop
     vertex -1.258480e+02  2.500000e+01  6.941180e+01
     vertex -1.332192e+02  2.500000e+01  6.887027e+01
     vertex -1.267341e+02  2.500000e+01  8.018078e+01
   endloop
 endfacet
 facet normal -2.826191e-16  1.000000e+00  1.393097e-15
   outer loop
     vertex -1.258480e+02  2.500000e+01  6.941180e+01
     vertex -1.139342e+02  2.500000e+01  7.692923e+01
     vertex -1.193794e+02  2.500000e+01  6.817388e+01
   endloop
 endfacet
 facet normal -1.354212e-15  1.000000e+00 -1.248327e-15
   outer loop
     vertex -1.258480e+02  2.500000e+01  6.941180e+01
     vertex -1.241530e+02  2.500000e+01  5.903506e+01
     vertex -1.332192e+02  2.500000e+01  6.887027e+01
   endloop
 endfacet
 facet normal  5.669674e-16  1.000000e+00  4.664644e-17
   outer loop
     vertex -1.258480e+02  2.500000e+01  6.941180e+01
     vertex -1.267341e+02  2.500000e+01  8.018078e+01
     vertex -1.139342e+02  2.500000e+01  7.692923e+01
   endloop
 endfacet
 facet normal  1.915454e-14  1.000000e+00  2.036267e-14
   outer loop
     vertex -6.466088e+01  2.500000e+01  8.430207e+01
     vertex -6.308782e+01  2.500000e+01  7.758818e+01
     vertex -6.640078e+01  2.500000e+01  7.477254e+01
   endloop
 endfacet
 facet normal -4.058078e-15  1.000000e+00  1.492396e-14
   outer loop
     vertex -6.466088e+01  2.500000e+01  8.430207e+01
     vertex -5.824742e+01  2.500000e+01  8.128491e+01
     vertex -6.308782e+01  2.500000e+01  7.758818e+01
   endloop
 endfacet
 facet normal  8.741433e-12  1.000000e+00  6.617122e-13
   outer loop
     vertex -2.350577e+01  2.500000e+01  7.779920e+01
     vertex -2.261761e+01  2.500000e+01  7.154264e+01
     vertex -2.626947e+01  2.500000e+01  7.028296e+01
   endloop
 endfacet
 facet normal -2.833358e-11  1.000000e+00 -4.601341e-12
   outer loop
     vertex -2.350577e+01  2.500000e+01  7.779920e+01
     vertex -1.865303e+01  2.500000e+01  7.267434e+01
     vertex -2.261761e+01  2.500000e+01  7.154264e+01
   endloop
 endfacet
 facet normal -2.996707e-11  1.000000e+00 -6.148090e-12
   outer loop
     vertex -2.350577e+01  2.500000e+01  7.779920e+01
     vertex -1.992205e+01  2.500000e+01  8.521451e+01
     vertex -1.865303e+01  2.500000e+01  7.267434e+01
   endloop
 endfacet
 facet normal  7.079435e-15  1.000000e+00 -6.109954e-14
   outer loop
     vertex -5.331990e+01  2.500000e+01  9.189592e+01
     vertex -6.466088e+01  2.500000e+01  8.430207e+01
     vertex -6.190277e+01  2.500000e+01  9.392506e+01
   endloop
 endfacet
 facet normal -2.046830e-14  1.000000e+00 -1.995859e-14
   outer loop
     vertex -5.331990e+01  2.500000e+01  9.189592e+01
     vertex -5.824742e+01  2.500000e+01  8.128491e+01
     vertex -6.466088e+01  2.500000e+01  8.430207e+01
   endloop
 endfacet
 facet normal -4.266597e-14  1.000000e+00 -9.650481e-15
   outer loop
     vertex -5.331990e+01  2.500000e+01  9.189592e+01
     vertex -5.055126e+01  2.500000e+01  8.628192e+01
     vertex -5.824742e+01  2.500000e+01  8.128491e+01
   endloop
 endfacet
 facet normal  4.307391e-13  1.000000e+00  2.238170e-13
   outer loop
     vertex -5.331990e+01  2.500000e+01  9.189592e+01
     vertex -4.520489e+01  2.500000e+01  8.919931e+01
     vertex -5.055126e+01  2.500000e+01  8.628192e+01
   endloop
 endfacet
 facet normal  2.290481e-14  1.000000e+00  1.845242e-14
   outer loop
     vertex -7.060139e+01  2.500000e+01  9.546430e+01
     vertex -7.965637e+01  2.500000e+01  9.630734e+01
     vertex -7.452304e+01  2.500000e+01  1.003322e+02
   endloop
 endfacet
 facet normal -4.912878e-14  1.000000e+00 -3.957880e-14
   outer loop
     vertex -7.060139e+01  2.500000e+01  9.546430e+01
     vertex -7.452304e+01  2.500000e+01  1.003322e+02
     vertex -6.959057e+01  2.500000e+01  1.038142e+02
   endloop
 endfacet
 facet normal -8.622264e-12  1.000000e+00  2.552248e-15
   outer loop
     vertex -2.887664e+01  2.500000e+01  8.261242e+01
     vertex -3.065663e+01  2.500000e+01  9.518499e+01
     vertex -2.539443e+01  2.500000e+01  9.672185e+01
   endloop
 endfacet
 facet normal  1.232672e-12  1.000000e+00  1.530178e-12
   outer loop
     vertex -2.887664e+01  2.500000e+01  8.261242e+01
     vertex -3.049836e+01  2.500000e+01  6.855340e+01
     vertex -3.749655e+01  2.500000e+01  7.907363e+01
   endloop
 endfacet
 facet normal -1.063021e-11  1.000000e+00 -1.549333e-11
   outer loop
     vertex -2.887664e+01  2.500000e+01  8.261242e+01
     vertex -1.992205e+01  2.500000e+01  8.521451e+01
     vertex -2.350577e+01  2.500000e+01  7.779920e+01
   endloop
 endfacet
 facet normal  2.225276e-12  1.000000e+00  1.415680e-12
   outer loop
     vertex -2.887664e+01  2.500000e+01  8.261242e+01
     vertex -2.626947e+01  2.500000e+01  7.028296e+01
     vertex -3.049836e+01  2.500000e+01  6.855340e+01
   endloop
 endfacet
 facet normal -1.563612e-11  1.000000e+00  1.733570e-12
   outer loop
     vertex -2.887664e+01  2.500000e+01  8.261242e+01
     vertex -2.539443e+01  2.500000e+01  9.672185e+01
     vertex -1.992205e+01  2.500000e+01  8.521451e+01
   endloop
 endfacet
 facet normal  5.060440e-12  1.000000e+00  2.015200e-12
   outer loop
     vertex -2.887664e+01  2.500000e+01  8.261242e+01
     vertex -2.350577e+01  2.500000e+01  7.779920e+01
     vertex -2.626947e+01  2.500000e+01  7.028296e+01
   endloop
 endfacet
 facet normal -6.254272e-13  1.000000e+00  5.145346e-13
   outer loop
     vertex -3.451276e+01  2.500000e+01  8.717282e+01
     vertex -4.084235e+01  2.500000e+01  9.127924e+01
     vertex -3.520972e+01  2.500000e+01  9.359632e+01
   endloop
 endfacet
 facet normal  7.690844e-12  1.000000e+00  1.416857e-12
   outer loop
     vertex -3.451276e+01  2.500000e+01  8.717282e+01
     vertex -3.520972e+01  2.500000e+01  9.359632e+01
     vertex -3.065663e+01  2.500000e+01  9.518499e+01
   endloop
 endfacet
 facet normal  6.253493e-12  1.000000e+00  2.108630e-12
   outer loop
     vertex -3.451276e+01  2.500000e+01  8.717282e+01
     vertex -3.065663e+01  2.500000e+01  9.518499e+01
     vertex -2.887664e+01  2.500000e+01  8.261242e+01
   endloop
 endfacet
 facet normal -1.394117e-12  1.000000e+00 -6.703172e-13
   outer loop
     vertex -3.451276e+01  2.500000e+01  8.717282e+01
     vertex -3.749655e+01  2.500000e+01  7.907363e+01
     vertex -4.084235e+01  2.500000e+01  9.127924e+01
   endloop
 endfacet
 facet normal  2.765116e-12  1.000000e+00 -2.202599e-12
   outer loop
     vertex -3.451276e+01  2.500000e+01  8.717282e+01
     vertex -2.887664e+01  2.500000e+01  8.261242e+01
     vertex -3.749655e+01  2.500000e+01  7.907363e+01
   endloop
 endfacet
 facet normal  1.954274e-14  1.000000e+00 -2.011716e-13
   outer loop
     vertex -5.843235e+01  2.500000e+01  1.033618e+02
     vertex -6.959057e+01  2.500000e+01  1.038142e+02
     vertex -6.475427e+01  2.500000e+01  1.068977e+02
   endloop
 endfacet
 facet normal  2.264635e-13  1.000000e+00  1.687782e-13
   outer loop
     vertex -5.843235e+01  2.500000e+01  1.033618e+02
     vertex -6.475427e+01  2.500000e+01  1.068977e+02
     vertex -6.004657e+01  2.500000e+01  1.096113e+02
   endloop
 endfacet
 facet normal  2.572790e-14  1.000000e+00 -4.864070e-14
   outer loop
     vertex -5.843235e+01  2.500000e+01  1.033618e+02
     vertex -7.060139e+01  2.500000e+01  9.546430e+01
     vertex -6.959057e+01  2.500000e+01  1.038142e+02
   endloop
 endfacet
 facet normal -5.388186e-14  1.000000e+00  7.402838e-14
   outer loop
     vertex -5.843235e+01  2.500000e+01  1.033618e+02
     vertex -6.190277e+01  2.500000e+01  9.392506e+01
     vertex -7.060139e+01  2.500000e+01  9.546430e+01
   endloop
 endfacet
 facet normal -4.456713e-10  1.000000e+00  1.667320e-12
   outer loop
     vertex -7.468476e+00  2.500000e+01  8.092682e+01
     vertex -3.988577e+00  2.500000e+01  7.490089e+01
     vertex -8.806957e+00  2.500000e+01  7.451705e+01
   endloop
 endfacet
 facet normal  8.644406e-12  1.000000e+00 -9.320240e-11
   outer loop
     vertex -7.468476e+00  2.500000e+01  8.092682e+01
     vertex -8.806957e+00  2.500000e+01  7.451705e+01
     vertex -1.165019e+01  2.500000e+01  7.412721e+01
   endloop
 endfacet
 facet normal -5.302582e-10  1.000000e+00 -4.718065e-11
   outer loop
     vertex -5.818853e+00  2.500000e+01  8.105517e+01
     vertex -3.988577e+00  2.500000e+01  7.490089e+01
     vertex -7.468476e+00  2.500000e+01  8.092682e+01
   endloop
 endfacet
 facet normal -2.302929e-10  1.000000e+00  4.202880e-11
   outer loop
     vertex -5.818853e+00  2.500000e+01  8.105517e+01
     vertex -1.970271e+00  2.500000e+01  8.747590e+01
     vertex -3.988577e+00  2.500000e+01  7.490089e+01
   endloop
 endfacet
 facet normal -5.522127e-10  1.000000e+00  2.349872e-10
   outer loop
     vertex -5.818853e+00  2.500000e+01  8.105517e+01
     vertex -7.468476e+00  2.500000e+01  8.092682e+01
     vertex -1.970271e+00  2.500000e+01  8.747590e+01
   endloop
 endfacet
 facet normal -1.647514e-10  1.000000e+00  1.343493e-11
   outer loop
     vertex -1.134043e+01  2.500000e+01  8.677892e+01
     vertex -7.468476e+00  2.500000e+01  8.092682e+01
     vertex -1.165019e+01  2.500000e+01  7.412721e+01
   endloop
 endfacet
 facet normal  6.958608e-11  1.000000e+00  2.649065e-11
   outer loop
     vertex -1.134043e+01  2.500000e+01  8.677892e+01
     vertex -1.524768e+01  2.500000e+01  7.346418e+01
     vertex -1.992205e+01  2.500000e+01  8.521451e+01
   endloop
 endfacet
 facet normal -2.338548e-10  1.000000e+00 -3.228626e-11
   outer loop
     vertex -1.134043e+01  2.500000e+01  8.677892e+01
     vertex -1.970271e+00  2.500000e+01  8.747590e+01
     vertex -7.468476e+00  2.500000e+01  8.092682e+01
   endloop
 endfacet
 facet normal -2.368423e-10  1.000000e+00  7.877894e-12
   outer loop
     vertex -1.134043e+01  2.500000e+01  8.677892e+01
     vertex -8.704089e+00  2.500000e+01  9.962047e+01
     vertex -1.970271e+00  2.500000e+01  8.747590e+01
   endloop
 endfacet
 facet normal  1.394572e-10  1.000000e+00  5.986777e-12
   outer loop
     vertex -1.134043e+01  2.500000e+01  8.677892e+01
     vertex -1.165019e+01  2.500000e+01  7.412721e+01
     vertex -1.524768e+01  2.500000e+01  7.346418e+01
   endloop
 endfacet
 facet normal  1.756130e-11  1.000000e+00 -1.298742e-11
   outer loop
     vertex -1.477967e+01  2.500000e+01  9.258508e+01
     vertex -2.539443e+01  2.500000e+01  9.672185e+01
     vertex -1.629059e+01  2.500000e+01  9.866432e+01
   endloop
 endfacet
 facet normal -1.382917e-11  1.000000e+00 -2.078912e-11
   outer loop
     vertex -1.477967e+01  2.500000e+01  9.258508e+01
     vertex -1.629059e+01  2.500000e+01  9.866432e+01
     vertex -8.704089e+00  2.500000e+01  9.962047e+01
   endloop
 endfacet
 facet normal  1.217370e-11  1.000000e+00 -4.324454e-11
   outer loop
     vertex -1.477967e+01  2.500000e+01  9.258508e+01
     vertex -8.704089e+00  2.500000e+01  9.962047e+01
     vertex -1.134043e+01  2.500000e+01  8.677892e+01
   endloop
 endfacet
 facet normal  3.215574e-11  1.000000e+00  2.446125e-11
   outer loop
     vertex -1.477967e+01  2.500000e+01  9.258508e+01
     vertex -1.992205e+01  2.500000e+01  8.521451e+01
     vertex -2.539443e+01  2.500000e+01  9.672185e+01
   endloop
 endfacet
 facet normal  7.546435e-11  1.000000e+00 -5.754770e-12
   outer loop
     vertex -1.477967e+01  2.500000e+01  9.258508e+01
     vertex -1.134043e+01  2.500000e+01  8.677892e+01
     vertex -1.992205e+01  2.500000e+01  8.521451e+01
   endloop
 endfacet
 facet normal  1.441559e-11  1.000000e+00  1.755784e-12
   outer loop
     vertex -2.652859e+01  2.500000e+01  1.028791e+02
     vertex -1.629059e+01  2.500000e+01  9.866432e+01
     vertex -2.539443e+01  2.500000e+01  9.672185e+01
   endloop
 endfacet
 facet normal -7.932089e-12  1.000000e+00 -2.360603e-12
   outer loop
     vertex -2.652859e+01  2.500000e+01  1.028791e+02
     vertex -2.539443e+01  2.500000e+01  9.672185e+01
     vertex -3.065663e+01  2.500000e+01  9.518499e+01
   endloop
 endfacet
 facet normal -2.207641e-11  1.000000e+00  4.464757e-11
   outer loop
     vertex -1.483657e+01  2.500000e+01  1.052027e+02
     vertex -8.704089e+00  2.500000e+01  9.962047e+01
     vertex -1.629059e+01  2.500000e+01  9.866432e+01
   endloop
 endfacet
 facet normal  2.753181e-11  1.000000e+00  3.361567e-11
   outer loop
     vertex -1.483657e+01  2.500000e+01  1.052027e+02
     vertex -1.629059e+01  2.500000e+01  9.866432e+01
     vertex -2.652859e+01  2.500000e+01  1.028791e+02
   endloop
 endfacet
 facet normal  4.268464e-11  1.000000e+00 -4.263225e-11
   outer loop
     vertex -1.483657e+01  2.500000e+01  1.052027e+02
     vertex -2.652859e+01  2.500000e+01  1.028791e+02
     vertex -2.162734e+01  2.500000e+01  1.103916e+02
   endloop
 endfacet
 facet normal  2.485875e-13  1.000000e+00  4.323005e-12
   outer loop
     vertex -3.010757e+01  2.500000e+01  1.148543e+02
     vertex -3.925620e+01  2.500000e+01  1.186553e+02
     vertex -3.309215e+01  2.500000e+01  1.205198e+02
   endloop
 endfacet
 facet normal  4.163315e-12  1.000000e+00 -1.516955e-11
   outer loop
     vertex -3.010757e+01  2.500000e+01  1.148543e+02
     vertex -2.779316e+01  2.500000e+01  1.218530e+02
     vertex -2.209046e+01  2.500000e+01  1.230143e+02
   endloop
 endfacet
 facet normal -2.097364e-11  1.000000e+00 -6.856917e-12
   outer loop
     vertex -3.010757e+01  2.500000e+01  1.148543e+02
     vertex -3.309215e+01  2.500000e+01  1.205198e+02
     vertex -2.779316e+01  2.500000e+01  1.218530e+02
   endloop
 endfacet
 facet normal -1.426576e-11  1.000000e+00  2.936797e-12
   outer loop
     vertex -3.010757e+01  2.500000e+01  1.148543e+02
     vertex -2.209046e+01  2.500000e+01  1.230143e+02
     vertex -2.162734e+01  2.500000e+01  1.103916e+02
   endloop
 endfacet
 facet normal -1.836845e-10  1.000000e+00 -9.845399e-11
   outer loop
     vertex -1.354596e+01  2.500000e+01  1.179566e+02
     vertex -1.619274e+01  2.500000e+01  1.239236e+02
     vertex -4.853824e+00  2.500000e+01  1.249000e+02
   endloop
 endfacet
 facet normal  8.298558e-11  1.000000e+00  1.983359e-11
   outer loop
     vertex -1.354596e+01  2.500000e+01  1.179566e+02
     vertex -2.209046e+01  2.500000e+01  1.230143e+02
     vertex -1.619274e+01  2.500000e+01  1.239236e+02
   endloop
 endfacet
 facet normal  7.492081e-11  1.000000e+00  6.208947e-12
   outer loop
     vertex -1.354596e+01  2.500000e+01  1.179566e+02
     vertex -2.162734e+01  2.500000e+01  1.103916e+02
     vertex -2.209046e+01  2.500000e+01  1.230143e+02
   endloop
 endfacet
 facet normal  7.771988e-11  1.000000e+00  3.218821e-12
   outer loop
     vertex -1.354596e+01  2.500000e+01  1.179566e+02
     vertex -1.483657e+01  2.500000e+01  1.052027e+02
     vertex -2.162734e+01  2.500000e+01  1.103916e+02
   endloop
 endfacet
 facet normal  1.200606e-09  1.000000e+00  5.442124e-11
   outer loop
     vertex -1.680503e+00  2.500000e+01  1.187319e+02
     vertex -3.026306e+00  2.500000e+01  1.374635e+02
     vertex -2.180969e+00  2.500000e+01  1.499524e+02
   endloop
 endfacet
 facet normal -8.604648e-11  1.000000e+00 -2.562806e-11
   outer loop
     vertex -1.680503e+00  2.500000e+01  1.187319e+02
     vertex -8.704089e+00  2.500000e+01  9.962047e+01
     vertex -1.483657e+01  2.500000e+01  1.052027e+02
   endloop
 endfacet
 facet normal  1.698476e-10  1.000000e+00 -1.963542e-11
   outer loop
     vertex -1.680503e+00  2.500000e+01  1.187319e+02
     vertex -4.853824e+00  2.500000e+01  1.249000e+02
     vertex -3.026306e+00  2.500000e+01  1.374635e+02
   endloop
 endfacet
 facet normal  1.273049e-09  1.000000e+00  5.558251e-11
   outer loop
     vertex -1.680503e+00  2.500000e+01  1.187319e+02
     vertex -2.180969e+00  2.500000e+01  1.499524e+02
     vertex  2.180969e+00  2.500000e+01  5.004759e+01
   endloop
 endfacet
 facet normal  5.354852e-10  1.000000e+00  1.411625e-11
   outer loop
     vertex -1.680503e+00  2.500000e+01  1.187319e+02
     vertex  2.180969e+00  2.500000e+01  5.004759e+01
     vertex -1.970271e+00  2.500000e+01  8.747590e+01
   endloop
 endfacet
 facet normal -1.253354e-10  1.000000e+00 -1.714989e-10
   outer loop
     vertex -1.680503e+00  2.500000e+01  1.187319e+02
     vertex -1.354596e+01  2.500000e+01  1.179566e+02
     vertex -4.853824e+00  2.500000e+01  1.249000e+02
   endloop
 endfacet
 facet normal -2.130754e-10  1.000000e+00  2.105599e-11
   outer loop
     vertex -1.680503e+00  2.500000e+01  1.187319e+02
     vertex -1.970271e+00  2.500000e+01  8.747590e+01
     vertex -8.704089e+00  2.500000e+01  9.962047e+01
   endloop
 endfacet
 facet normal -1.381786e-10  1.000000e+00  2.506635e-11
   outer loop
     vertex -1.680503e+00  2.500000e+01  1.187319e+02
     vertex -1.483657e+01  2.500000e+01  1.052027e+02
     vertex -1.354596e+01  2.500000e+01  1.179566e+02
   endloop
 endfacet
 facet normal -2.215728e-12  1.000000e+00 -6.716886e-12
   outer loop
     vertex  1.053364e+02  2.500000e+01 -2.941683e+01
     vertex  9.646382e+01  2.500000e+01 -2.635776e+01
     vertex  9.762410e+01  2.500000e+01 -2.166867e+01
   endloop
 endfacet
 facet normal -8.269661e-13  1.000000e+00  5.330551e-13
   outer loop
     vertex  1.053364e+02  2.500000e+01 -2.941683e+01
     vertex  1.041170e+02  2.500000e+01 -4.258545e+01
     vertex  1.005929e+02  2.500000e+01 -3.418985e+01
   endloop
 endfacet
 facet normal  3.960346e-16  1.000000e+00 -2.891944e-13
   outer loop
     vertex  1.053364e+02  2.500000e+01 -2.941683e+01
     vertex  1.005929e+02  2.500000e+01 -3.418985e+01
     vertex  9.646382e+01  2.500000e+01 -2.635776e+01
   endloop
 endfacet
 facet normal  8.314546e-13  1.000000e+00  3.794859e-13
   outer loop
     vertex  1.053364e+02  2.500000e+01 -2.941683e+01
     vertex  1.124948e+02  2.500000e+01 -3.798577e+01
     vertex  1.041170e+02  2.500000e+01 -4.258545e+01
   endloop
 endfacet
 facet normal -6.755880e-14  1.000000e+00 -1.698768e-13
   outer loop
     vertex  8.078679e+01  2.500000e+01 -4.108730e+01
     vertex  7.417725e+01  2.500000e+01 -3.320945e+01
     vertex  8.212906e+01  2.500000e+01 -3.022327e+01
   endloop
 endfacet
 facet normal -2.335803e-13  1.000000e+00 -1.493646e-13
   outer loop
     vertex  8.078679e+01  2.500000e+01 -4.108730e+01
     vertex  8.212906e+01  2.500000e+01 -3.022327e+01
     vertex  8.582520e+01  2.500000e+01 -3.773972e+01
   endloop
 endfacet
 facet normal  6.634982e-14  1.000000e+00  1.155292e-13
   outer loop
     vertex  8.078679e+01  2.500000e+01 -4.108730e+01
     vertex  8.890521e+01  2.500000e+01 -4.578056e+01
     vertex  8.683115e+01  2.500000e+01 -4.960192e+01
   endloop
 endfacet
 facet normal -3.396165e-14  1.000000e+00 -1.416887e-13
   outer loop
     vertex  8.078679e+01  2.500000e+01 -4.108730e+01
     vertex  6.625122e+01  2.500000e+01 -3.522121e+01
     vertex  7.417725e+01  2.500000e+01 -3.320945e+01
   endloop
 endfacet
 facet normal -1.550841e-13  1.000000e+00 -2.675082e-13
   outer loop
     vertex  8.078679e+01  2.500000e+01 -4.108730e+01
     vertex  8.582520e+01  2.500000e+01 -3.773972e+01
     vertex  8.890521e+01  2.500000e+01 -4.578056e+01
   endloop
 endfacet
 facet normal  5.792219e-14  1.000000e+00  8.598973e-14
   outer loop
     vertex  8.078679e+01  2.500000e+01 -4.108730e+01
     vertex  6.398416e+01  2.500000e+01 -3.918909e+01
     vertex  6.625122e+01  2.500000e+01 -3.522121e+01
   endloop
 endfacet
 facet normal  1.976915e-12  1.000000e+00 -8.313346e-14
   outer loop
     vertex  1.179211e+02  2.500000e+01 -3.072389e+01
     vertex  1.228697e+02  2.500000e+01 -2.287507e+01
     vertex  1.206888e+02  2.500000e+01 -3.247228e+01
   endloop
 endfacet
 facet normal -1.023560e-13  1.000000e+00 -2.295290e-12
   outer loop
     vertex  1.179211e+02  2.500000e+01 -3.072389e+01
     vertex  1.187364e+02  2.500000e+01 -3.901171e+01
     vertex  1.124948e+02  2.500000e+01 -3.798577e+01
   endloop
 endfacet
 facet normal  6.246354e-13  1.000000e+00 -2.223780e-12
   outer loop
     vertex  1.179211e+02  2.500000e+01 -3.072389e+01
     vertex  1.206888e+02  2.500000e+01 -3.247228e+01
     vertex  1.187364e+02  2.500000e+01 -3.901171e+01
   endloop
 endfacet
 facet normal  5.070652e-14  1.000000e+00  2.211793e-14
   outer loop
     vertex  7.382091e+01  2.500000e+01 -5.258468e+01
     vertex  6.398416e+01  2.500000e+01 -3.918909e+01
     vertex  8.078679e+01  2.500000e+01 -4.108730e+01
   endloop
 endfacet
 facet normal -2.227368e-14  1.000000e+00 -2.831826e-14
   outer loop
     vertex  7.382091e+01  2.500000e+01 -5.258468e+01
     vertex  8.365044e+01  2.500000e+01 -5.479599e+01
     vertex  8.118946e+01  2.500000e+01 -5.838040e+01
   endloop
 endfacet
 facet normal  1.008379e-15  1.000000e+00  5.639702e-15
   outer loop
     vertex  7.382091e+01  2.500000e+01 -5.258468e+01
     vertex  6.502351e+01  2.500000e+01 -5.857107e+01
     vertex  6.435637e+01  2.500000e+01 -4.963252e+01
   endloop
 endfacet
 facet normal  4.903272e-15  1.000000e+00 -8.409984e-17
   outer loop
     vertex  7.382091e+01  2.500000e+01 -5.258468e+01
     vertex  7.298895e+01  2.500000e+01 -5.884610e+01
     vertex  6.502351e+01  2.500000e+01 -5.857107e+01
   endloop
 endfacet
 facet normal -4.944889e-15  1.000000e+00 -1.344634e-14
   outer loop
     vertex  7.382091e+01  2.500000e+01 -5.258468e+01
     vertex  6.435637e+01  2.500000e+01 -4.963252e+01
     vertex  6.276106e+01  2.500000e+01 -4.111942e+01
   endloop
 endfacet
 facet normal -1.184832e-14  1.000000e+00  6.001790e-14
   outer loop
     vertex  7.382091e+01  2.500000e+01 -5.258468e+01
     vertex  8.078679e+01  2.500000e+01 -4.108730e+01
     vertex  8.683115e+01  2.500000e+01 -4.960192e+01
   endloop
 endfacet
 facet normal -2.796623e-14  1.000000e+00 -3.565365e-14
   outer loop
     vertex  7.382091e+01  2.500000e+01 -5.258468e+01
     vertex  6.276106e+01  2.500000e+01 -4.111942e+01
     vertex  6.398416e+01  2.500000e+01 -3.918909e+01
   endloop
 endfacet
 facet normal  4.040574e-16  1.000000e+00  5.137098e-16
   outer loop
     vertex  7.382091e+01  2.500000e+01 -5.258468e+01
     vertex  8.118946e+01  2.500000e+01 -5.838040e+01
     vertex  7.298895e+01  2.500000e+01 -5.884610e+01
   endloop
 endfacet
 facet normal -7.080005e-15  1.000000e+00  3.921933e-14
   outer loop
     vertex  7.382091e+01  2.500000e+01 -5.258468e+01
     vertex  8.683115e+01  2.500000e+01 -4.960192e+01
     vertex  8.365044e+01  2.500000e+01 -5.479599e+01
   endloop
 endfacet
 facet normal -9.411339e-15  1.000000e+00 -1.910194e-14
   outer loop
     vertex  9.045438e+01  2.500000e+01 -5.573039e+01
     vertex  8.454103e+01  2.500000e+01 -6.434814e+01
     vertex  8.365044e+01  2.500000e+01 -5.479599e+01
   endloop
 endfacet
 facet normal  2.901926e-14  1.000000e+00  5.425779e-14
   outer loop
     vertex  9.045438e+01  2.500000e+01 -5.573039e+01
     vertex  8.683115e+01  2.500000e+01 -4.960192e+01
     vertex  9.549239e+01  2.500000e+01 -4.657333e+01
   endloop
 endfacet
 facet normal -1.842425e-15  1.000000e+00  3.601198e-14
   outer loop
     vertex  9.045438e+01  2.500000e+01 -5.573039e+01
     vertex  8.365044e+01  2.500000e+01 -5.479599e+01
     vertex  8.683115e+01  2.500000e+01 -4.960192e+01
   endloop
 endfacet
 facet normal -2.546843e-13  1.000000e+00 -1.734775e-13
   outer loop
     vertex  1.015187e+02  2.500000e+01 -5.531827e+01
     vertex  9.549239e+01  2.500000e+01 -4.657333e+01
     vertex  1.041170e+02  2.500000e+01 -4.258545e+01
   endloop
 endfacet
 facet normal -2.904563e-14  1.000000e+00 -5.677341e-14
   outer loop
     vertex  1.015187e+02  2.500000e+01 -5.531827e+01
     vertex  1.072084e+02  2.500000e+01 -5.103279e+01
     vertex  1.096755e+02  2.500000e+01 -5.992935e+01
   endloop
 endfacet
 facet normal  5.502477e-14  1.000000e+00  3.995013e-14
   outer loop
     vertex  1.015187e+02  2.500000e+01 -5.531827e+01
     vertex  9.045438e+01  2.500000e+01 -5.573039e+01
     vertex  9.549239e+01  2.500000e+01 -4.657333e+01
   endloop
 endfacet
 facet normal  5.538915e-14  1.000000e+00  9.258702e-14
   outer loop
     vertex  1.015187e+02  2.500000e+01 -5.531827e+01
     vertex  1.096755e+02  2.500000e+01 -5.992935e+01
     vertex  1.069667e+02  2.500000e+01 -6.464020e+01
   endloop
 endfacet
 facet normal  1.157980e-13  1.000000e+00 -2.490780e-13
   outer loop
     vertex  1.015187e+02  2.500000e+01 -5.531827e+01
     vertex  1.041170e+02  2.500000e+01 -4.258545e+01
     vertex  1.072084e+02  2.500000e+01 -5.103279e+01
   endloop
 endfacet
 facet normal -1.260882e-14  1.000000e+00 -1.690788e-14
   outer loop
     vertex  9.559235e+01  2.500000e+01 -6.502513e+01
     vertex  8.454103e+01  2.500000e+01 -6.434814e+01
     vertex  9.045438e+01  2.500000e+01 -5.573039e+01
   endloop
 endfacet
 facet normal -1.662690e-14  1.000000e+00 -2.348193e-14
   outer loop
     vertex  9.559235e+01  2.500000e+01 -6.502513e+01
     vertex  1.049486e+02  2.500000e+01 -6.786766e+01
     vertex  1.018993e+02  2.500000e+01 -7.236553e+01
   endloop
 endfacet
 facet normal  5.573540e-14  1.000000e+00  2.087164e-14
   outer loop
     vertex  9.559235e+01  2.500000e+01 -6.502513e+01
     vertex  9.045438e+01  2.500000e+01 -5.573039e+01
     vertex  1.015187e+02  2.500000e+01 -5.531827e+01
   endloop
 endfacet
 facet normal -4.448555e-15  1.000000e+00  5.761606e-14
   outer loop
     vertex  9.559235e+01  2.500000e+01 -6.502513e+01
     vertex  1.015187e+02  2.500000e+01 -5.531827e+01
     vertex  1.069667e+02  2.500000e+01 -6.464020e+01
   endloop
 endfacet
 facet normal -3.199735e-15  1.000000e+00  2.071396e-14
   outer loop
     vertex  9.559235e+01  2.500000e+01 -6.502513e+01
     vertex  1.069667e+02  2.500000e+01 -6.464020e+01
     vertex  1.049486e+02  2.500000e+01 -6.786766e+01
   endloop
 endfacet
 facet normal -4.969821e-15  1.000000e+00 -7.370065e-15
   outer loop
     vertex  9.459105e+01  2.500000e+01 -6.647329e+01
     vertex  1.018993e+02  2.500000e+01 -7.236553e+01
     vertex  9.311470e+01  2.500000e+01 -7.367254e+01
   endloop
 endfacet
 facet normal -1.355379e-14  1.000000e+00 -3.233384e-14
   outer loop
     vertex  9.459105e+01  2.500000e+01 -6.647329e+01
     vertex  8.454103e+01  2.500000e+01 -6.434814e+01
     vertex  9.559235e+01  2.500000e+01 -6.502513e+01
   endloop
 endfacet
 facet normal  6.430170e-15  1.000000e+00 -9.707875e-15
   outer loop
     vertex  9.459105e+01  2.500000e+01 -6.647329e+01
     vertex  9.311470e+01  2.500000e+01 -7.367254e+01
     vertex  8.449704e+01  2.500000e+01 -7.425711e+01
   endloop
 endfacet
 facet normal -2.096518e-14  1.000000e+00 -2.720944e-14
   outer loop
     vertex  9.459105e+01  2.500000e+01 -6.647329e+01
     vertex  9.559235e+01  2.500000e+01 -6.502513e+01
     vertex  1.018993e+02  2.500000e+01 -7.236553e+01
   endloop
 endfacet
 facet normal -5.498359e-15  1.000000e+00  5.760971e-15
   outer loop
     vertex  9.459105e+01  2.500000e+01 -6.647329e+01
     vertex  8.449704e+01  2.500000e+01 -7.425711e+01
     vertex  8.454103e+01  2.500000e+01 -6.434814e+01
   endloop
 endfacet
 facet normal -0.000000e+00  1.000000e+00  0.000000e+00
   outer loop
     vertex  7.416340e+01  2.500000e+01 -8.457930e+01
     vertex  8.384255e+01  2.500000e+01 -8.407389e+01
     vertex  8.226329e+01  2.500000e+01 -9.409032e+01
   endloop
 endfacet
 facet normal  6.946827e-16  1.000000e+00  4.465760e-16
   outer loop
     vertex  7.416340e+01  2.500000e+01 -8.457930e+01
     vertex  6.404717e+01  2.500000e+01 -7.679818e+01
     vertex  6.732493e+01  2.500000e+01 -7.394154e+01
   endloop
 endfacet
 facet normal -8.763754e-16  1.000000e+00 -5.633770e-16
   outer loop
     vertex  7.416340e+01  2.500000e+01 -8.457930e+01
     vertex  6.732493e+01  2.500000e+01 -7.394154e+01
     vertex  7.577405e+01  2.500000e+01 -7.447258e+01
   endloop
 endfacet
 facet normal  3.114218e-16  1.000000e+00  2.652167e-16
   outer loop
     vertex  7.416340e+01  2.500000e+01 -8.457930e+01
     vertex  8.226329e+01  2.500000e+01 -9.409032e+01
     vertex  7.147186e+01  2.500000e+01 -9.481436e+01
   endloop
 endfacet
 facet normal  3.661580e-17  1.000000e+00 -4.089772e-16
   outer loop
     vertex  7.416340e+01  2.500000e+01 -8.457930e+01
     vertex  6.295613e+01  2.500000e+01 -8.558268e+01
     vertex  6.404717e+01  2.500000e+01 -7.679818e+01
   endloop
 endfacet
 facet normal -3.182633e-17  1.000000e+00  3.554816e-16
   outer loop
     vertex  7.416340e+01  2.500000e+01 -8.457930e+01
     vertex  7.147186e+01  2.500000e+01 -9.481436e+01
     vertex  6.295613e+01  2.500000e+01 -8.558268e+01
   endloop
 endfacet
 facet normal  3.701766e-17  1.000000e+00 -7.089393e-16
   outer loop
     vertex  7.416340e+01  2.500000e+01 -8.457930e+01
     vertex  7.577405e+01  2.500000e+01 -7.447258e+01
     vertex  8.384255e+01  2.500000e+01 -8.407389e+01
   endloop
 endfacet
 facet normal -2.192177e-15  1.000000e+00 -8.902281e-16
   outer loop
     vertex  4.275986e+01  2.500000e+01 -7.991413e+01
     vertex  3.418889e+01  2.500000e+01 -6.678980e+01
     vertex  4.184234e+01  2.500000e+01 -6.967317e+01
   endloop
 endfacet
 facet normal  7.023027e-16  1.000000e+00 -6.309030e-16
   outer loop
     vertex  4.275986e+01  2.500000e+01 -7.991413e+01
     vertex  4.184234e+01  2.500000e+01 -6.967317e+01
     vertex  5.007450e+01  2.500000e+01 -7.177167e+01
   endloop
 endfacet
 facet normal  1.117965e-15  1.000000e+00  1.271491e-15
   outer loop
     vertex  4.275986e+01  2.500000e+01 -7.991413e+01
     vertex  3.005947e+01  2.500000e+01 -6.874726e+01
     vertex  3.418889e+01  2.500000e+01 -6.678980e+01
   endloop
 endfacet
 facet normal -1.151511e-15  1.000000e+00  1.034442e-15
   outer loop
     vertex  4.275986e+01  2.500000e+01 -7.991413e+01
     vertex  5.007450e+01  2.500000e+01 -7.177167e+01
     vertex  4.880837e+01  2.500000e+01 -8.004994e+01
   endloop
 endfacet
 facet normal -1.187226e-15  1.000000e+00 -5.560823e-16
   outer loop
     vertex  4.275986e+01  2.500000e+01 -7.991413e+01
     vertex  4.880837e+01  2.500000e+01 -8.004994e+01
     vertex  4.673734e+01  2.500000e+01 -8.840598e+01
   endloop
 endfacet
 facet normal  7.825864e-16  1.000000e+00 -3.335205e-16
   outer loop
     vertex  4.275986e+01  2.500000e+01 -7.991413e+01
     vertex  4.285031e+01  2.500000e+01 -9.035403e+01
     vertex  3.727030e+01  2.500000e+01 -9.279506e+01
   endloop
 endfacet
 facet normal -7.402311e-16  1.000000e+00 -3.467154e-16
   outer loop
     vertex  4.275986e+01  2.500000e+01 -7.991413e+01
     vertex  4.673734e+01  2.500000e+01 -8.840598e+01
     vertex  4.285031e+01  2.500000e+01 -9.035403e+01
   endloop
 endfacet
 facet normal  2.992531e-15  1.000000e+00  1.327802e-15
   outer loop
     vertex  3.041780e+01  2.500000e+01 -8.537817e+01
     vertex  3.727030e+01  2.500000e+01 -9.279506e+01
     vertex  3.320144e+01  2.500000e+01 -9.432743e+01
   endloop
 endfacet
 facet normal  1.404399e-15  1.000000e+00  6.711225e-16
   outer loop
     vertex  3.041780e+01  2.500000e+01 -8.537817e+01
     vertex  2.795198e+01  2.500000e+01 -6.963078e+01
     vertex  3.005947e+01  2.500000e+01 -6.874726e+01
   endloop
 endfacet
 facet normal  5.743630e-16  1.000000e+00  6.532385e-16
   outer loop
     vertex  3.041780e+01  2.500000e+01 -8.537817e+01
     vertex  3.005947e+01  2.500000e+01 -6.874726e+01
     vertex  4.275986e+01  2.500000e+01 -7.991413e+01
   endloop
 endfacet
 facet normal -7.305180e-16  1.000000e+00  3.368238e-16
   outer loop
     vertex  3.041780e+01  2.500000e+01 -8.537817e+01
     vertex  2.429851e+01  2.500000e+01 -7.755458e+01
     vertex  2.795198e+01  2.500000e+01 -6.963078e+01
   endloop
 endfacet
 facet normal -1.551963e-15  1.000000e+00 -8.574923e-17
   outer loop
     vertex  3.041780e+01  2.500000e+01 -8.537817e+01
     vertex  3.320144e+01  2.500000e+01 -9.432743e+01
     vertex  2.609764e+01  2.500000e+01 -9.005090e+01
   endloop
 endfacet
 facet normal -1.423103e-15  1.000000e+00 -2.048875e-16
   outer loop
     vertex  3.041780e+01  2.500000e+01 -8.537817e+01
     vertex  2.609764e+01  2.500000e+01 -9.005090e+01
     vertex  2.429851e+01  2.500000e+01 -7.755458e+01
   endloop
 endfacet
 facet normal  1.064388e-15  1.000000e+00 -4.536179e-16
   outer loop
     vertex  3.041780e+01  2.500000e+01 -8.537817e+01
     vertex  4.275986e+01  2.500000e+01 -7.991413e+01
     vertex  3.727030e+01  2.500000e+01 -9.279506e+01
   endloop
 endfacet
 facet normal  6.594258e-16  1.000000e+00 -5.198397e-17
   outer loop
     vertex  4.228973e+01  2.500000e+01 -9.746512e+01
     vertex  3.727030e+01  2.500000e+01 -9.279506e+01
     vertex  4.285031e+01  2.500000e+01 -9.035403e+01
   endloop
 endfacet
 facet normal -7.865549e-16  1.000000e+00  6.200583e-17
   outer loop
     vertex  4.228973e+01  2.500000e+01 -9.746512e+01
     vertex  4.285031e+01  2.500000e+01 -9.035403e+01
     vertex  5.168930e+01  2.500000e+01 -9.282289e+01
   endloop
 endfacet
 facet normal  9.772792e-16  1.000000e+00  2.896486e-16
   outer loop
     vertex  4.228973e+01  2.500000e+01 -9.746512e+01
     vertex  3.247842e+01  2.500000e+01 -1.011584e+02
     vertex  3.727030e+01  2.500000e+01 -9.279506e+01
   endloop
 endfacet
 facet normal -1.022961e-15  1.000000e+00  6.783137e-16
   outer loop
     vertex  5.163439e+01  2.500000e+01 -1.034411e+02
     vertex  6.104702e+01  2.500000e+01 -9.448348e+01
     vertex  5.875387e+01  2.500000e+01 -1.031793e+02
   endloop
 endfacet
 facet normal -5.932060e-17  1.000000e+00 -3.342813e-16
   outer loop
     vertex  5.163439e+01  2.500000e+01 -1.034411e+02
     vertex  5.168930e+01  2.500000e+01 -9.282289e+01
     vertex  6.104702e+01  2.500000e+01 -9.448348e+01
   endloop
 endfacet
 facet normal -5.893267e-16  1.000000e+00 -2.831385e-16
   outer loop
     vertex  5.163439e+01  2.500000e+01 -1.034411e+02
     vertex  5.569204e+01  2.500000e+01 -1.118867e+02
     vertex  5.077589e+01  2.500000e+01 -1.142018e+02
   endloop
 endfacet
 facet normal -9.807051e-16  1.000000e+00 -4.711740e-16
   outer loop
     vertex  5.163439e+01  2.500000e+01 -1.034411e+02
     vertex  5.875387e+01  2.500000e+01 -1.031793e+02
     vertex  5.569204e+01  2.500000e+01 -1.118867e+02
   endloop
 endfacet
 facet normal -5.921987e-16  1.000000e+00 -3.315257e-16
   outer loop
     vertex  5.163439e+01  2.500000e+01 -1.034411e+02
     vertex  4.228973e+01  2.500000e+01 -9.746512e+01
     vertex  5.168930e+01  2.500000e+01 -9.282289e+01
   endloop
 endfacet
 facet normal  8.670812e-16  1.000000e+00  5.823928e-16
   outer loop
     vertex  4.118865e+01  2.500000e+01 -1.080262e+02
     vertex  3.247842e+01  2.500000e+01 -1.011584e+02
     vertex  4.228973e+01  2.500000e+01 -9.746512e+01
   endloop
 endfacet
 facet normal  5.026344e-16  1.000000e+00 -3.702558e-16
   outer loop
     vertex  4.118865e+01  2.500000e+01 -1.080262e+02
     vertex  5.163439e+01  2.500000e+01 -1.034411e+02
     vertex  5.077589e+01  2.500000e+01 -1.142018e+02
   endloop
 endfacet
 facet normal  4.693783e-17  1.000000e+00  6.678999e-16
   outer loop
     vertex  4.118865e+01  2.500000e+01 -1.080262e+02
     vertex  4.228973e+01  2.500000e+01 -9.746512e+01
     vertex  5.163439e+01  2.500000e+01 -1.034411e+02
   endloop
 endfacet
 facet normal  9.057084e-16  1.000000e+00  2.554926e-16
   outer loop
     vertex  4.118865e+01  2.500000e+01 -1.080262e+02
     vertex  5.077589e+01  2.500000e+01 -1.142018e+02
     vertex  4.727455e+01  2.500000e+01 -1.156951e+02
   endloop
 endfacet
 facet normal  1.746743e-15  1.000000e+00  9.229241e-16
   outer loop
     vertex  4.118865e+01  2.500000e+01 -1.080262e+02
     vertex  4.727455e+01  2.500000e+01 -1.156951e+02
     vertex  4.220083e+01  2.500000e+01 -1.176407e+02
   endloop
 endfacet
 facet normal  3.879264e-15  1.000000e+00  1.147428e-15
   outer loop
     vertex  3.953883e+01  2.500000e+01 -1.086409e+02
     vertex  4.118865e+01  2.500000e+01 -1.080262e+02
     vertex  4.220083e+01  2.500000e+01 -1.176407e+02
   endloop
 endfacet
 facet normal -5.477328e-16  1.000000e+00 -1.213599e-16
   outer loop
     vertex  3.953883e+01  2.500000e+01 -1.086409e+02
     vertex  3.417579e+01  2.500000e+01 -1.137102e+02
     vertex  2.670649e+01  2.500000e+01 -1.092732e+02
   endloop
 endfacet
 facet normal -5.514679e-16  1.000000e+00 -4.555574e-17
   outer loop
     vertex  3.953883e+01  2.500000e+01 -1.086409e+02
     vertex  2.670649e+01  2.500000e+01 -1.092732e+02
     vertex  3.247842e+01  2.500000e+01 -1.011584e+02
   endloop
 endfacet
 facet normal  3.055608e-15  1.000000e+00  3.358035e-15
   outer loop
     vertex  3.953883e+01  2.500000e+01 -1.086409e+02
     vertex  3.247842e+01  2.500000e+01 -1.011584e+02
     vertex  4.118865e+01  2.500000e+01 -1.080262e+02
   endloop
 endfacet
 facet normal -5.177038e-16  1.000000e+00 -1.531290e-16
   outer loop
     vertex  3.953883e+01  2.500000e+01 -1.086409e+02
     vertex  4.220083e+01  2.500000e+01 -1.176407e+02
     vertex  3.417579e+01  2.500000e+01 -1.137102e+02
   endloop
 endfacet
 facet normal -3.133300e-15  1.000000e+00 -2.659123e-16
   outer loop
     vertex -5.431271e+00  2.500000e+01 -8.109027e+01
     vertex -7.107934e+00  2.500000e+01 -7.469428e+01
     vertex -2.547542e+00  2.500000e+01 -7.498845e+01
   endloop
 endfacet
 facet normal  1.429515e-15  1.000000e+00  9.301958e-16
   outer loop
     vertex -5.431271e+00  2.500000e+01 -8.109027e+01
     vertex -1.350395e+01  2.500000e+01 -8.014222e+01
     vertex -7.107934e+00  2.500000e+01 -7.469428e+01
   endloop
 endfacet
 facet normal -2.631374e-15  1.000000e+00 -5.031232e-16
   outer loop
     vertex -5.431271e+00  2.500000e+01 -8.109027e+01
     vertex -2.547542e+00  2.500000e+01 -7.498845e+01
     vertex  2.695733e+00  2.500000e+01 -8.122723e+01
   endloop
 endfacet
 facet normal -5.955099e-16  1.000000e+00 -2.705775e-18
   outer loop
     vertex -2.349478e+00  2.500000e+01 -9.060438e+01
     vertex  3.630359e+00  2.500000e+01 -9.368602e+01
     vertex -2.306909e+00  2.500000e+01 -9.997338e+01
   endloop
 endfacet
 facet normal -2.611982e-15  1.000000e+00  6.475931e-16
   outer loop
     vertex -2.349478e+00  2.500000e+01 -9.060438e+01
     vertex -5.431271e+00  2.500000e+01 -8.109027e+01
     vertex  2.695733e+00  2.500000e+01 -8.122723e+01
   endloop
 endfacet
 facet normal -2.337165e-15  1.000000e+00 -1.061921e-17
   outer loop
     vertex -2.349478e+00  2.500000e+01 -9.060438e+01
     vertex -2.306909e+00  2.500000e+01 -9.997338e+01
     vertex -8.388771e+00  2.500000e+01 -9.964752e+01
   endloop
 endfacet
 facet normal -7.708695e-16  1.000000e+00 -3.429859e-16
   outer loop
     vertex -2.349478e+00  2.500000e+01 -9.060438e+01
     vertex  2.695733e+00  2.500000e+01 -8.122723e+01
     vertex  3.630359e+00  2.500000e+01 -9.368602e+01
   endloop
 endfacet
 facet normal -7.559324e-16  1.000000e+00  1.096108e-15
   outer loop
     vertex  1.372514e+01  2.500000e+01 -1.085022e+02
     vertex  2.670649e+01  2.500000e+01 -1.092732e+02
     vertex  2.019525e+01  2.500000e+01 -1.170049e+02
   endloop
 endfacet
 facet normal  8.099086e-16  1.000000e+00  1.113793e-16
   outer loop
     vertex  1.372514e+01  2.500000e+01 -1.085022e+02
     vertex  8.123901e+00  2.500000e+01 -9.966946e+01
     vertex  1.244894e+01  2.500000e+01 -9.922208e+01
   endloop
 endfacet
 facet normal -9.534545e-16  1.000000e+00 -2.229479e-15
   outer loop
     vertex  1.372514e+01  2.500000e+01 -1.085022e+02
     vertex  1.924195e+01  2.500000e+01 -1.044874e+02
     vertex  2.670649e+01  2.500000e+01 -1.092732e+02
   endloop
 endfacet
 facet normal -2.341580e-15  1.000000e+00 -3.220161e-16
   outer loop
     vertex  1.372514e+01  2.500000e+01 -1.085022e+02
     vertex  1.244894e+01  2.500000e+01 -9.922208e+01
     vertex  1.924195e+01  2.500000e+01 -1.044874e+02
   endloop
 endfacet
 facet normal -1.092467e-15  1.000000e+00  1.139792e-15
   outer loop
     vertex -1.138790e+01  2.500000e+01 -8.991656e+01
     vertex -5.431271e+00  2.500000e+01 -8.109027e+01
     vertex -2.349478e+00  2.500000e+01 -9.060438e+01
   endloop
 endfacet
 facet normal  1.892351e-15  1.000000e+00 -4.381007e-17
   outer loop
     vertex -1.138790e+01  2.500000e+01 -8.991656e+01
     vertex -1.707273e+01  2.500000e+01 -9.218879e+01
     vertex -2.066203e+01  2.500000e+01 -8.503946e+01
   endloop
 endfacet
 facet normal  1.730066e-15  1.000000e+00 -3.524045e-16
   outer loop
     vertex -1.138790e+01  2.500000e+01 -8.991656e+01
     vertex -2.066203e+01  2.500000e+01 -8.503946e+01
     vertex -1.350395e+01  2.500000e+01 -8.014222e+01
   endloop
 endfacet
 facet normal -1.235975e-15  1.000000e+00 -7.460279e-16
   outer loop
     vertex -1.138790e+01  2.500000e+01 -8.991656e+01
     vertex -2.349478e+00  2.500000e+01 -9.060438e+01
     vertex -8.388771e+00  2.500000e+01 -9.964752e+01
   endloop
 endfacet
 facet normal  8.093889e-16  1.000000e+00 -1.156361e-16
   outer loop
     vertex -1.138790e+01  2.500000e+01 -8.991656e+01
     vertex -8.388771e+00  2.500000e+01 -9.964752e+01
     vertex -1.271259e+01  2.500000e+01 -9.918864e+01
   endloop
 endfacet
 facet normal  1.988386e-15  1.000000e+00 -2.840776e-16
   outer loop
     vertex -1.138790e+01  2.500000e+01 -8.991656e+01
     vertex -1.271259e+01  2.500000e+01 -9.918864e+01
     vertex -1.707273e+01  2.500000e+01 -9.218879e+01
   endloop
 endfacet
 facet normal  1.267116e-15  1.000000e+00 -4.526286e-16
   outer loop
     vertex -1.138790e+01  2.500000e+01 -8.991656e+01
     vertex -1.350395e+01  2.500000e+01 -8.014222e+01
     vertex -5.431271e+00  2.500000e+01 -8.109027e+01
   endloop
 endfacet
 facet normal -1.603840e-15  1.000000e+00 -3.375845e-16
   outer loop
     vertex  1.212097e+01  2.500000e+01 -1.212536e+02
     vertex  1.923742e+01  2.500000e+01 -1.234915e+02
     vertex  1.276790e+01  2.500000e+01 -1.243271e+02
   endloop
 endfacet
 facet normal  2.280656e-15  1.000000e+00  4.800443e-16
   outer loop
     vertex  1.212097e+01  2.500000e+01 -1.212536e+02
     vertex  1.276790e+01  2.500000e+01 -1.243271e+02
     vertex  3.548367e+00  2.500000e+01 -1.249306e+02
   endloop
 endfacet
 facet normal -1.760407e-15  1.000000e+00 -8.354492e-16
   outer loop
     vertex  1.212097e+01  2.500000e+01 -1.212536e+02
     vertex  2.019525e+01  2.500000e+01 -1.170049e+02
     vertex  1.923742e+01  2.500000e+01 -1.234915e+02
   endloop
 endfacet
 facet normal -5.686103e-16  1.000000e+00  2.180247e-16
   outer loop
     vertex -3.055501e+01  2.500000e+01 -1.050119e+02
     vertex -3.500149e+01  2.500000e+01 -1.003133e+02
     vertex -2.718884e+01  2.500000e+01 -9.623288e+01
   endloop
 endfacet
 facet normal  3.837117e-16  1.000000e+00  1.119258e-15
   outer loop
     vertex -3.055501e+01  2.500000e+01 -1.050119e+02
     vertex -4.336863e+01  2.500000e+01 -1.037932e+02
     vertex -3.500149e+01  2.500000e+01 -1.003133e+02
   endloop
 endfacet
 facet normal  2.071655e-16  1.000000e+00 -7.370022e-16
   outer loop
     vertex -3.055501e+01  2.500000e+01 -1.050119e+02
     vertex -3.890609e+01  2.500000e+01 -1.121798e+02
     vertex -4.336863e+01  2.500000e+01 -1.037932e+02
   endloop
 endfacet
 facet normal -7.677715e-16  1.000000e+00  2.943899e-16
   outer loop
     vertex -3.055501e+01  2.500000e+01 -1.050119e+02
     vertex -2.718884e+01  2.500000e+01 -9.623288e+01
     vertex -2.297983e+01  2.500000e+01 -9.732381e+01
   endloop
 endfacet
 facet normal  4.158011e-16  1.000000e+00 -7.253521e-16
   outer loop
     vertex -5.084460e+01  2.500000e+01 -6.340314e+01
     vertex -4.856214e+01  2.500000e+01 -5.719682e+01
     vertex -4.499006e+01  2.500000e+01 -6.004708e+01
   endloop
 endfacet
 facet normal -3.830649e-16  1.000000e+00 -4.315578e-16
   outer loop
     vertex -5.084460e+01  2.500000e+01 -6.340314e+01
     vertex -5.692343e+01  2.500000e+01 -5.800737e+01
     vertex -4.856214e+01  2.500000e+01 -5.719682e+01
   endloop
 endfacet
 facet normal -2.385359e-16  1.000000e+00  4.161186e-16
   outer loop
     vertex -5.084460e+01  2.500000e+01 -6.340314e+01
     vertex -4.499006e+01  2.500000e+01 -6.004708e+01
     vertex -4.425721e+01  2.500000e+01 -6.816472e+01
   endloop
 endfacet
 facet normal -4.420558e-16  1.000000e+00  1.345603e-16
   outer loop
     vertex -5.375718e+01  2.500000e+01 -7.297149e+01
     vertex -5.084460e+01  2.500000e+01 -6.340314e+01
     vertex -4.425721e+01  2.500000e+01 -6.816472e+01
   endloop
 endfacet
 facet normal  0.000000e+00  1.000000e+00  0.000000e+00
   outer loop
     vertex -5.375718e+01  2.500000e+01 -7.297149e+01
     vertex -5.907895e+01  2.500000e+01 -8.068257e+01
     vertex -6.388114e+01  2.500000e+01 -7.693634e+01
   endloop
 endfacet
 facet normal -7.719589e-16  1.000000e+00  7.865712e-16
   outer loop
     vertex -5.375718e+01  2.500000e+01 -7.297149e+01
     vertex -4.425721e+01  2.500000e+01 -6.816472e+01
     vertex -5.061434e+01  2.500000e+01 -7.892046e+01
   endloop
 endfacet
 facet normal -9.802622e-16  1.000000e+00  6.765244e-16
   outer loop
     vertex -5.375718e+01  2.500000e+01 -7.297149e+01
     vertex -5.061434e+01  2.500000e+01 -7.892046e+01
     vertex -5.907895e+01  2.500000e+01 -8.068257e+01
   endloop
 endfacet
 facet normal  5.979375e-16  1.000000e+00 -5.576311e-16
   outer loop
     vertex -6.077718e+01  2.500000e+01 -6.723695e+01
     vertex -6.388114e+01  2.500000e+01 -7.693634e+01
     vertex -6.716518e+01  2.500000e+01 -7.408668e+01
   endloop
 endfacet
 facet normal -4.896409e-16  1.000000e+00  4.566346e-16
   outer loop
     vertex -6.077718e+01  2.500000e+01 -6.723695e+01
     vertex -6.716518e+01  2.500000e+01 -7.408668e+01
     vertex -6.673901e+01  2.500000e+01 -6.584949e+01
   endloop
 endfacet
 facet normal  2.492832e-16  1.000000e+00  2.808404e-16
   outer loop
     vertex -6.077718e+01  2.500000e+01 -6.723695e+01
     vertex -5.692343e+01  2.500000e+01 -5.800737e+01
     vertex -5.084460e+01  2.500000e+01 -6.340314e+01
   endloop
 endfacet
 facet normal  4.115953e-16  1.000000e+00  2.130679e-16
   outer loop
     vertex -6.077718e+01  2.500000e+01 -6.723695e+01
     vertex -6.559470e+01  2.500000e+01 -5.793068e+01
     vertex -5.692343e+01  2.500000e+01 -5.800737e+01
   endloop
 endfacet
 facet normal  4.053027e-16  1.000000e+00 -1.233728e-16
   outer loop
     vertex -6.077718e+01  2.500000e+01 -6.723695e+01
     vertex -5.084460e+01  2.500000e+01 -6.340314e+01
     vertex -5.375718e+01  2.500000e+01 -7.297149e+01
   endloop
 endfacet
 facet normal -6.775336e-16  1.000000e+00 -3.507346e-16
   outer loop
     vertex -6.077718e+01  2.500000e+01 -6.723695e+01
     vertex -6.673901e+01  2.500000e+01 -6.584949e+01
     vertex -6.559470e+01  2.500000e+01 -5.793068e+01
   endloop
 endfacet
 facet normal  1.640008e-16  1.000000e+00 -4.187648e-16
   outer loop
     vertex -6.077718e+01  2.500000e+01 -6.723695e+01
     vertex -5.375718e+01  2.500000e+01 -7.297149e+01
     vertex -6.388114e+01  2.500000e+01 -7.693634e+01
   endloop
 endfacet
 facet normal  0.000000e+00  1.000000e+00  0.000000e+00
   outer loop
     vertex -5.758741e+01  2.500000e+01 -1.002490e+02
     vertex -5.178074e+01  2.500000e+01 -1.068492e+02
     vertex -6.063470e+01  2.500000e+01 -1.092871e+02
   endloop
 endfacet
 facet normal -0.000000e+00  1.000000e+00  0.000000e+00
   outer loop
     vertex -5.758741e+01  2.500000e+01 -1.002490e+02
     vertex -4.734354e+01  2.500000e+01 -9.511288e+01
     vertex -5.178074e+01  2.500000e+01 -1.068492e+02
   endloop
 endfacet
 facet normal  7.464651e-16  1.000000e+00 -2.516776e-16
   outer loop
     vertex -5.758741e+01  2.500000e+01 -1.002490e+02
     vertex -6.063470e+01  2.500000e+01 -1.092871e+02
     vertex -6.854253e+01  2.500000e+01 -1.045091e+02
   endloop
 endfacet
 facet normal  7.504377e-16  1.000000e+00 -4.330867e-16
   outer loop
     vertex -8.512876e+01  2.500000e+01 -6.866002e+01
     vertex -7.734836e+01  2.500000e+01 -6.338163e+01
     vertex -7.452003e+01  2.500000e+01 -6.668405e+01
   endloop
 endfacet
 facet normal  7.562996e-16  1.000000e+00 -4.417272e-16
   outer loop
     vertex -8.512876e+01  2.500000e+01 -6.866002e+01
     vertex -8.608922e+01  2.500000e+01 -6.226168e+01
     vertex -7.734836e+01  2.500000e+01 -6.338163e+01
   endloop
 endfacet
 facet normal -1.369844e-15  1.000000e+00 -7.608839e-16
   outer loop
     vertex -8.512876e+01  2.500000e+01 -6.866002e+01
     vertex -9.494144e+01  2.500000e+01 -6.033233e+01
     vertex -8.608922e+01  2.500000e+01 -6.226168e+01
   endloop
 endfacet
 facet normal  2.129457e-16  1.000000e+00  1.104148e-15
   outer loop
     vertex -8.512876e+01  2.500000e+01 -6.866002e+01
     vertex -9.607630e+01  2.500000e+01 -6.976629e+01
     vertex -9.494144e+01  2.500000e+01 -6.033233e+01
   endloop
 endfacet
 facet normal -4.691218e-16  1.000000e+00  6.717735e-16
   outer loop
     vertex -7.797415e+01  2.500000e+01 -2.291642e+01
     vertex -7.255206e+01  2.500000e+01 -1.912999e+01
     vertex -7.125290e+01  2.500000e+01 -2.351130e+01
   endloop
 endfacet
 facet normal -4.185857e-16  1.000000e+00  1.242752e-15
   outer loop
     vertex -7.797415e+01  2.500000e+01 -2.291642e+01
     vertex -7.125290e+01  2.500000e+01 -2.351130e+01
     vertex -7.529517e+01  2.500000e+01 -3.059032e+01
   endloop
 endfacet
 facet normal  0.000000e+00  1.000000e+00 -0.000000e+00
   outer loop
     vertex -7.797415e+01  2.500000e+01 -2.291642e+01
     vertex -7.987323e+01  2.500000e+01 -1.501330e+01
     vertex -7.255206e+01  2.500000e+01 -1.912999e+01
   endloop
 endfacet
 facet normal -4.096034e-16  1.000000e+00  1.094508e-15
   outer loop
     vertex -8.583584e+01  2.500000e+01 -2.910123e+01
     vertex -9.461079e+01  2.500000e+01 -3.238513e+01
     vertex -9.640685e+01  2.500000e+01 -2.656538e+01
   endloop
 endfacet
 facet normal -1.481461e-16  1.000000e+00  1.337163e-15
   outer loop
     vertex -8.583584e+01  2.500000e+01 -2.910123e+01
     vertex -7.797415e+01  2.500000e+01 -2.291642e+01
     vertex -7.529517e+01  2.500000e+01 -3.059032e+01
   endloop
 endfacet
 facet normal -2.087320e-16  1.000000e+00  5.577562e-16
   outer loop
     vertex -8.583584e+01  2.500000e+01 -2.910123e+01
     vertex -8.666067e+01  2.500000e+01 -3.577957e+01
     vertex -9.461079e+01  2.500000e+01 -3.238513e+01
   endloop
 endfacet
 facet normal -2.574042e-16  1.000000e+00  5.637676e-16
   outer loop
     vertex -8.583584e+01  2.500000e+01 -2.910123e+01
     vertex -7.529517e+01  2.500000e+01 -3.059032e+01
     vertex -8.666067e+01  2.500000e+01 -3.577957e+01
   endloop
 endfacet
 facet normal  0.000000e+00  1.000000e+00  0.000000e+00
   outer loop
     vertex -8.831336e+01  2.500000e+01 -2.038191e+01
     vertex -9.640685e+01  2.500000e+01 -2.656538e+01
     vertex -9.747049e+01  2.500000e+01 -2.234951e+01
   endloop
 endfacet
 facet normal -5.196849e-16  1.000000e+00  1.094436e-15
   outer loop
     vertex -8.831336e+01  2.500000e+01 -2.038191e+01
     vertex -9.240951e+01  2.500000e+01 -1.583462e+01
     vertex -8.694130e+01  2.500000e+01 -9.991922e+00
   endloop
 endfacet
 facet normal -0.000000e+00  1.000000e+00  0.000000e+00
   outer loop
     vertex -8.831336e+01  2.500000e+01 -2.038191e+01
     vertex -7.987323e+01  2.500000e+01 -1.501330e+01
     vertex -7.797415e+01  2.500000e+01 -2.291642e+01
   endloop
 endfacet
 facet normal -7.123320e-16  1.000000e+00  1.119877e-15
   outer loop
     vertex -8.831336e+01  2.500000e+01 -2.038191e+01
     vertex -8.694130e+01  2.500000e+01 -9.991922e+00
     vertex -7.987323e+01  2.500000e+01 -1.501330e+01
   endloop
 endfacet
 facet normal -5.115443e-16  1.000000e+00  6.695549e-16
   outer loop
     vertex -8.831336e+01  2.500000e+01 -2.038191e+01
     vertex -8.583584e+01  2.500000e+01 -2.910123e+01
     vertex -9.640685e+01  2.500000e+01 -2.656538e+01
   endloop
 endfacet
 facet normal -2.813012e-16  1.000000e+00  1.309169e-15
   outer loop
     vertex -8.831336e+01  2.500000e+01 -2.038191e+01
     vertex -9.747049e+01  2.500000e+01 -2.234951e+01
     vertex -9.240951e+01  2.500000e+01 -1.583462e+01
   endloop
 endfacet
 facet normal  2.147182e-16  1.000000e+00  8.759165e-16
   outer loop
     vertex -8.831336e+01  2.500000e+01 -2.038191e+01
     vertex -7.797415e+01  2.500000e+01 -2.291642e+01
     vertex -8.583584e+01  2.500000e+01 -2.910123e+01
   endloop
 endfacet
 facet normal  4.275557e-16  1.000000e+00  4.838232e-17
   outer loop
     vertex -1.045768e+02  2.500000e+01 -4.929362e+01
     vertex -1.035882e+02  2.500000e+01 -5.803002e+01
     vertex -1.122440e+02  2.500000e+01 -5.496840e+01
   endloop
 endfacet
 facet normal  0.000000e+00  1.000000e+00  0.000000e+00
   outer loop
     vertex -1.045768e+02  2.500000e+01 -4.929362e+01
     vertex -9.323814e+01  2.500000e+01 -5.093643e+01
     vertex -1.035882e+02  2.500000e+01 -5.803002e+01
   endloop
 endfacet
 facet normal  1.286008e-15  1.000000e+00 -1.111474e-15
   outer loop
     vertex -1.045768e+02  2.500000e+01 -4.929362e+01
     vertex -1.122440e+02  2.500000e+01 -5.496840e+01
     vertex -1.159980e+02  2.500000e+01 -4.652632e+01
   endloop
 endfacet
 facet normal  1.023430e-17  1.000000e+00  8.221590e-16
   outer loop
     vertex -1.091006e+02  2.500000e+01 -7.626939e+00
     vertex -9.969970e+01  2.500000e+01 -7.743962e+00
     vertex -9.926883e+01  2.500000e+01 -1.207053e+01
   endloop
 endfacet
 facet normal -3.119486e-16  1.000000e+00 -1.224537e-15
   outer loop
     vertex -1.091006e+02  2.500000e+01 -7.626939e+00
     vertex -1.187131e+02  2.500000e+01 -2.276887e+00
     vertex -1.123863e+02  2.500000e+01  4.815180e+00
   endloop
 endfacet
 facet normal -7.579625e-18  1.000000e+00 -6.088989e-16
   outer loop
     vertex -1.091006e+02  2.500000e+01 -7.626939e+00
     vertex -1.062287e+02  2.500000e+01 -1.828036e+00
     vertex -9.969970e+01  2.500000e+01 -7.743962e+00
   endloop
 endfacet
 facet normal  6.973299e-16  1.000000e+00 -9.580054e-16
   outer loop
     vertex -1.091006e+02  2.500000e+01 -7.626939e+00
     vertex -1.123863e+02  2.500000e+01  4.815180e+00
     vertex -1.062287e+02  2.500000e+01 -1.828036e+00
   endloop
 endfacet
 facet normal  5.365431e-16  1.000000e+00  7.287254e-16
   outer loop
     vertex -7.706449e+01  2.500000e+01  2.581075e+01
     vertex -7.410098e+01  2.500000e+01  3.337927e+01
     vertex -7.045053e+01  2.500000e+01  2.581629e+01
   endloop
 endfacet
 facet normal  5.359301e-16  1.000000e+00  1.460352e-15
   outer loop
     vertex -7.706449e+01  2.500000e+01  2.581075e+01
     vertex -7.045053e+01  2.500000e+01  2.581629e+01
     vertex -7.189149e+01  2.500000e+01  2.147955e+01
   endloop
 endfacet
 facet normal  5.939990e-17  1.000000e+00  8.912050e-16
   outer loop
     vertex -7.706449e+01  2.500000e+01  2.581075e+01
     vertex -7.189149e+01  2.500000e+01  2.147955e+01
     vertex -7.925720e+01  2.500000e+01  1.798406e+01
   endloop
 endfacet
 facet normal  6.697312e-16  1.000000e+00  7.202160e-16
   outer loop
     vertex -8.705175e+01  2.500000e+01  2.523224e+01
     vertex -7.706449e+01  2.500000e+01  2.581075e+01
     vertex -7.925720e+01  2.500000e+01  1.798406e+01
   endloop
 endfacet
 facet normal -1.078596e-15  1.000000e+00 -1.159901e-15
   outer loop
     vertex -8.705175e+01  2.500000e+01  2.523224e+01
     vertex -7.925720e+01  2.500000e+01  1.798406e+01
     vertex -9.154883e+01  2.500000e+01  2.022526e+01
   endloop
 endfacet
 facet normal  4.345498e-16  1.000000e+00  1.698285e-15
   outer loop
     vertex -8.705175e+01  2.500000e+01  2.523224e+01
     vertex -9.612872e+01  2.500000e+01  2.755482e+01
     vertex -9.427296e+01  2.500000e+01  3.335580e+01
   endloop
 endfacet
 facet normal -4.428872e-16  1.000000e+00 -1.730869e-15
   outer loop
     vertex -8.705175e+01  2.500000e+01  2.523224e+01
     vertex -9.154883e+01  2.500000e+01  2.022526e+01
     vertex -9.612872e+01  2.500000e+01  2.755482e+01
   endloop
 endfacet
 facet normal -5.598877e-17  1.000000e+00 -1.326209e-15
   outer loop
     vertex -8.409607e+01  2.500000e+01  3.380124e+01
     vertex -7.702669e+01  2.500000e+01  4.153934e+01
     vertex -7.410098e+01  2.500000e+01  3.337927e+01
   endloop
 endfacet
 facet normal  3.898949e-17  1.000000e+00  9.235461e-16
   outer loop
     vertex -8.409607e+01  2.500000e+01  3.380124e+01
     vertex -7.410098e+01  2.500000e+01  3.337927e+01
     vertex -7.706449e+01  2.500000e+01  2.581075e+01
   endloop
 endfacet
 facet normal -2.588415e-16  1.000000e+00 -6.174673e-16
   outer loop
     vertex -8.409607e+01  2.500000e+01  3.380124e+01
     vertex -9.273390e+01  2.500000e+01  3.742221e+01
     vertex -8.485510e+01  2.500000e+01  3.987311e+01
   endloop
 endfacet
 facet normal -7.628139e-16  1.000000e+00 -6.804673e-16
   outer loop
     vertex -8.409607e+01  2.500000e+01  3.380124e+01
     vertex -8.485510e+01  2.500000e+01  3.987311e+01
     vertex -7.702669e+01  2.500000e+01  4.153934e+01
   endloop
 endfacet
 facet normal  3.160923e-16  1.000000e+00  7.540392e-16
   outer loop
     vertex -8.409607e+01  2.500000e+01  3.380124e+01
     vertex -9.427296e+01  2.500000e+01  3.335580e+01
     vertex -9.273390e+01  2.500000e+01  3.742221e+01
   endloop
 endfacet
 facet normal  6.279332e-16  1.000000e+00  1.441813e-15
   outer loop
     vertex -8.409607e+01  2.500000e+01  3.380124e+01
     vertex -7.706449e+01  2.500000e+01  2.581075e+01
     vertex -8.705175e+01  2.500000e+01  2.523224e+01
   endloop
 endfacet
 facet normal  2.807471e-16  1.000000e+00  1.561567e-15
   outer loop
     vertex -8.409607e+01  2.500000e+01  3.380124e+01
     vertex -8.705175e+01  2.500000e+01  2.523224e+01
     vertex -9.427296e+01  2.500000e+01  3.335580e+01
   endloop
 endfacet
 facet normal  2.263207e-17  1.000000e+00 -7.875885e-16
   outer loop
     vertex -1.139763e+02  2.500000e+01  1.937958e+01
     vertex -1.235120e+02  2.500000e+01  1.910556e+01
     vertex -1.217631e+02  2.500000e+01  2.817757e+01
   endloop
 endfacet
 facet normal -6.705190e-17  1.000000e+00  2.333383e-15
   outer loop
     vertex -1.139763e+02  2.500000e+01  1.937958e+01
     vertex -1.181624e+02  2.500000e+01  1.164649e+01
     vertex -1.235120e+02  2.500000e+01  1.910556e+01
   endloop
 endfacet
 facet normal  2.994479e-16  1.000000e+00  2.134988e-15
   outer loop
     vertex -1.139763e+02  2.500000e+01  1.937958e+01
     vertex -1.056146e+02  2.500000e+01  1.155062e+01
     vertex -1.181624e+02  2.500000e+01  1.164649e+01
   endloop
 endfacet
 facet normal -0.000000e+00  1.000000e+00  0.000000e+00
   outer loop
     vertex -9.385409e+01  2.500000e+01  5.614727e+01
     vertex -8.818081e+01  2.500000e+01  5.926226e+01
     vertex -8.620793e+01  2.500000e+01  5.067734e+01
   endloop
 endfacet
 facet normal  6.059956e-16  1.000000e+00 -1.103687e-15
   outer loop
     vertex -9.385409e+01  2.500000e+01  5.614727e+01
     vertex -8.943355e+01  2.500000e+01  6.823128e+01
     vertex -8.818081e+01  2.500000e+01  5.926226e+01
   endloop
 endfacet
 facet normal -1.032481e-15  1.000000e+00 -5.043042e-16
   outer loop
     vertex -9.385409e+01  2.500000e+01  5.614727e+01
     vertex -9.868131e+01  2.500000e+01  6.603022e+01
     vertex -8.943355e+01  2.500000e+01  6.823128e+01
   endloop
 endfacet
 facet normal  9.567558e-16  1.000000e+00  1.337405e-15
   outer loop
     vertex -9.385409e+01  2.500000e+01  5.614727e+01
     vertex -8.620793e+01  2.500000e+01  5.067734e+01
     vertex -8.832931e+01  2.500000e+01  4.688209e+01
   endloop
 endfacet
 facet normal  2.330872e-16  1.000000e+00 -3.033239e-15
   outer loop
     vertex -7.270109e+01  2.500000e+01  7.747530e+01
     vertex -7.082961e+01  2.500000e+01  7.059155e+01
     vertex -8.002478e+01  2.500000e+01  6.988495e+01
   endloop
 endfacet
 facet normal -4.695515e-15  1.000000e+00 -4.373175e-15
   outer loop
     vertex -7.270109e+01  2.500000e+01  7.747530e+01
     vertex -6.640078e+01  2.500000e+01  7.477254e+01
     vertex -7.082961e+01  2.500000e+01  7.059155e+01
   endloop
 endfacet
 facet normal  6.877453e-15  1.000000e+00  2.260422e-14
   outer loop
     vertex -7.270109e+01  2.500000e+01  7.747530e+01
     vertex -6.466088e+01  2.500000e+01  8.430207e+01
     vertex -6.640078e+01  2.500000e+01  7.477254e+01
   endloop
 endfacet
 facet normal -2.855824e-15  1.000000e+00 -3.682093e-15
   outer loop
     vertex -8.240851e+01  2.500000e+01  8.108639e+01
     vertex -9.039042e+01  2.500000e+01  8.631228e+01
     vertex -8.376736e+01  2.500000e+01  9.275380e+01
   endloop
 endfacet
 facet normal  3.181941e-16  1.000000e+00  1.165832e-15
   outer loop
     vertex -8.240851e+01  2.500000e+01  8.108639e+01
     vertex -9.026620e+01  2.500000e+01  7.713629e+01
     vertex -9.039042e+01  2.500000e+01  8.631228e+01
   endloop
 endfacet
 facet normal  6.728434e-16  1.000000e+00  4.603509e-16
   outer loop
     vertex -8.240851e+01  2.500000e+01  8.108639e+01
     vertex -8.002478e+01  2.500000e+01  6.988495e+01
     vertex -9.026620e+01  2.500000e+01  7.713629e+01
   endloop
 endfacet
 facet normal -2.653964e-15  1.000000e+00 -2.476136e-16
   outer loop
     vertex -8.240851e+01  2.500000e+01  8.108639e+01
     vertex -7.270109e+01  2.500000e+01  7.747530e+01
     vertex -8.002478e+01  2.500000e+01  6.988495e+01
   endloop
 endfacet
 facet normal  2.189049e-14  1.000000e+00  4.922679e-15
   outer loop
     vertex -7.396242e+01  2.500000e+01  8.885790e+01
     vertex -6.466088e+01  2.500000e+01  8.430207e+01
     vertex -7.270109e+01  2.500000e+01  7.747530e+01
   endloop
 endfacet
 facet normal -1.703218e-15  1.000000e+00  2.308205e-15
   outer loop
     vertex -7.396242e+01  2.500000e+01  8.885790e+01
     vertex -7.270109e+01  2.500000e+01  7.747530e+01
     vertex -8.240851e+01  2.500000e+01  8.108639e+01
   endloop
 endfacet
 facet normal -8.289217e-15  1.000000e+00 -5.669463e-14
   outer loop
     vertex -7.396242e+01  2.500000e+01  8.885790e+01
     vertex -6.190277e+01  2.500000e+01  9.392506e+01
     vertex -6.466088e+01  2.500000e+01  8.430207e+01
   endloop
 endfacet
 facet normal  3.163584e-15  1.000000e+00 -2.981041e-15
   outer loop
     vertex -7.396242e+01  2.500000e+01  8.885790e+01
     vertex -8.240851e+01  2.500000e+01  8.108639e+01
     vertex -8.376736e+01  2.500000e+01  9.275380e+01
   endloop
 endfacet
 facet normal  2.285787e-14  1.000000e+00  1.794824e-14
   outer loop
     vertex -7.396242e+01  2.500000e+01  8.885790e+01
     vertex -7.965637e+01  2.500000e+01  9.630734e+01
     vertex -7.060139e+01  2.500000e+01  9.546430e+01
   endloop
 endfacet
 facet normal  6.516735e-15  1.000000e+00  5.457952e-15
   outer loop
     vertex -7.396242e+01  2.500000e+01  8.885790e+01
     vertex -8.376736e+01  2.500000e+01  9.275380e+01
     vertex -7.965637e+01  2.500000e+01  9.630734e+01
   endloop
 endfacet
 facet normal -5.664784e-14  1.000000e+00  5.839712e-14
   outer loop
     vertex -7.396242e+01  2.500000e+01  8.885790e+01
     vertex -7.060139e+01  2.500000e+01  9.546430e+01
     vertex -6.190277e+01  2.500000e+01  9.392506e+01
   endloop
 endfacet
 facet normal  2.548948e-13  1.000000e+00 -3.952672e-14
   outer loop
     vertex -4.927039e+01  2.500000e+01  9.763977e+01
     vertex -6.190277e+01  2.500000e+01  9.392506e+01
     vertex -5.843235e+01  2.500000e+01  1.033618e+02
   endloop
 endfacet
 facet normal  1.203496e-13  1.000000e+00  4.180120e-13
   outer loop
     vertex -4.927039e+01  2.500000e+01  9.763977e+01
     vertex -5.331990e+01  2.500000e+01  9.189592e+01
     vertex -6.190277e+01  2.500000e+01  9.392506e+01
   endloop
 endfacet
 facet normal  4.241068e-13  1.000000e+00  2.038580e-13
   outer loop
     vertex -4.927039e+01  2.500000e+01  9.763977e+01
     vertex -4.520489e+01  2.500000e+01  8.919931e+01
     vertex -5.331990e+01  2.500000e+01  9.189592e+01
   endloop
 endfacet
 facet normal -1.149555e-12  1.000000e+00 -5.541253e-13
   outer loop
     vertex -4.927039e+01  2.500000e+01  9.763977e+01
     vertex -4.084235e+01  2.500000e+01  9.127924e+01
     vertex -4.520489e+01  2.500000e+01  8.919931e+01
   endloop
 endfacet
 facet normal  9.595838e-14  1.000000e+00  2.770825e-13
   outer loop
     vertex -5.202678e+01  2.500000e+01  1.101933e+02
     vertex -6.004657e+01  2.500000e+01  1.096113e+02
     vertex -5.397239e+01  2.500000e+01  1.127262e+02
   endloop
 endfacet
 facet normal  1.060736e-13  1.000000e+00  1.376822e-13
   outer loop
     vertex -5.202678e+01  2.500000e+01  1.101933e+02
     vertex -5.843235e+01  2.500000e+01  1.033618e+02
     vertex -6.004657e+01  2.500000e+01  1.096113e+02
   endloop
 endfacet
 facet normal -1.068777e-12  1.000000e+00 -6.175705e-13
   outer loop
     vertex -5.202678e+01  2.500000e+01  1.101933e+02
     vertex -5.397239e+01  2.500000e+01  1.127262e+02
     vertex -4.493309e+01  2.500000e+01  1.166247e+02
   endloop
 endfacet
 facet normal  2.697308e-13  1.000000e+00 -1.577147e-14
   outer loop
     vertex -5.202678e+01  2.500000e+01  1.101933e+02
     vertex -4.927039e+01  2.500000e+01  9.763977e+01
     vertex -5.843235e+01  2.500000e+01  1.033618e+02
   endloop
 endfacet
 facet normal -2.019426e-12  1.000000e+00  3.903222e-12
   outer loop
     vertex -3.313294e+01  2.500000e+01  1.042270e+02
     vertex -3.520972e+01  2.500000e+01  9.359632e+01
     vertex -4.084235e+01  2.500000e+01  9.127924e+01
   endloop
 endfacet
 facet normal  7.470147e-12  1.000000e+00  2.049367e-12
   outer loop
     vertex -3.313294e+01  2.500000e+01  1.042270e+02
     vertex -3.065663e+01  2.500000e+01  9.518499e+01
     vertex -3.520972e+01  2.500000e+01  9.359632e+01
   endloop
 endfacet
 facet normal -8.168765e-12  1.000000e+00 -2.233623e-12
   outer loop
     vertex -3.313294e+01  2.500000e+01  1.042270e+02
     vertex -2.652859e+01  2.500000e+01  1.028791e+02
     vertex -3.065663e+01  2.500000e+01  9.518499e+01
   endloop
 endfacet
 facet normal -9.469300e-12  1.000000e+00 -8.606175e-12
   outer loop
     vertex -3.313294e+01  2.500000e+01  1.042270e+02
     vertex -2.162734e+01  2.500000e+01  1.103916e+02
     vertex -2.652859e+01  2.500000e+01  1.028791e+02
   endloop
 endfacet
 facet normal -1.495361e-11  1.000000e+00  1.629709e-12
   outer loop
     vertex -3.313294e+01  2.500000e+01  1.042270e+02
     vertex -3.010757e+01  2.500000e+01  1.148543e+02
     vertex -2.162734e+01  2.500000e+01  1.103916e+02
   endloop
 endfacet
 facet normal  3.753058e-12  1.000000e+00 -1.202976e-12
   outer loop
     vertex  1.147387e+02  2.500000e+01 -2.376270e+01
     vertex  1.228697e+02  2.500000e+01 -2.287507e+01
     vertex  1.179211e+02  2.500000e+01 -3.072389e+01
   endloop
 endfacet
 facet normal  1.369198e-12  1.000000e+00  2.063411e-11
   outer loop
     vertex  1.147387e+02  2.500000e+01 -2.376270e+01
     vertex  1.238308e+02  2.500000e+01 -1.691679e+01
     vertex  1.228697e+02  2.500000e+01 -2.287507e+01
   endloop
 endfacet
 facet normal -2.885162e-12  1.000000e+00 -2.725319e-12
   outer loop
     vertex  1.141315e+02  2.500000e+01 -2.652612e+01
     vertex  1.124948e+02  2.500000e+01 -3.798577e+01
     vertex  1.053364e+02  2.500000e+01 -2.941683e+01
   endloop
 endfacet
 facet normal -3.871623e-12  1.000000e+00  2.760340e-13
   outer loop
     vertex  1.141315e+02  2.500000e+01 -2.652612e+01
     vertex  1.053364e+02  2.500000e+01 -2.941683e+01
     vertex  1.147387e+02  2.500000e+01 -2.376270e+01
   endloop
 endfacet
 facet normal  3.462980e-12  1.000000e+00 -1.335590e-12
   outer loop
     vertex  1.141315e+02  2.500000e+01 -2.652612e+01
     vertex  1.147387e+02  2.500000e+01 -2.376270e+01
     vertex  1.179211e+02  2.500000e+01 -3.072389e+01
   endloop
 endfacet
 facet normal  1.266718e-12  1.000000e+00 -3.318317e-12
   outer loop
     vertex  1.141315e+02  2.500000e+01 -2.652612e+01
     vertex  1.179211e+02  2.500000e+01 -3.072389e+01
     vertex  1.124948e+02  2.500000e+01 -3.798577e+01
   endloop
 endfacet
 facet normal -9.892453e-16  1.000000e+00 -2.300976e-15
   outer loop
     vertex  9.007085e+00  2.500000e+01 -1.168268e+02
     vertex  2.019525e+01  2.500000e+01 -1.170049e+02
     vertex  1.212097e+01  2.500000e+01 -1.212536e+02
   endloop
 endfacet
 facet normal -9.373800e-16  1.000000e+00  9.580363e-16
   outer loop
     vertex  9.007085e+00  2.500000e+01 -1.168268e+02
     vertex  1.372514e+01  2.500000e+01 -1.085022e+02
     vertex  2.019525e+01  2.500000e+01 -1.170049e+02
   endloop
 endfacet
 facet normal  1.436927e-15  1.000000e+00 -5.943415e-16
   outer loop
     vertex  6.465077e+00  2.500000e+01 -1.169950e+02
     vertex  9.007085e+00  2.500000e+01 -1.168268e+02
     vertex  1.212097e+01  2.500000e+01 -1.212536e+02
   endloop
 endfacet
 facet normal  2.268033e-15  1.000000e+00  5.094740e-16
   outer loop
     vertex  6.465077e+00  2.500000e+01 -1.169950e+02
     vertex  1.212097e+01  2.500000e+01 -1.212536e+02
     vertex  3.548367e+00  2.500000e+01 -1.249306e+02
   endloop
 endfacet
 facet normal  1.275338e-15  1.000000e+00 -2.963035e-16
   outer loop
     vertex -2.544148e+01  2.500000e+01 -1.143782e+02
     vertex -1.920296e+01  2.500000e+01 -1.234969e+02
     vertex -2.455330e+01  2.500000e+01 -1.225454e+02
   endloop
 endfacet
 facet normal -1.069686e-16  1.000000e+00 -4.473424e-16
   outer loop
     vertex -2.792211e+01  2.500000e+01 -1.137980e+02
     vertex -2.455330e+01  2.500000e+01 -1.225454e+02
     vertex -3.353920e+01  2.500000e+01 -1.203967e+02
   endloop
 endfacet
 facet normal  1.016926e-16  1.000000e+00  4.348279e-16
   outer loop
     vertex -2.792211e+01  2.500000e+01 -1.137980e+02
     vertex -3.055501e+01  2.500000e+01 -1.050119e+02
     vertex -2.544148e+01  2.500000e+01 -1.143782e+02
   endloop
 endfacet
 facet normal -1.043868e-16  1.000000e+00 -4.463481e-16
   outer loop
     vertex -2.792211e+01  2.500000e+01 -1.137980e+02
     vertex -2.544148e+01  2.500000e+01 -1.143782e+02
     vertex -2.455330e+01  2.500000e+01 -1.225454e+02
   endloop
 endfacet
 facet normal -6.144450e-16  1.000000e+00  2.202265e-16
   outer loop
     vertex -2.792211e+01  2.500000e+01 -1.137980e+02
     vertex -3.890609e+01  2.500000e+01 -1.121798e+02
     vertex -3.055501e+01  2.500000e+01 -1.050119e+02
   endloop
 endfacet
 facet normal -6.452847e-16  1.000000e+00  1.089773e-17
   outer loop
     vertex -2.792211e+01  2.500000e+01 -1.137980e+02
     vertex -3.353920e+01  2.500000e+01 -1.203967e+02
     vertex -3.890609e+01  2.500000e+01 -1.121798e+02
   endloop
 endfacet
 facet normal  0.000000e+00  1.000000e+00  0.000000e+00
   outer loop
     vertex -5.880384e+01  2.500000e+01 -9.035570e+01
     vertex -5.551581e+01  2.500000e+01 -8.317448e+01
     vertex -5.034938e+01  2.500000e+01 -8.639988e+01
   endloop
 endfacet
 facet normal  3.285377e-16  1.000000e+00 -7.021574e-16
   outer loop
     vertex -5.880384e+01  2.500000e+01 -9.035570e+01
     vertex -5.034938e+01  2.500000e+01 -8.639988e+01
     vertex -4.734354e+01  2.500000e+01 -9.511288e+01
   endloop
 endfacet
 facet normal  3.391865e-16  1.000000e+00 -6.765039e-16
   outer loop
     vertex -5.880384e+01  2.500000e+01 -9.035570e+01
     vertex -4.734354e+01  2.500000e+01 -9.511288e+01
     vertex -5.758741e+01  2.500000e+01 -1.002490e+02
   endloop
 endfacet
 facet normal -1.510476e-15  1.000000e+00  6.915937e-16
   outer loop
     vertex -5.880384e+01  2.500000e+01 -9.035570e+01
     vertex -5.907895e+01  2.500000e+01 -8.068257e+01
     vertex -5.551581e+01  2.500000e+01 -8.317448e+01
   endloop
 endfacet
 facet normal -3.184015e-16  1.000000e+00 -3.187384e-16
   outer loop
     vertex -8.628947e+01  2.500000e+01 -7.927018e+01
     vertex -8.638514e+01  2.500000e+01 -9.032078e+01
     vertex -9.022975e+01  2.500000e+01 -8.648024e+01
   endloop
 endfacet
 facet normal  1.096623e-16  1.000000e+00 -4.171523e-16
   outer loop
     vertex -8.799243e+01  2.500000e+01 -7.737550e+01
     vertex -9.022975e+01  2.500000e+01 -8.648024e+01
     vertex -9.637185e+01  2.500000e+01 -7.957831e+01
   endloop
 endfacet
 facet normal -6.642320e-16  1.000000e+00 -5.970171e-16
   outer loop
     vertex -8.799243e+01  2.500000e+01 -7.737550e+01
     vertex -8.512876e+01  2.500000e+01 -6.866002e+01
     vertex -8.628947e+01  2.500000e+01 -7.927018e+01
   endloop
 endfacet
 facet normal -3.409272e-16  1.000000e+00 -3.064281e-16
   outer loop
     vertex -8.799243e+01  2.500000e+01 -7.737550e+01
     vertex -8.628947e+01  2.500000e+01 -7.927018e+01
     vertex -9.022975e+01  2.500000e+01 -8.648024e+01
   endloop
 endfacet
 facet normal  2.878314e-16  1.000000e+00 -1.094903e-15
   outer loop
     vertex -8.799243e+01  2.500000e+01 -7.737550e+01
     vertex -9.637185e+01  2.500000e+01 -7.957831e+01
     vertex -9.607630e+01  2.500000e+01 -6.976629e+01
   endloop
 endfacet
 facet normal  4.208800e-16  1.000000e+00 -9.535545e-16
   outer loop
     vertex -8.799243e+01  2.500000e+01 -7.737550e+01
     vertex -9.607630e+01  2.500000e+01 -6.976629e+01
     vertex -8.512876e+01  2.500000e+01 -6.866002e+01
   endloop
 endfacet
 facet normal -4.220015e-16  1.000000e+00  7.155386e-16
   outer loop
     vertex -9.991714e+01  2.500000e+01 -4.047973e+01
     vertex -9.461079e+01  2.500000e+01 -3.238513e+01
     vertex -9.311359e+01  2.500000e+01 -3.646722e+01
   endloop
 endfacet
 facet normal  5.386537e-16  1.000000e+00 -1.354721e-15
   outer loop
     vertex -9.991714e+01  2.500000e+01 -4.047973e+01
     vertex -9.072086e+01  2.500000e+01 -4.206811e+01
     vertex -9.323814e+01  2.500000e+01 -5.093643e+01
   endloop
 endfacet
 facet normal -2.712287e-16  1.000000e+00 -1.872017e-15
   outer loop
     vertex -9.991714e+01  2.500000e+01 -4.047973e+01
     vertex -9.323814e+01  2.500000e+01 -5.093643e+01
     vertex -1.045768e+02  2.500000e+01 -4.929362e+01
   endloop
 endfacet
 facet normal  5.976211e-16  1.000000e+00 -1.013316e-15
   outer loop
     vertex -9.991714e+01  2.500000e+01 -4.047973e+01
     vertex -9.311359e+01  2.500000e+01 -3.646722e+01
     vertex -9.072086e+01  2.500000e+01 -4.206811e+01
   endloop
 endfacet
 facet normal -6.075754e-16  1.000000e+00  1.219603e-15
   outer loop
     vertex -1.161211e+02  2.500000e+01 -1.566958e+01
     vertex -1.225193e+02  2.500000e+01 -2.468305e+01
     vertex -1.234765e+02  2.500000e+01 -1.933387e+01
   endloop
 endfacet
 facet normal  4.184405e-16  1.000000e+00  8.776886e-17
   outer loop
     vertex -1.164343e+02  2.500000e+01 -1.314142e+01
     vertex -1.187131e+02  2.500000e+01 -2.276887e+00
     vertex -1.091006e+02  2.500000e+01 -7.626939e+00
   endloop
 endfacet
 facet normal  4.431543e-16  1.000000e+00  5.490202e-17
   outer loop
     vertex -1.164343e+02  2.500000e+01 -1.314142e+01
     vertex -1.091006e+02  2.500000e+01 -7.626939e+00
     vertex -1.161211e+02  2.500000e+01 -1.566958e+01
   endloop
 endfacet
 facet normal  0.000000e+00  1.000000e+00  0.000000e+00
   outer loop
     vertex -1.164343e+02  2.500000e+01 -1.314142e+01
     vertex -1.161211e+02  2.500000e+01 -1.566958e+01
     vertex -1.234765e+02  2.500000e+01 -1.933387e+01
   endloop
 endfacet
 facet normal -3.082801e-16  1.000000e+00  3.505842e-16
   outer loop
     vertex -1.164343e+02  2.500000e+01 -1.314142e+01
     vertex -1.234765e+02  2.500000e+01 -1.933387e+01
     vertex -1.245674e+02  2.500000e+01 -1.015942e+01
   endloop
 endfacet
 facet normal -4.732147e-16  1.000000e+00 -9.925789e-17
   outer loop
     vertex -1.164343e+02  2.500000e+01 -1.314142e+01
     vertex -1.245674e+02  2.500000e+01 -1.015942e+01
     vertex -1.187131e+02  2.500000e+01 -2.276887e+00
   endloop
 endfacet
 facet normal -1.120356e-15  1.000000e+00  6.185790e-16
   outer loop
     vertex -1.051122e+02  2.500000e+01  2.394742e+01
     vertex -1.056146e+02  2.500000e+01  1.155062e+01
     vertex -1.139763e+02  2.500000e+01  1.937958e+01
   endloop
 endfacet
 facet normal -1.326669e-15  1.000000e+00  3.492566e-16
   outer loop
     vertex -1.051122e+02  2.500000e+01  2.394742e+01
     vertex -9.612872e+01  2.500000e+01  2.755482e+01
     vertex -9.723563e+01  2.500000e+01  2.335016e+01
   endloop
 endfacet
 facet normal -1.554514e-15  1.000000e+00 -2.655500e-15
   outer loop
     vertex -1.051122e+02  2.500000e+01  2.394742e+01
     vertex -9.723563e+01  2.500000e+01  2.335016e+01
     vertex -9.847679e+01  2.500000e+01  1.738738e+01
   endloop
 endfacet
 facet normal  1.574410e-15  1.000000e+00  5.093492e-16
   outer loop
     vertex -1.051122e+02  2.500000e+01  2.394742e+01
     vertex -9.847679e+01  2.500000e+01  1.738738e+01
     vertex -1.056146e+02  2.500000e+01  1.155062e+01
   endloop
 endfacet
 facet normal -5.084594e-16  1.000000e+00 -4.855631e-16
   outer loop
     vertex -1.042146e+02  2.500000e+01  5.356260e+01
     vertex -1.146198e+02  2.500000e+01  4.982507e+01
     vertex -1.123456e+02  2.500000e+01  5.476036e+01
   endloop
 endfacet
 facet normal  7.612823e-16  1.000000e+00  3.718401e-16
   outer loop
     vertex -1.030255e+02  2.500000e+01  5.581551e+01
     vertex -9.868131e+01  2.500000e+01  6.603022e+01
     vertex -9.385409e+01  2.500000e+01  5.614727e+01
   endloop
 endfacet
 facet normal -7.063783e-16  1.000000e+00 -4.946336e-16
   outer loop
     vertex -1.030255e+02  2.500000e+01  5.581551e+01
     vertex -1.123456e+02  2.500000e+01  5.476036e+01
     vertex -1.079934e+02  2.500000e+01  6.291001e+01
   endloop
 endfacet
 facet normal -6.209506e-16  1.000000e+00 -1.249211e-15
   outer loop
     vertex -1.030255e+02  2.500000e+01  5.581551e+01
     vertex -1.042146e+02  2.500000e+01  5.356260e+01
     vertex -1.123456e+02  2.500000e+01  5.476036e+01
   endloop
 endfacet
 facet normal  8.479624e-16  1.000000e+00 -2.024481e-15
   outer loop
     vertex -1.030255e+02  2.500000e+01  5.581551e+01
     vertex -9.385409e+01  2.500000e+01  5.614727e+01
     vertex -1.042146e+02  2.500000e+01  5.356260e+01
   endloop
 endfacet
 facet normal  6.180260e-16  1.000000e+00  4.327659e-16
   outer loop
     vertex -1.030255e+02  2.500000e+01  5.581551e+01
     vertex -1.079934e+02  2.500000e+01  6.291001e+01
     vertex -9.868131e+01  2.500000e+01  6.603022e+01
   endloop
 endfacet
 facet normal -1.302497e-12  1.000000e+00 -3.597840e-13
   outer loop
     vertex -4.227543e+01  2.500000e+01  1.076057e+02
     vertex -5.202678e+01  2.500000e+01  1.101933e+02
     vertex -4.493309e+01  2.500000e+01  1.166247e+02
   endloop
 endfacet
 facet normal -1.302836e-12  1.000000e+00 -3.610623e-13
   outer loop
     vertex -4.227543e+01  2.500000e+01  1.076057e+02
     vertex -4.927039e+01  2.500000e+01  9.763977e+01
     vertex -5.202678e+01  2.500000e+01  1.101933e+02
   endloop
 endfacet
 facet normal  3.230323e-12  1.000000e+00 -3.546862e-12
   outer loop
     vertex -4.227543e+01  2.500000e+01  1.076057e+02
     vertex -3.010757e+01  2.500000e+01  1.148543e+02
     vertex -3.313294e+01  2.500000e+01  1.042270e+02
   endloop
 endfacet
 facet normal  4.380409e-12  1.000000e+00  1.314824e-12
   outer loop
     vertex -4.227543e+01  2.500000e+01  1.076057e+02
     vertex -4.493309e+01  2.500000e+01  1.166247e+02
     vertex -3.925620e+01  2.500000e+01  1.186553e+02
   endloop
 endfacet
 facet normal -1.107385e-12  1.000000e+00 -4.982476e-13
   outer loop
     vertex -4.227543e+01  2.500000e+01  1.076057e+02
     vertex -4.084235e+01  2.500000e+01  9.127924e+01
     vertex -4.927039e+01  2.500000e+01  9.763977e+01
   endloop
 endfacet
 facet normal -4.525684e-13  1.000000e+00  2.635399e-12
   outer loop
     vertex -4.227543e+01  2.500000e+01  1.076057e+02
     vertex -3.925620e+01  2.500000e+01  1.186553e+02
     vertex -3.010757e+01  2.500000e+01  1.148543e+02
   endloop
 endfacet
 facet normal  4.540174e-12  1.000000e+00 -2.525112e-15
   outer loop
     vertex -4.227543e+01  2.500000e+01  1.076057e+02
     vertex -3.313294e+01  2.500000e+01  1.042270e+02
     vertex -4.084235e+01  2.500000e+01  9.127924e+01
   endloop
 endfacet
 facet normal -7.098173e-12  1.000000e+00  5.641500e-12
   outer loop
     vertex  1.072513e+02  2.500000e+01 -1.697440e+01
     vertex  1.147387e+02  2.500000e+01 -2.376270e+01
     vertex  1.053364e+02  2.500000e+01 -2.941683e+01
   endloop
 endfacet
 facet normal  7.883715e-12  1.000000e+00  3.335807e-12
   outer loop
     vertex  1.072513e+02  2.500000e+01 -1.697440e+01
     vertex  1.053364e+02  2.500000e+01 -2.941683e+01
     vertex  9.762410e+01  2.500000e+01 -2.166867e+01
   endloop
 endfacet
 facet normal  3.481126e-12  1.000000e+00  1.331750e-11
   outer loop
     vertex  1.072513e+02  2.500000e+01 -1.697440e+01
     vertex  9.876218e+01  2.500000e+01 -1.568536e+01
     vertex  9.940425e+01  2.500000e+01 -1.089927e+01
   endloop
 endfacet
 facet normal  3.370813e-12  1.000000e+00  1.259102e-11
   outer loop
     vertex  1.072513e+02  2.500000e+01 -1.697440e+01
     vertex  9.762410e+01  2.500000e+01 -2.166867e+01
     vertex  9.876218e+01  2.500000e+01 -1.568536e+01
   endloop
 endfacet
 facet normal -6.896397e-11  1.000000e+00 -8.025707e-11
   outer loop
     vertex  1.072513e+02  2.500000e+01 -1.697440e+01
     vertex  9.940425e+01  2.500000e+01 -1.089927e+01
     vertex  9.988339e+01  2.500000e+01 -4.827560e+00
   endloop
 endfacet
 facet normal  1.778564e-15  1.000000e+00 -5.812436e-16
   outer loop
     vertex  1.717011e+00  2.500000e+01 -1.085726e+02
     vertex  1.372514e+01  2.500000e+01 -1.085022e+02
     vertex  9.007085e+00  2.500000e+01 -1.168268e+02
   endloop
 endfacet
 facet normal  2.925959e-15  1.000000e+00 -1.103799e-16
   outer loop
     vertex  1.717011e+00  2.500000e+01 -1.085726e+02
     vertex  2.041194e+00  2.500000e+01 -9.997916e+01
     vertex  8.123901e+00  2.500000e+01 -9.966946e+01
   endloop
 endfacet
 facet normal  1.454970e-15  1.000000e+00 -8.670400e-16
   outer loop
     vertex  1.717011e+00  2.500000e+01 -1.085726e+02
     vertex  9.007085e+00  2.500000e+01 -1.168268e+02
     vertex  6.465077e+00  2.500000e+01 -1.169950e+02
   endloop
 endfacet
 facet normal  1.770924e-15  1.000000e+00  7.208051e-16
   outer loop
     vertex  1.717011e+00  2.500000e+01 -1.085726e+02
     vertex  8.123901e+00  2.500000e+01 -9.966946e+01
     vertex  1.372514e+01  2.500000e+01 -1.085022e+02
   endloop
 endfacet
 facet normal -1.634325e-15  1.000000e+00 -1.361944e-16
   outer loop
     vertex -1.590140e+00  2.500000e+01 -1.085746e+02
     vertex -2.306909e+00  2.500000e+01 -9.997338e+01
     vertex  2.041194e+00  2.500000e+01 -9.997916e+01
   endloop
 endfacet
 facet normal -2.347075e-15  1.000000e+00 -1.955905e-16
   outer loop
     vertex -1.590140e+00  2.500000e+01 -1.085746e+02
     vertex -8.388771e+00  2.500000e+01 -9.964752e+01
     vertex -2.306909e+00  2.500000e+01 -9.997338e+01
   endloop
 endfacet
 facet normal -2.148552e-15  1.000000e+00  8.105273e-17
   outer loop
     vertex -1.590140e+00  2.500000e+01 -1.085746e+02
     vertex  2.041194e+00  2.500000e+01 -9.997916e+01
     vertex  1.717011e+00  2.500000e+01 -1.085726e+02
   endloop
 endfacet
 facet normal  1.608428e-15  1.000000e+00 -2.932352e-16
   outer loop
     vertex -1.640739e+01  2.500000e+01 -1.073395e+02
     vertex -1.701237e+01  2.500000e+01 -9.854227e+01
     vertex -1.271259e+01  2.500000e+01 -9.918864e+01
   endloop
 endfacet
 facet normal  8.280817e-16  1.000000e+00  6.049881e-17
   outer loop
     vertex -1.640739e+01  2.500000e+01 -1.073395e+02
     vertex -1.271259e+01  2.500000e+01 -9.918864e+01
     vertex -8.388771e+00  2.500000e+01 -9.964752e+01
   endloop
 endfacet
 facet normal -3.703554e-16  1.000000e+00  1.309833e-15
   outer loop
     vertex -1.640739e+01  2.500000e+01 -1.073395e+02
     vertex -8.388771e+00  2.500000e+01 -9.964752e+01
     vertex -1.590140e+00  2.500000e+01 -1.085746e+02
   endloop
 endfacet
 facet normal  1.142867e-15  1.000000e+00 -2.342411e-16
   outer loop
     vertex -1.873713e+01  2.500000e+01 -1.069574e+02
     vertex -2.297983e+01  2.500000e+01 -9.732381e+01
     vertex -1.701237e+01  2.500000e+01 -9.854227e+01
   endloop
 endfacet
 facet normal  1.932077e-16  1.000000e+00 -6.524779e-16
   outer loop
     vertex -1.873713e+01  2.500000e+01 -1.069574e+02
     vertex -3.055501e+01  2.500000e+01 -1.050119e+02
     vertex -2.297983e+01  2.500000e+01 -9.732381e+01
   endloop
 endfacet
 facet normal  3.989195e-16  1.000000e+00  5.970990e-16
   outer loop
     vertex -1.873713e+01  2.500000e+01 -1.069574e+02
     vertex -2.544148e+01  2.500000e+01 -1.143782e+02
     vertex -3.055501e+01  2.500000e+01 -1.050119e+02
   endloop
 endfacet
 facet normal  1.475352e-15  1.000000e+00 -3.023868e-16
   outer loop
     vertex -1.873713e+01  2.500000e+01 -1.069574e+02
     vertex -1.701237e+01  2.500000e+01 -9.854227e+01
     vertex -1.640739e+01  2.500000e+01 -1.073395e+02
   endloop
 endfacet
 facet normal  1.464921e-15  1.000000e+00 -3.659895e-16
   outer loop
     vertex -1.873713e+01  2.500000e+01 -1.069574e+02
     vertex -1.640739e+01  2.500000e+01 -1.073395e+02
     vertex -2.544148e+01  2.500000e+01 -1.143782e+02
   endloop
 endfacet
 facet normal -4.317801e-16  1.000000e+00 -7.712980e-16
   outer loop
     vertex -6.826679e+01  2.500000e+01 -9.427055e+01
     vertex -5.880384e+01  2.500000e+01 -9.035570e+01
     vertex -5.758741e+01  2.500000e+01 -1.002490e+02
   endloop
 endfacet
 facet normal  3.827297e-16  1.000000e+00  6.836782e-16
   outer loop
     vertex -6.826679e+01  2.500000e+01 -9.427055e+01
     vertex -5.758741e+01  2.500000e+01 -1.002490e+02
     vertex -6.854253e+01  2.500000e+01 -1.045091e+02
   endloop
 endfacet
 facet normal -1.089438e-15  1.000000e+00  7.233256e-16
   outer loop
     vertex -6.826679e+01  2.500000e+01 -9.427055e+01
     vertex -6.854253e+01  2.500000e+01 -1.045091e+02
     vertex -7.302079e+01  2.500000e+01 -1.014308e+02
   endloop
 endfacet
 facet normal  0.000000e+00  1.000000e+00  0.000000e+00
   outer loop
     vertex -7.030012e+01  2.500000e+01 -9.276412e+01
     vertex -7.302079e+01  2.500000e+01 -1.014308e+02
     vertex -7.821357e+01  2.500000e+01 -9.748269e+01
   endloop
 endfacet
 facet normal  0.000000e+00  1.000000e+00  0.000000e+00
   outer loop
     vertex -7.030012e+01  2.500000e+01 -9.276412e+01
     vertex -6.388114e+01  2.500000e+01 -7.693634e+01
     vertex -5.907895e+01  2.500000e+01 -8.068257e+01
   endloop
 endfacet
 facet normal  0.000000e+00  1.000000e+00  0.000000e+00
   outer loop
     vertex -7.030012e+01  2.500000e+01 -9.276412e+01
     vertex -6.826679e+01  2.500000e+01 -9.427055e+01
     vertex -7.302079e+01  2.500000e+01 -1.014308e+02
   endloop
 endfacet
 facet normal -4.818194e-16  1.000000e+00 -6.503430e-16
   outer loop
     vertex -7.030012e+01  2.500000e+01 -9.276412e+01
     vertex -5.880384e+01  2.500000e+01 -9.035570e+01
     vertex -6.826679e+01  2.500000e+01 -9.427055e+01
   endloop
 endfacet
 facet normal  3.545544e-16  1.000000e+00 -5.946186e-16
   outer loop
     vertex -7.030012e+01  2.500000e+01 -9.276412e+01
     vertex -7.821357e+01  2.500000e+01 -9.748269e+01
     vertex -8.237723e+01  2.500000e+01 -9.399059e+01
   endloop
 endfacet
 facet normal -7.673765e-16  1.000000e+00  7.127278e-16
   outer loop
     vertex -7.030012e+01  2.500000e+01 -9.276412e+01
     vertex -5.907895e+01  2.500000e+01 -8.068257e+01
     vertex -5.880384e+01  2.500000e+01 -9.035570e+01
   endloop
 endfacet
 facet normal  3.279947e-16  1.000000e+00 -3.243349e-16
   outer loop
     vertex -7.485569e+01  2.500000e+01 -7.866123e+01
     vertex -8.638514e+01  2.500000e+01 -9.032078e+01
     vertex -8.628947e+01  2.500000e+01 -7.927018e+01
   endloop
 endfacet
 facet normal  1.658990e-16  1.000000e+00 -1.055526e-15
   outer loop
     vertex -7.485569e+01  2.500000e+01 -7.866123e+01
     vertex -6.716518e+01  2.500000e+01 -7.408668e+01
     vertex -6.388114e+01  2.500000e+01 -7.693634e+01
   endloop
 endfacet
 facet normal -2.837366e-16  1.000000e+00 -2.996214e-16
   outer loop
     vertex -7.485569e+01  2.500000e+01 -7.866123e+01
     vertex -7.032226e+01  2.500000e+01 -7.109698e+01
     vertex -6.716518e+01  2.500000e+01 -7.408668e+01
   endloop
 endfacet
 facet normal -4.652116e-16  1.000000e+00  4.600206e-16
   outer loop
     vertex -7.485569e+01  2.500000e+01 -7.866123e+01
     vertex -8.237723e+01  2.500000e+01 -9.399059e+01
     vertex -8.638514e+01  2.500000e+01 -9.032078e+01
   endloop
 endfacet
 facet normal  2.848255e-16  1.000000e+00  9.200558e-17
   outer loop
     vertex -7.485569e+01  2.500000e+01 -7.866123e+01
     vertex -7.030012e+01  2.500000e+01 -9.276412e+01
     vertex -8.237723e+01  2.500000e+01 -9.399059e+01
   endloop
 endfacet
 facet normal -0.000000e+00  1.000000e+00  0.000000e+00
   outer loop
     vertex -7.485569e+01  2.500000e+01 -7.866123e+01
     vertex -6.388114e+01  2.500000e+01 -7.693634e+01
     vertex -7.030012e+01  2.500000e+01 -9.276412e+01
   endloop
 endfacet
 facet normal  0.000000e+00  1.000000e+00  0.000000e+00
   outer loop
     vertex -7.654812e+01  2.500000e+01 -7.701527e+01
     vertex -7.452003e+01  2.500000e+01 -6.668405e+01
     vertex -7.032226e+01  2.500000e+01 -7.109698e+01
   endloop
 endfacet
 facet normal  6.951904e-16  1.000000e+00 -1.364708e-16
   outer loop
     vertex -7.654812e+01  2.500000e+01 -7.701527e+01
     vertex -8.512876e+01  2.500000e+01 -6.866002e+01
     vertex -7.452003e+01  2.500000e+01 -6.668405e+01
   endloop
 endfacet
 facet normal  4.035766e-16  1.000000e+00 -1.743470e-15
   outer loop
     vertex -7.654812e+01  2.500000e+01 -7.701527e+01
     vertex -7.485569e+01  2.500000e+01 -7.866123e+01
     vertex -8.628947e+01  2.500000e+01 -7.927018e+01
   endloop
 endfacet
 facet normal  1.590446e-16  1.000000e+00 -6.870799e-16
   outer loop
     vertex -7.654812e+01  2.500000e+01 -7.701527e+01
     vertex -8.628947e+01  2.500000e+01 -7.927018e+01
     vertex -8.512876e+01  2.500000e+01 -6.866002e+01
   endloop
 endfacet
 facet normal  1.037611e-15  1.000000e+00 -1.091536e-15
   outer loop
     vertex -7.654812e+01  2.500000e+01 -7.701527e+01
     vertex -7.032226e+01  2.500000e+01 -7.109698e+01
     vertex -7.485569e+01  2.500000e+01 -7.866123e+01
   endloop
 endfacet
 facet normal -7.151388e-16  1.000000e+00 -1.637334e-15
   outer loop
     vertex -1.099172e+02  2.500000e+01 -3.828182e+01
     vertex -9.991714e+01  2.500000e+01 -4.047973e+01
     vertex -1.045768e+02  2.500000e+01 -4.929362e+01
   endloop
 endfacet
 facet normal -2.402569e-16  1.000000e+00  6.081228e-16
   outer loop
     vertex -1.099172e+02  2.500000e+01 -3.828182e+01
     vertex -1.159980e+02  2.500000e+01 -4.652632e+01
     vertex -1.179109e+02  2.500000e+01 -4.143995e+01
   endloop
 endfacet
 facet normal  1.408088e-15  1.000000e+00 -6.076270e-16
   outer loop
     vertex -1.099172e+02  2.500000e+01 -3.828182e+01
     vertex -1.045768e+02  2.500000e+01 -4.929362e+01
     vertex -1.159980e+02  2.500000e+01 -4.652632e+01
   endloop
 endfacet
 facet normal  0.000000e+00  1.000000e+00  0.000000e+00
   outer loop
     vertex -1.107235e+02  2.500000e+01 -3.588317e+01
     vertex -1.099172e+02  2.500000e+01 -3.828182e+01
     vertex -1.179109e+02  2.500000e+01 -4.143995e+01
   endloop
 endfacet
 facet normal -2.484161e-16  1.000000e+00  1.144253e-15
   outer loop
     vertex -1.107235e+02  2.500000e+01 -3.588317e+01
     vertex -9.640685e+01  2.500000e+01 -2.656538e+01
     vertex -9.461079e+01  2.500000e+01 -3.238513e+01
   endloop
 endfacet
 facet normal -1.110953e-16  1.000000e+00  5.117265e-16
   outer loop
     vertex -1.107235e+02  2.500000e+01 -3.588317e+01
     vertex -9.461079e+01  2.500000e+01 -3.238513e+01
     vertex -9.991714e+01  2.500000e+01 -4.047973e+01
   endloop
 endfacet
 facet normal -3.836091e-16  1.000000e+00 -1.289423e-16
   outer loop
     vertex -1.107235e+02  2.500000e+01 -3.588317e+01
     vertex -9.991714e+01  2.500000e+01 -4.047973e+01
     vertex -1.099172e+02  2.500000e+01 -3.828182e+01
   endloop
 endfacet
 facet normal -7.082808e-16  1.000000e+00  9.161242e-16
   outer loop
     vertex -1.107235e+02  2.500000e+01 -3.588317e+01
     vertex -1.179109e+02  2.500000e+01 -4.143995e+01
     vertex -1.199124e+02  2.500000e+01 -3.523142e+01
   endloop
 endfacet
 facet normal -7.883762e-16  1.000000e+00 -2.131296e-16
   outer loop
     vertex -1.107235e+02  2.500000e+01 -3.588317e+01
     vertex -1.199124e+02  2.500000e+01 -3.523142e+01
     vertex -1.213306e+02  2.500000e+01 -2.998558e+01
   endloop
 endfacet
 facet normal  2.123014e-16  1.000000e+00  4.363683e-16
   outer loop
     vertex -1.063946e+02  2.500000e+01 -2.170617e+01
     vertex -9.640685e+01  2.500000e+01 -2.656538e+01
     vertex -1.107235e+02  2.500000e+01 -3.588317e+01
   endloop
 endfacet
 facet normal  0.000000e+00  1.000000e+00  0.000000e+00
   outer loop
     vertex -1.063946e+02  2.500000e+01 -2.170617e+01
     vertex -9.747049e+01  2.500000e+01 -2.234951e+01
     vertex -9.640685e+01  2.500000e+01 -2.656538e+01
   endloop
 endfacet
 facet normal -0.000000e+00  1.000000e+00  0.000000e+00
   outer loop
     vertex -1.063946e+02  2.500000e+01 -2.170617e+01
     vertex -9.834989e+01  2.500000e+01 -1.809139e+01
     vertex -9.747049e+01  2.500000e+01 -2.234951e+01
   endloop
 endfacet
 facet normal -3.344315e-16  1.000000e+00  6.033110e-16
   outer loop
     vertex -1.063946e+02  2.500000e+01 -2.170617e+01
     vertex -1.107235e+02  2.500000e+01 -3.588317e+01
     vertex -1.213306e+02  2.500000e+01 -2.998558e+01
   endloop
 endfacet
 facet normal -1.674839e-16  1.000000e+00  9.072015e-16
   outer loop
     vertex -1.063946e+02  2.500000e+01 -2.170617e+01
     vertex -1.225193e+02  2.500000e+01 -2.468305e+01
     vertex -1.161211e+02  2.500000e+01 -1.566958e+01
   endloop
 endfacet
 facet normal  0.000000e+00  1.000000e+00  0.000000e+00
   outer loop
     vertex -1.063946e+02  2.500000e+01 -2.170617e+01
     vertex -1.213306e+02  2.500000e+01 -2.998558e+01
     vertex -1.225193e+02  2.500000e+01 -2.468305e+01
   endloop
 endfacet
 facet normal -8.297735e-16  1.000000e+00 -1.599157e-16
   outer loop
     vertex -1.068413e+02  2.500000e+01 -1.938803e+01
     vertex -1.063946e+02  2.500000e+01 -2.170617e+01
     vertex -1.161211e+02  2.500000e+01 -1.566958e+01
   endloop
 endfacet
 facet normal -1.761017e-16  1.000000e+00  1.153257e-15
   outer loop
     vertex -1.068413e+02  2.500000e+01 -1.938803e+01
     vertex -9.926883e+01  2.500000e+01 -1.207053e+01
     vertex -9.834989e+01  2.500000e+01 -1.809139e+01
   endloop
 endfacet
 facet normal -4.361364e-16  1.000000e+00  8.224414e-16
   outer loop
     vertex -1.068413e+02  2.500000e+01 -1.938803e+01
     vertex -1.161211e+02  2.500000e+01 -1.566958e+01
     vertex -1.091006e+02  2.500000e+01 -7.626939e+00
   endloop
 endfacet
 facet normal -0.000000e+00  1.000000e+00  0.000000e+00
   outer loop
     vertex -1.068413e+02  2.500000e+01 -1.938803e+01
     vertex -9.834989e+01  2.500000e+01 -1.809139e+01
     vertex -1.063946e+02  2.500000e+01 -2.170617e+01
   endloop
 endfacet
 facet normal  5.281223e-17  1.000000e+00  9.163656e-16
   outer loop
     vertex -1.068413e+02  2.500000e+01 -1.938803e+01
     vertex -1.091006e+02  2.500000e+01 -7.626939e+00
     vertex -9.926883e+01  2.500000e+01 -1.207053e+01
   endloop
 endfacet
 facet normal -2.131444e-16  1.000000e+00 -1.141915e-15
   outer loop
     vertex -1.120587e+02  2.500000e+01  3.146641e+01
     vertex -1.051122e+02  2.500000e+01  2.394742e+01
     vertex -1.139763e+02  2.500000e+01  1.937958e+01
   endloop
 endfacet
 facet normal -3.008740e-16  1.000000e+00 -1.272676e-15
   outer loop
     vertex -1.120587e+02  2.500000e+01  3.146641e+01
     vertex -1.217631e+02  2.500000e+01  2.817757e+01
     vertex -1.204232e+02  2.500000e+01  3.344386e+01
   endloop
 endfacet
 facet normal -3.526917e-16  1.000000e+00 -1.119776e-15
   outer loop
     vertex -1.120587e+02  2.500000e+01  3.146641e+01
     vertex -1.139763e+02  2.500000e+01  1.937958e+01
     vertex -1.217631e+02  2.500000e+01  2.817757e+01
   endloop
 endfacet
 facet normal -3.234546e-16  1.000000e+00 -1.368190e-15
   outer loop
     vertex -1.113482e+02  2.500000e+01  3.389508e+01
     vertex -1.120587e+02  2.500000e+01  3.146641e+01
     vertex -1.204232e+02  2.500000e+01  3.344386e+01
   endloop
 endfacet
 facet normal -3.975306e-16  1.000000e+00  1.216629e-16
   outer loop
     vertex -1.113482e+02  2.500000e+01  3.389508e+01
     vertex -1.204232e+02  2.500000e+01  3.344386e+01
     vertex -1.185142e+02  2.500000e+01  3.968142e+01
   endloop
 endfacet
 facet normal -4.256889e-16  1.000000e+00 -1.338279e-15
   outer loop
     vertex -1.113482e+02  2.500000e+01  3.389508e+01
     vertex -1.051122e+02  2.500000e+01  2.394742e+01
     vertex -1.120587e+02  2.500000e+01  3.146641e+01
   endloop
 endfacet
 facet normal  5.051042e-17  1.000000e+00  6.765371e-16
   outer loop
     vertex -1.113482e+02  2.500000e+01  3.389508e+01
     vertex -1.185142e+02  2.500000e+01  3.968142e+01
     vertex -1.166773e+02  2.500000e+01  4.479559e+01
   endloop
 endfacet
 facet normal  6.753908e-16  1.000000e+00  1.621239e-15
   outer loop
     vertex -1.113482e+02  2.500000e+01  3.389508e+01
     vertex -9.427296e+01  2.500000e+01  3.335580e+01
     vertex -9.612872e+01  2.500000e+01  2.755482e+01
   endloop
 endfacet
 facet normal -6.041069e-16  1.000000e+00 -1.450126e-15
   outer loop
     vertex -1.113482e+02  2.500000e+01  3.389508e+01
     vertex -9.612872e+01  2.500000e+01  2.755482e+01
     vertex -1.051122e+02  2.500000e+01  2.394742e+01
   endloop
 endfacet
 facet normal  5.107756e-16  1.000000e+00  9.015560e-16
   outer loop
     vertex -9.968730e+01  2.500000e+01  4.305121e+01
     vertex -1.113482e+02  2.500000e+01  3.389508e+01
     vertex -1.166773e+02  2.500000e+01  4.479559e+01
   endloop
 endfacet
 facet normal  6.471752e-16  1.000000e+00  7.278432e-16
   outer loop
     vertex -9.968730e+01  2.500000e+01  4.305121e+01
     vertex -9.427296e+01  2.500000e+01  3.335580e+01
     vertex -1.113482e+02  2.500000e+01  3.389508e+01
   endloop
 endfacet
 facet normal -3.811041e-16  1.000000e+00 -8.401177e-16
   outer loop
     vertex -9.968730e+01  2.500000e+01  4.305121e+01
     vertex -1.146198e+02  2.500000e+01  4.982507e+01
     vertex -1.042146e+02  2.500000e+01  5.356260e+01
   endloop
 endfacet
 facet normal  5.405567e-16  1.000000e+00  1.191620e-15
   outer loop
     vertex -9.968730e+01  2.500000e+01  4.305121e+01
     vertex -1.166773e+02  2.500000e+01  4.479559e+01
     vertex -1.146198e+02  2.500000e+01  4.982507e+01
   endloop
 endfacet
 facet normal  5.413901e-16  1.000000e+00  6.687682e-16
   outer loop
     vertex -9.968730e+01  2.500000e+01  4.305121e+01
     vertex -9.273390e+01  2.500000e+01  3.742221e+01
     vertex -9.427296e+01  2.500000e+01  3.335580e+01
   endloop
 endfacet
 facet normal  0.000000e+00  1.000000e+00  0.000000e+00
   outer loop
     vertex -9.968730e+01  2.500000e+01  4.305121e+01
     vertex -9.101956e+01  2.500000e+01  4.141787e+01
     vertex -9.273390e+01  2.500000e+01  3.742221e+01
   endloop
 endfacet
 facet normal -1.047837e-15  1.000000e+00  1.420758e-16
   outer loop
     vertex -9.872783e+01  2.500000e+01  4.520820e+01
     vertex -9.385409e+01  2.500000e+01  5.614727e+01
     vertex -8.832931e+01  2.500000e+01  4.688209e+01
   endloop
 endfacet
 facet normal  7.720823e-16  1.000000e+00 -3.434347e-16
   outer loop
     vertex -9.872783e+01  2.500000e+01  4.520820e+01
     vertex -9.968730e+01  2.500000e+01  4.305121e+01
     vertex -1.042146e+02  2.500000e+01  5.356260e+01
   endloop
 endfacet
 facet normal  0.000000e+00  1.000000e+00  0.000000e+00
   outer loop
     vertex -9.872783e+01  2.500000e+01  4.520820e+01
     vertex -9.101956e+01  2.500000e+01  4.141787e+01
     vertex -9.968730e+01  2.500000e+01  4.305121e+01
   endloop
 endfacet
 facet normal -7.721802e-16  1.000000e+00 -1.570356e-15
   outer loop
     vertex -9.872783e+01  2.500000e+01  4.520820e+01
     vertex -8.832931e+01  2.500000e+01  4.688209e+01
     vertex -9.101956e+01  2.500000e+01  4.141787e+01
   endloop
 endfacet
 facet normal  4.769430e-16  1.000000e+00 -5.372681e-16
   outer loop
     vertex -9.872783e+01  2.500000e+01  4.520820e+01
     vertex -1.042146e+02  2.500000e+01  5.356260e+01
     vertex -9.385409e+01  2.500000e+01  5.614727e+01
   endloop
 endfacet
 facet normal -8.170623e-12  1.000000e+00  4.458596e-12
   outer loop
     vertex  1.162554e+02  2.500000e+01 -1.108983e+01
     vertex  1.147387e+02  2.500000e+01 -2.376270e+01
     vertex  1.072513e+02  2.500000e+01 -1.697440e+01
   endloop
 endfacet
 facet normal  1.569975e-11  1.000000e+00  1.601692e-12
   outer loop
     vertex  1.162554e+02  2.500000e+01 -1.108983e+01
     vertex  1.238308e+02  2.500000e+01 -1.691679e+01
     vertex  1.147387e+02  2.500000e+01 -2.376270e+01
   endloop
 endfacet
 facet normal  4.992457e-13  1.000000e+00 -6.567034e-11
   outer loop
     vertex  1.162554e+02  2.500000e+01 -1.108983e+01
     vertex  9.988339e+01  2.500000e+01 -4.827560e+00
     vertex  1.249134e+02  2.500000e+01 -4.107697e+00
   endloop
 endfacet
 facet normal -1.453797e-11  1.000000e+00 -4.702389e-11
   outer loop
     vertex  1.162554e+02  2.500000e+01 -1.108983e+01
     vertex  1.249134e+02  2.500000e+01 -4.107697e+00
     vertex  1.245695e+02  2.500000e+01 -1.013318e+01
   endloop
 endfacet
 facet normal -1.547034e-11  1.000000e+00 -3.892091e-11
   outer loop
     vertex  1.162554e+02  2.500000e+01 -1.108983e+01
     vertex  1.245695e+02  2.500000e+01 -1.013318e+01
     vertex  1.238308e+02  2.500000e+01 -1.691679e+01
   endloop
 endfacet
 facet normal  1.421924e-11  1.000000e+00 -2.980086e-11
   outer loop
     vertex  1.162554e+02  2.500000e+01 -1.108983e+01
     vertex  1.072513e+02  2.500000e+01 -1.697440e+01
     vertex  9.988339e+01  2.500000e+01 -4.827560e+00
   endloop
 endfacet
 facet normal -5.668835e-16  1.000000e+00 -1.047872e-15
   outer loop
     vertex -1.278199e+01  2.500000e+01 -1.160816e+02
     vertex -1.640739e+01  2.500000e+01 -1.073395e+02
     vertex -1.590140e+00  2.500000e+01 -1.085746e+02
   endloop
 endfacet
 facet normal  1.372231e-15  1.000000e+00 -2.300150e-16
   outer loop
     vertex -1.278199e+01  2.500000e+01 -1.160816e+02
     vertex -1.920296e+01  2.500000e+01 -1.234969e+02
     vertex -2.544148e+01  2.500000e+01 -1.143782e+02
   endloop
 endfacet
 facet normal -1.297980e-15  1.000000e+00  1.650653e-16
   outer loop
     vertex -1.278199e+01  2.500000e+01 -1.160816e+02
     vertex -8.403537e+00  2.500000e+01 -1.246981e+02
     vertex -1.381631e+01  2.500000e+01 -1.242149e+02
   endloop
 endfacet
 facet normal  1.370280e-15  1.000000e+00 -2.445183e-16
   outer loop
     vertex -1.278199e+01  2.500000e+01 -1.160816e+02
     vertex -2.544148e+01  2.500000e+01 -1.143782e+02
     vertex -1.640739e+01  2.500000e+01 -1.073395e+02
   endloop
 endfacet
 facet normal  1.297093e-15  1.000000e+00 -1.649526e-16
   outer loop
     vertex -1.278199e+01  2.500000e+01 -1.160816e+02
     vertex -1.381631e+01  2.500000e+01 -1.242149e+02
     vertex -1.920296e+01  2.500000e+01 -1.234969e+02
   endloop
 endfacet
 facet normal -2.158273e-15  1.000000e+00  5.354604e-16
   outer loop
     vertex -3.185349e+00  2.500000e+01 -1.169350e+02
     vertex -1.885819e+00  2.500000e+01 -1.249667e+02
     vertex -8.403537e+00  2.500000e+01 -1.246981e+02
   endloop
 endfacet
 facet normal  7.283359e-16  1.000000e+00 -1.276675e-15
   outer loop
     vertex -3.185349e+00  2.500000e+01 -1.169350e+02
     vertex  1.717011e+00  2.500000e+01 -1.085726e+02
     vertex  6.465077e+00  2.500000e+01 -1.169950e+02
   endloop
 endfacet
 facet normal -1.456109e-15  1.000000e+00  2.778333e-16
   outer loop
     vertex -3.185349e+00  2.500000e+01 -1.169350e+02
     vertex -1.278199e+01  2.500000e+01 -1.160816e+02
     vertex -1.590140e+00  2.500000e+01 -1.085746e+02
   endloop
 endfacet
 facet normal  7.429404e-16  1.000000e+00  1.070023e-15
   outer loop
     vertex -3.185349e+00  2.500000e+01 -1.169350e+02
     vertex  6.465077e+00  2.500000e+01 -1.169950e+02
     vertex  3.548367e+00  2.500000e+01 -1.249306e+02
   endloop
 endfacet
 facet normal  6.471858e-16  1.000000e+00  9.893806e-16
   outer loop
     vertex -3.185349e+00  2.500000e+01 -1.169350e+02
     vertex  3.548367e+00  2.500000e+01 -1.249306e+02
     vertex -1.885819e+00  2.500000e+01 -1.249667e+02
   endloop
 endfacet
 facet normal -2.148745e-15  1.000000e+00  4.099917e-16
   outer loop
     vertex -3.185349e+00  2.500000e+01 -1.169350e+02
     vertex -1.590140e+00  2.500000e+01 -1.085746e+02
     vertex  1.717011e+00  2.500000e+01 -1.085726e+02
   endloop
 endfacet
 facet normal -1.474096e-15  1.000000e+00  7.557291e-17
   outer loop
     vertex -3.185349e+00  2.500000e+01 -1.169350e+02
     vertex -8.403537e+00  2.500000e+01 -1.246981e+02
     vertex -1.278199e+01  2.500000e+01 -1.160816e+02
   endloop
 endfacet
 facet normal  9.980263e-01  0.000000e+00 -6.279664e-02
   outer loop
     vertex  1.490431e+02 -2.500000e+01 -1.663201e+01
     vertex  1.499524e+02  2.500000e+01 -2.180969e+00
     vertex  1.499524e+02 -2.500000e+01 -2.180969e+00
   endloop
 endfacet
 facet normal  9.980263e-01  0.000000e+00 -6.279664e-02
   outer loop
     vertex  1.490431e+02 -2.500000e+01 -1.663201e+01
     vertex  1.490431e+02  2.500000e+01 -1.663201e+01
     vertex  1.499524e+02  2.500000e+01 -2.180969e+00
   endloop
 endfacet
 facet normal  9.873184e-01  0.000000e+00 -1.587525e-01
   outer loop
     vertex  1.467445e+02 -2.500000e+01 -3.092800e+01
     vertex  1.490431e+02  2.500000e+01 -1.663201e+01
     vertex  1.490431e+02 -2.500000e+01 -1.663201e+01
   endloop
 endfacet
 facet normal  9.873184e-01  0.000000e+00 -1.587525e-01
   outer loop
     vertex  1.467445e+02 -2.500000e+01 -3.092800e+01
     vertex  1.467445e+02  2.500000e+01 -3.092800e+01
     vertex  1.490431e+02  2.500000e+01 -1.663201e+01
   endloop
 endfacet
 facet normal  9.674027e-01  0.000000e+00 -2.532431e-01
   outer loop
     vertex  1.430764e+02 -2.500000e+01 -4.494009e+01
     vertex  1.467445e+02  2.500000e+01 -3.092800e+01
     vertex  1.467445e+02 -2.500000e+01 -3.092800e+01
   endloop
 endfacet
 facet normal  9.674027e-01  0.000000e+00 -2.532431e-01
   outer loop
     vertex  1.430764e+02 -2.500000e+01 -4.494009e+01
     vertex  1.430764e+02  2.500000e+01 -4.494009e+01
     vertex  1.467445e+02  2.500000e+01 -3.092800e+01
   endloop
 endfacet
 facet normal  9.401168e-01  0.000000e+00 -3.408524e-01
   outer loop
     vertex  1.386324e+02 -2.500000e+01 -5.719736e+01
     vertex  1.430764e+02  2.500000e+01 -4.494009e+01
     vertex  1.430764e+02 -2.500000e+01 -4.494009e+01
   endloop
 endfacet
 facet normal  9.401168e-01  0.000000e+00 -3.408524e-01
   outer loop
     vertex  1.386324e+02 -2.500000e+01 -5.719736e+01
     vertex  1.386324e+02  2.500000e+01 -5.719736e+01
     vertex  1.430764e+02  2.500000e+01 -4.494009e+01
   endloop
 endfacet
 facet normal  9.069588e-01  0.000000e+00 -4.212193e-01
   outer loop
     vertex  1.331405e+02 -2.500000e+01 -6.902228e+01
     vertex  1.386324e+02  2.500000e+01 -5.719736e+01
     vertex  1.386324e+02 -2.500000e+01 -5.719736e+01
   endloop
 endfacet
 facet normal  9.069588e-01  0.000000e+00 -4.212193e-01
   outer loop
     vertex  1.331405e+02 -2.500000e+01 -6.902228e+01
     vertex  1.331405e+02  2.500000e+01 -6.902228e+01
     vertex  1.386324e+02  2.500000e+01 -5.719736e+01
   endloop
 endfacet
 facet normal  8.669458e-01  0.000000e+00 -4.984023e-01
   outer loop
     vertex  1.266424e+02 -2.500000e+01 -8.032548e+01
     vertex  1.331405e+02  2.500000e+01 -6.902228e+01
     vertex  1.331405e+02 -2.500000e+01 -6.902228e+01
   endloop
 endfacet
 facet normal  8.669458e-01  0.000000e+00 -4.984023e-01
   outer loop
     vertex  1.266424e+02 -2.500000e+01 -8.032548e+01
     vertex  1.266424e+02  2.500000e+01 -8.032548e+01
     vertex  1.331405e+02  2.500000e+01 -6.902228e+01
   endloop
 endfacet
 facet normal  8.203804e-01  0.000000e+00 -5.718181e-01
   outer loop
     vertex  1.191871e+02 -2.500000e+01 -9.102154e+01
     vertex  1.266424e+02  2.500000e+01 -8.032548e+01
     vertex  1.266424e+02 -2.500000e+01 -8.032548e+01
   endloop
 endfacet
 facet normal  8.203804e-01  0.000000e+00 -5.718181e-01
   outer loop
     vertex  1.191871e+02 -2.500000e+01 -9.102154e+01
     vertex  1.191871e+02  2.500000e+01 -9.102154e+01
     vertex  1.266424e+02  2.500000e+01 -8.032548e+01
   endloop
 endfacet
 facet normal  7.676145e-01  0.000000e+00 -6.409119e-01
   outer loop
     vertex  1.108309e+02 -2.500000e+01 -1.010296e+02
     vertex  1.191871e+02  2.500000e+01 -9.102154e+01
     vertex  1.191871e+02 -2.500000e+01 -9.102154e+01
   endloop
 endfacet
 facet normal  7.676145e-01  0.000000e+00 -6.409119e-01
   outer loop
     vertex  1.108309e+02 -2.500000e+01 -1.010296e+02
     vertex  1.108309e+02  2.500000e+01 -1.010296e+02
     vertex  1.191871e+02  2.500000e+01 -9.102154e+01
   endloop
 endfacet
 facet normal  7.090470e-01  0.000000e+00 -7.051613e-01
   outer loop
     vertex  1.016371e+02 -2.500000e+01 -1.102741e+02
     vertex  1.108309e+02  2.500000e+01 -1.010296e+02
     vertex  1.108309e+02 -2.500000e+01 -1.010296e+02
   endloop
 endfacet
 facet normal  7.090470e-01  0.000000e+00 -7.051613e-01
   outer loop
     vertex  1.016371e+02 -2.500000e+01 -1.102741e+02
     vertex  1.016371e+02  2.500000e+01 -1.102741e+02
     vertex  1.108309e+02  2.500000e+01 -1.010296e+02
   endloop
 endfacet
 facet normal  6.451205e-01  0.000000e+00 -7.640808e-01
   outer loop
     vertex  9.167517e+01 -2.500000e+01 -1.186850e+02
     vertex  1.016371e+02  2.500000e+01 -1.102741e+02
     vertex  1.016371e+02 -2.500000e+01 -1.102741e+02
   endloop
 endfacet
 facet normal  6.451205e-01  0.000000e+00 -7.640808e-01
   outer loop
     vertex  9.167517e+01 -2.500000e+01 -1.186850e+02
     vertex  9.167517e+01  2.500000e+01 -1.186850e+02
     vertex  1.016371e+02  2.500000e+01 -1.102741e+02
   endloop
 endfacet
 facet normal  5.763184e-01  0.000000e+00 -8.172253e-01
   outer loop
     vertex  8.102036e+01 -2.500000e+01 -1.261990e+02
     vertex  9.167517e+01  2.500000e+01 -1.186850e+02
     vertex  9.167517e+01 -2.500000e+01 -1.186850e+02
   endloop
 endfacet
 facet normal  5.763184e-01  0.000000e+00 -8.172253e-01
   outer loop
     vertex  8.102036e+01 -2.500000e+01 -1.261990e+02
     vertex  8.102036e+01  2.500000e+01 -1.261990e+02
     vertex  9.167517e+01  2.500000e+01 -1.186850e+02
   endloop
 endfacet
 facet normal  5.031606e-01  0.000000e+00 -8.641929e-01
   outer loop
     vertex  6.975322e+01 -2.500000e+01 -1.327591e+02
     vertex  8.102036e+01  2.500000e+01 -1.261990e+02
     vertex  8.102036e+01 -2.500000e+01 -1.261990e+02
   endloop
 endfacet
 facet normal  5.031606e-01  0.000000e+00 -8.641929e-01
   outer loop
     vertex  6.975322e+01 -2.500000e+01 -1.327591e+02
     vertex  6.975322e+01  2.500000e+01 -1.327591e+02
     vertex  8.102036e+01  2.500000e+01 -1.261990e+02
   endloop
 endfacet
 facet normal  4.262001e-01  0.000000e+00 -9.046289e-01
   outer loop
     vertex  5.795892e+01 -2.500000e+01 -1.383157e+02
     vertex  6.975322e+01  2.500000e+01 -1.327591e+02
     vertex  6.975322e+01 -2.500000e+01 -1.327591e+02
   endloop
 endfacet
 facet normal  4.262001e-01  0.000000e+00 -9.046289e-01
   outer loop
     vertex  5.795892e+01 -2.500000e+01 -1.383157e+02
     vertex  5.795892e+01  2.500000e+01 -1.383157e+02
     vertex  6.975322e+01  2.500000e+01 -1.327591e+02
   endloop
 endfacet
 facet normal  3.460186e-01  0.000000e+00 -9.382276e-01
   outer loop
     vertex  4.572661e+01 -2.500000e+01 -1.428270e+02
     vertex  5.795892e+01  2.500000e+01 -1.383157e+02
     vertex  5.795892e+01 -2.500000e+01 -1.383157e+02
   endloop
 endfacet
 facet normal  3.460186e-01  0.000000e+00 -9.382276e-01
   outer loop
     vertex  4.572661e+01 -2.500000e+01 -1.428270e+02
     vertex  4.572661e+01  2.500000e+01 -1.428270e+02
     vertex  5.795892e+01  2.500000e+01 -1.383157e+02
   endloop
 endfacet
 facet normal  2.632222e-01  0.000000e+00 -9.647352e-01
   outer loop
     vertex  3.314873e+01 -2.500000e+01 -1.462588e+02
     vertex  3.314873e+01  2.500000e+01 -1.462588e+02
     vertex  4.572661e+01  2.500000e+01 -1.428270e+02
   endloop
 endfacet
 facet normal  2.632222e-01  0.000000e+00 -9.647352e-01
   outer loop
     vertex  3.314873e+01 -2.500000e+01 -1.462588e+02
     vertex  4.572661e+01  2.500000e+01 -1.428270e+02
     vertex  4.572661e+01 -2.500000e+01 -1.428270e+02
   endloop
 endfacet
 facet normal  1.736804e-01  0.000000e+00 -9.848021e-01
   outer loop
     vertex  1.888371e+01 -2.500000e+01 -1.487746e+02
     vertex  1.888371e+01  2.500000e+01 -1.487746e+02
     vertex  3.314873e+01  2.500000e+01 -1.462588e+02
   endloop
 endfacet
 facet normal  1.736804e-01  0.000000e+00 -9.848021e-01
   outer loop
     vertex  1.888371e+01 -2.500000e+01 -1.487746e+02
     vertex  3.314873e+01  2.500000e+01 -1.462588e+02
     vertex  3.314873e+01 -2.500000e+01 -1.462588e+02
   endloop
 endfacet
 facet normal  8.267416e-02  0.000000e+00 -9.965766e-01
   outer loop
     vertex  5.889845e+00 -2.500000e+01 -1.498525e+02
     vertex  5.889845e+00  2.500000e+01 -1.498525e+02
     vertex  1.888371e+01  2.500000e+01 -1.487746e+02
   endloop
 endfacet
 facet normal -4.200432e-03  0.000000e+00 -9.999912e-01
   outer loop
     vertex  5.889845e+00 -2.500000e+01 -1.498525e+02
     vertex -7.148520e+00  2.500000e+01 -1.497978e+02
     vertex  5.889845e+00  2.500000e+01 -1.498525e+02
   endloop
 endfacet
 facet normal  8.267416e-02  0.000000e+00 -9.965766e-01
   outer loop
     vertex  5.889845e+00 -2.500000e+01 -1.498525e+02
     vertex  1.888371e+01  2.500000e+01 -1.487746e+02
     vertex  1.888371e+01 -2.500000e+01 -1.487746e+02
   endloop
 endfacet
 facet normal -4.200432e-03  0.000000e+00 -9.999912e-01
   outer loop
     vertex -7.148520e+00 -2.500000e+01 -1.497978e+02
     vertex -7.148520e+00  2.500000e+01 -1.497978e+02
     vertex  5.889845e+00 -2.500000e+01 -1.498525e+02
   endloop
 endfacet
 facet normal -9.104314e-02  0.000000e+00 -9.958469e-01
   outer loop
     vertex -2.013283e+01 -2.500000e+01 -1.486107e+02
     vertex -2.013283e+01  2.500000e+01 -1.486107e+02
     vertex -7.148520e+00  2.500000e+01 -1.497978e+02
   endloop
 endfacet
 facet normal -1.771975e-01  0.000000e+00 -9.841753e-01
   outer loop
     vertex -2.013283e+01 -2.500000e+01 -1.486107e+02
     vertex -3.296494e+01  2.500000e+01 -1.463003e+02
     vertex -2.013283e+01  2.500000e+01 -1.486107e+02
   endloop
 endfacet
 facet normal -9.104314e-02  0.000000e+00 -9.958469e-01
   outer loop
     vertex -2.013283e+01 -2.500000e+01 -1.486107e+02
     vertex -7.148520e+00  2.500000e+01 -1.497978e+02
     vertex -7.148520e+00 -2.500000e+01 -1.497978e+02
   endloop
 endfacet
 facet normal -1.771975e-01  0.000000e+00 -9.841753e-01
   outer loop
     vertex -3.296494e+01 -2.500000e+01 -1.463003e+02
     vertex -3.296494e+01  2.500000e+01 -1.463003e+02
     vertex -2.013283e+01 -2.500000e+01 -1.486107e+02
   endloop
 endfacet
 facet normal -2.620124e-01  0.000000e+00 -9.650645e-01
   outer loop
     vertex -4.554786e+01 -2.500000e+01 -1.428841e+02
     vertex -3.296494e+01  2.500000e+01 -1.463003e+02
     vertex -3.296494e+01 -2.500000e+01 -1.463003e+02
   endloop
 endfacet
 facet normal -2.620124e-01  0.000000e+00 -9.650645e-01
   outer loop
     vertex -4.554786e+01 -2.500000e+01 -1.428841e+02
     vertex -4.554786e+01  2.500000e+01 -1.428841e+02
     vertex -3.296494e+01  2.500000e+01 -1.463003e+02
   endloop
 endfacet
 facet normal -3.448466e-01  0.000000e+00 -9.386590e-01
   outer loop
     vertex -4.554786e+01 -2.500000e+01 -1.428841e+02
     vertex -5.778646e+01  2.500000e+01 -1.383879e+02
     vertex -4.554786e+01  2.500000e+01 -1.428841e+02
   endloop
 endfacet
 facet normal -3.448466e-01  0.000000e+00 -9.386590e-01
   outer loop
     vertex -5.778646e+01 -2.500000e+01 -1.383879e+02
     vertex -5.778646e+01  2.500000e+01 -1.383879e+02
     vertex -4.554786e+01 -2.500000e+01 -1.428841e+02
   endloop
 endfacet
 facet normal -4.250741e-01  0.000000e+00 -9.051586e-01
   outer loop
     vertex -5.778646e+01 -2.500000e+01 -1.383879e+02
     vertex -6.958826e+01  2.500000e+01 -1.328456e+02
     vertex -5.778646e+01  2.500000e+01 -1.383879e+02
   endloop
 endfacet
 facet normal -4.250741e-01  0.000000e+00 -9.051586e-01
   outer loop
     vertex -6.958826e+01 -2.500000e+01 -1.328456e+02
     vertex -6.958826e+01  2.500000e+01 -1.328456e+02
     vertex -5.778646e+01 -2.500000e+01 -1.383879e+02
   endloop
 endfacet
 facet normal -5.020884e-01  0.000000e+00 -8.648163e-01
   outer loop
     vertex -8.086404e+01 -2.500000e+01 -1.262992e+02
     vertex -6.958826e+01  2.500000e+01 -1.328456e+02
     vertex -6.958826e+01 -2.500000e+01 -1.328456e+02
   endloop
 endfacet
 facet normal -5.020884e-01  0.000000e+00 -8.648163e-01
   outer loop
     vertex -8.086404e+01 -2.500000e+01 -1.262992e+02
     vertex -8.086404e+01  2.500000e+01 -1.262992e+02
     vertex -6.958826e+01  2.500000e+01 -1.328456e+02
   endloop
 endfacet
 facet normal -5.753075e-01  0.000000e+00 -8.179372e-01
   outer loop
     vertex -8.086404e+01 -2.500000e+01 -1.262992e+02
     vertex -9.152857e+01  2.500000e+01 -1.187981e+02
     vertex -8.086404e+01  2.500000e+01 -1.262992e+02
   endloop
 endfacet
 facet normal -5.753075e-01  0.000000e+00 -8.179372e-01
   outer loop
     vertex -9.152857e+01 -2.500000e+01 -1.187981e+02
     vertex -9.152857e+01  2.500000e+01 -1.187981e+02
     vertex -8.086404e+01 -2.500000e+01 -1.262992e+02
   endloop
 endfacet
 facet normal -6.441779e-01  0.000000e+00 -7.648757e-01
   outer loop
     vertex -1.015013e+02 -2.500000e+01 -1.103992e+02
     vertex -9.152857e+01  2.500000e+01 -1.187981e+02
     vertex -9.152857e+01 -2.500000e+01 -1.187981e+02
   endloop
 endfacet
 facet normal -6.441779e-01  0.000000e+00 -7.648757e-01
   outer loop
     vertex -1.015013e+02 -2.500000e+01 -1.103992e+02
     vertex -1.015013e+02  2.500000e+01 -1.103992e+02
     vertex -9.152857e+01  2.500000e+01 -1.187981e+02
   endloop
 endfacet
 facet normal -7.081790e-01  0.000000e+00 -7.060329e-01
   outer loop
     vertex -1.107067e+02 -2.500000e+01 -1.011657e+02
     vertex -1.015013e+02  2.500000e+01 -1.103992e+02
     vertex -1.015013e+02 -2.500000e+01 -1.103992e+02
   endloop
 endfacet
 facet normal -7.081790e-01  0.000000e+00 -7.060329e-01
   outer loop
     vertex -1.107067e+02 -2.500000e+01 -1.011657e+02
     vertex -1.107067e+02  2.500000e+01 -1.011657e+02
     vertex -1.015013e+02  2.500000e+01 -1.103992e+02
   endloop
 endfacet
 facet normal -7.668272e-01  0.000000e+00 -6.418536e-01
   outer loop
     vertex -1.190754e+02 -2.500000e+01 -9.116763e+01
     vertex -1.107067e+02  2.500000e+01 -1.011657e+02
     vertex -1.107067e+02 -2.500000e+01 -1.011657e+02
   endloop
 endfacet
 facet normal -7.668272e-01  0.000000e+00 -6.418536e-01
   outer loop
     vertex -1.190754e+02 -2.500000e+01 -9.116763e+01
     vertex -1.190754e+02  2.500000e+01 -9.116763e+01
     vertex -1.107067e+02  2.500000e+01 -1.011657e+02
   endloop
 endfacet
 facet normal -8.196791e-01  0.000000e+00 -5.728229e-01
   outer loop
     vertex -1.190754e+02 -2.500000e+01 -9.116763e+01
     vertex -1.265440e+02  2.500000e+01 -8.048047e+01
     vertex -1.190754e+02  2.500000e+01 -9.116763e+01
   endloop
 endfacet
 facet normal -8.196791e-01  0.000000e+00 -5.728229e-01
   outer loop
     vertex -1.265440e+02 -2.500000e+01 -8.048047e+01
     vertex -1.265440e+02  2.500000e+01 -8.048047e+01
     vertex -1.190754e+02 -2.500000e+01 -9.116763e+01
   endloop
 endfacet
 facet normal -8.663354e-01  0.000000e+00 -4.994627e-01
   outer loop
     vertex -1.330560e+02 -2.500000e+01 -6.918501e+01
     vertex -1.265440e+02  2.500000e+01 -8.048047e+01
     vertex -1.265440e+02 -2.500000e+01 -8.048047e+01
   endloop
 endfacet
 facet normal -8.663354e-01  0.000000e+00 -4.994627e-01
   outer loop
     vertex -1.330560e+02 -2.500000e+01 -6.918501e+01
     vertex -1.330560e+02  2.500000e+01 -6.918501e+01
     vertex -1.265440e+02  2.500000e+01 -8.048047e+01
   endloop
 endfacet
 facet normal -9.064434e-01  0.000000e+00 -4.223274e-01
   outer loop
     vertex -1.330560e+02 -2.500000e+01 -6.918501e+01
     vertex -1.385624e+02  2.500000e+01 -5.736665e+01
     vertex -1.330560e+02  2.500000e+01 -6.918501e+01
   endloop
 endfacet
 facet normal -9.064434e-01  0.000000e+00 -4.223274e-01
   outer loop
     vertex -1.385624e+02 -2.500000e+01 -5.736665e+01
     vertex -1.385624e+02  2.500000e+01 -5.736665e+01
     vertex -1.330560e+02 -2.500000e+01 -6.918501e+01
   endloop
 endfacet
 facet normal -9.396999e-01  0.000000e+00 -3.420001e-01
   outer loop
     vertex -1.430215e+02 -2.500000e+01 -4.511470e+01
     vertex -1.385624e+02  2.500000e+01 -5.736665e+01
     vertex -1.385624e+02 -2.500000e+01 -5.736665e+01
   endloop
 endfacet
 facet normal -9.396999e-01  0.000000e+00 -3.420001e-01
   outer loop
     vertex -1.430215e+02 -2.500000e+01 -4.511470e+01
     vertex -1.430215e+02  2.500000e+01 -4.511470e+01
     vertex -1.385624e+02  2.500000e+01 -5.736665e+01
   endloop
 endfacet
 facet normal -9.658537e-01  0.000000e+00 -2.590880e-01
   outer loop
     vertex -1.430215e+02 -2.500000e+01 -4.511470e+01
     vertex -1.463995e+02  2.500000e+01 -3.252179e+01
     vertex -1.430215e+02  2.500000e+01 -4.511470e+01
   endloop
 endfacet
 facet normal -9.658537e-01  0.000000e+00 -2.590880e-01
   outer loop
     vertex -1.463995e+02 -2.500000e+01 -3.252179e+01
     vertex -1.463995e+02  2.500000e+01 -3.252179e+01
     vertex -1.430215e+02 -2.500000e+01 -4.511470e+01
   endloop
 endfacet
 facet normal -9.847071e-01  0.000000e+00 -1.742178e-01
   outer loop
     vertex -1.463995e+02 -2.500000e+01 -3.252179e+01
     vertex -1.486710e+02  2.500000e+01 -1.968309e+01
     vertex -1.463995e+02  2.500000e+01 -3.252179e+01
   endloop
 endfacet
 facet normal -9.847071e-01  0.000000e+00 -1.742178e-01
   outer loop
     vertex -1.486710e+02 -2.500000e+01 -1.968309e+01
     vertex -1.486710e+02  2.500000e+01 -1.968309e+01
     vertex -1.463995e+02 -2.500000e+01 -3.252179e+01
   endloop
 endfacet
 facet normal -9.961177e-01  0.000000e+00 -8.803096e-02
   outer loop
     vertex -1.498187e+02 -2.500000e+01 -6.695647e+00
     vertex -1.486710e+02  2.500000e+01 -1.968309e+01
     vertex -1.486710e+02 -2.500000e+01 -1.968309e+01
   endloop
 endfacet
 facet normal -9.961177e-01  0.000000e+00 -8.803096e-02
   outer loop
     vertex -1.498187e+02 -2.500000e+01 -6.695647e+00
     vertex -1.498187e+02  2.500000e+01 -6.695647e+00
     vertex -1.486710e+02  2.500000e+01 -1.968309e+01
   endloop
 endfacet
 facet normal -9.999993e-01  0.000000e+00 -1.178962e-03
   outer loop
     vertex -1.498341e+02 -2.500000e+01  6.342372e+00
     vertex -1.498187e+02  2.500000e+01 -6.695647e+00
     vertex -1.498187e+02 -2.500000e+01 -6.695647e+00
   endloop
 endfacet
 facet normal -9.999993e-01  0.000000e+00 -1.178962e-03
   outer loop
     vertex -1.498341e+02 -2.500000e+01  6.342372e+00
     vertex -1.498341e+02  2.500000e+01  6.342372e+00
     vertex -1.498187e+02  2.500000e+01 -6.695647e+00
   endloop
 endfacet
 facet normal -9.963226e-01  0.000000e+00  8.568174e-02
   outer loop
     vertex -1.487170e+02 -2.500000e+01  1.933242e+01
     vertex -1.498341e+02  2.500000e+01  6.342372e+00
     vertex -1.498341e+02 -2.500000e+01  6.342372e+00
   endloop
 endfacet
 facet normal -9.963226e-01  0.000000e+00  8.568174e-02
   outer loop
     vertex -1.487170e+02 -2.500000e+01  1.933242e+01
     vertex -1.487170e+02  2.500000e+01  1.933242e+01
     vertex -1.498341e+02  2.500000e+01  6.342372e+00
   endloop
 endfacet
 facet normal -9.851153e-01  0.000000e+00  1.718946e-01
   outer loop
     vertex -1.464758e+02 -2.500000e+01  3.217632e+01
     vertex -1.487170e+02  2.500000e+01  1.933242e+01
     vertex -1.487170e+02 -2.500000e+01  1.933242e+01
   endloop
 endfacet
 facet normal -9.851153e-01  0.000000e+00  1.718946e-01
   outer loop
     vertex -1.464758e+02 -2.500000e+01  3.217632e+01
     vertex -1.464758e+02  2.500000e+01  3.217632e+01
     vertex -1.487170e+02  2.500000e+01  1.933242e+01
   endloop
 endfacet
 facet normal -9.664624e-01  0.000000e+00  2.568081e-01
   outer loop
     vertex -1.431276e+02 -2.500000e+01  4.477700e+01
     vertex -1.464758e+02  2.500000e+01  3.217632e+01
     vertex -1.464758e+02 -2.500000e+01  3.217632e+01
   endloop
 endfacet
 facet normal -9.664624e-01  0.000000e+00  2.568081e-01
   outer loop
     vertex -1.431276e+02 -2.500000e+01  4.477700e+01
     vertex -1.431276e+02  2.500000e+01  4.477700e+01
     vertex -1.464758e+02  2.500000e+01  3.217632e+01
   endloop
 endfacet
 facet normal -9.405048e-01  0.000000e+00  3.397803e-01
   outer loop
     vertex -1.386975e+02 -2.500000e+01  5.703921e+01
     vertex -1.431276e+02  2.500000e+01  4.477700e+01
     vertex -1.431276e+02 -2.500000e+01  4.477700e+01
   endloop
 endfacet
 facet normal -9.405048e-01  0.000000e+00  3.397803e-01
   outer loop
     vertex -1.386975e+02 -2.500000e+01  5.703921e+01
     vertex -1.386975e+02  2.500000e+01  5.703921e+01
     vertex -1.431276e+02  2.500000e+01  4.477700e+01
   endloop
 endfacet
 facet normal -9.074388e-01  0.000000e+00  4.201843e-01
   outer loop
     vertex -1.332192e+02 -2.500000e+01  6.887027e+01
     vertex -1.386975e+02  2.500000e+01  5.703921e+01
     vertex -1.386975e+02 -2.500000e+01  5.703921e+01
   endloop
 endfacet
 facet normal -9.074388e-01  0.000000e+00  4.201843e-01
   outer loop
     vertex -1.332192e+02 -2.500000e+01  6.887027e+01
     vertex -1.332192e+02  2.500000e+01  6.887027e+01
     vertex -1.386975e+02  2.500000e+01  5.703921e+01
   endloop
 endfacet
 facet normal -8.675143e-01  0.000000e+00  4.974122e-01
   outer loop
     vertex -1.332192e+02 -2.500000e+01  6.887027e+01
     vertex -1.267341e+02  2.500000e+01  8.018078e+01
     vertex -1.332192e+02  2.500000e+01  6.887027e+01
   endloop
 endfacet
 facet normal -8.675143e-01  0.000000e+00  4.974122e-01
   outer loop
     vertex -1.267341e+02 -2.500000e+01  8.018078e+01
     vertex -1.267341e+02  2.500000e+01  8.018078e+01
     vertex -1.332192e+02 -2.500000e+01  6.887027e+01
   endloop
 endfacet
 facet normal -8.210333e-01  0.000000e+00  5.708804e-01
   outer loop
     vertex -1.267341e+02 -2.500000e+01  8.018078e+01
     vertex -1.192910e+02  2.500000e+01  9.088525e+01
     vertex -1.267341e+02  2.500000e+01  8.018078e+01
   endloop
 endfacet
 facet normal -8.210333e-01  0.000000e+00  5.708804e-01
   outer loop
     vertex -1.192910e+02 -2.500000e+01  9.088525e+01
     vertex -1.192910e+02  2.500000e+01  9.088525e+01
     vertex -1.267341e+02 -2.500000e+01  8.018078e+01
   endloop
 endfacet
 facet normal -7.683468e-01  0.000000e+00  6.400337e-01
   outer loop
     vertex -1.109464e+02 -2.500000e+01  1.009028e+02
     vertex -1.192910e+02  2.500000e+01  9.088525e+01
     vertex -1.192910e+02 -2.500000e+01  9.088525e+01
   endloop
 endfacet
 facet normal -7.683468e-01  0.000000e+00  6.400337e-01
   outer loop
     vertex -1.109464e+02 -2.500000e+01  1.009028e+02
     vertex -1.109464e+02  2.500000e+01  1.009028e+02
     vertex -1.192910e+02  2.500000e+01  9.088525e+01
   endloop
 endfacet
 facet normal -7.098536e-01  0.000000e+00  7.043492e-01
   outer loop
     vertex -1.017633e+02 -2.500000e+01  1.101577e+02
     vertex -1.017633e+02  2.500000e+01  1.101577e+02
     vertex -1.109464e+02  2.500000e+01  1.009028e+02
   endloop
 endfacet
 facet normal -7.098536e-01  0.000000e+00  7.043492e-01
   outer loop
     vertex -1.017633e+02 -2.500000e+01  1.101577e+02
     vertex -1.109464e+02  2.500000e+01  1.009028e+02
     vertex -1.109464e+02 -2.500000e+01  1.009028e+02
   endloop
 endfacet
 facet normal -6.459944e-01  0.000000e+00  7.633421e-01
   outer loop
     vertex -9.181111e+01 -2.500000e+01  1.185799e+02
     vertex -9.181111e+01  2.500000e+01  1.185799e+02
     vertex -1.017633e+02  2.500000e+01  1.101577e+02
   endloop
 endfacet
 facet normal -5.733055e-01  0.000000e+00  8.193417e-01
   outer loop
     vertex -9.181111e+01 -2.500000e+01  1.185799e+02
     vertex -7.994266e+01  2.500000e+01  1.268844e+02
     vertex -9.181111e+01  2.500000e+01  1.185799e+02
   endloop
 endfacet
 facet normal -6.459944e-01  0.000000e+00  7.633421e-01
   outer loop
     vertex -9.181111e+01 -2.500000e+01  1.185799e+02
     vertex -1.017633e+02  2.500000e+01  1.101577e+02
     vertex -1.017633e+02 -2.500000e+01  1.101577e+02
   endloop
 endfacet
 facet normal -5.733055e-01  0.000000e+00  8.193417e-01
   outer loop
     vertex -7.994266e+01 -2.500000e+01  1.268844e+02
     vertex -7.994266e+01  2.500000e+01  1.268844e+02
     vertex -9.181111e+01 -2.500000e+01  1.185799e+02
   endloop
 endfacet
 facet normal -2.378785e-03  0.000000e+00  9.999972e-01
   outer loop
     vertex -3.840956e+00  0.000000e+00  1.499485e+02
     vertex -2.180969e+00 -2.500000e+01  1.499524e+02
     vertex -2.180969e+00  2.500000e+01  1.499524e+02
   endloop
 endfacet
 facet normal -1.455686e-01  2.827817e-03  9.893441e-01
   outer loop
     vertex -1.564812e+01  1.250000e+01  1.491414e+02
     vertex -1.483876e+01  2.500000e+01  1.492247e+02
     vertex -2.901360e+01  2.500000e+01  1.471391e+02
   endloop
 endfacet
 facet normal -7.539425e-02  2.765032e-03  9.971500e-01
   outer loop
     vertex -8.754777e+00  1.250000e+01  1.497194e+02
     vertex -6.894622e+00  2.500000e+01  1.498254e+02
     vertex -1.483876e+01  2.500000e+01  1.492247e+02
   endloop
 endfacet
 facet normal -8.355973e-02 -1.234904e-03  9.965020e-01
   outer loop
     vertex -8.754777e+00  1.250000e+01  1.497194e+02
     vertex -1.483876e+01  2.500000e+01  1.492247e+02
     vertex -1.564812e+01  1.250000e+01  1.491414e+02
   endloop
 endfacet
 facet normal -8.355298e-02 -1.277154e-02  9.964215e-01
   outer loop
     vertex -2.012259e+01  0.000000e+00  1.486060e+02
     vertex -8.754777e+00  1.250000e+01  1.497194e+02
     vertex -1.564812e+01  1.250000e+01  1.491414e+02
   endloop
 endfacet
 facet normal -8.216831e-02 -1.403953e-02  9.965196e-01
   outer loop
     vertex -2.012259e+01  0.000000e+00  1.486060e+02
     vertex -3.840956e+00  0.000000e+00  1.499485e+02
     vertex -8.754777e+00  1.250000e+01  1.497194e+02
   endloop
 endfacet
 facet normal -1.455686e-01 -2.827817e-03  9.893441e-01
   outer loop
     vertex -1.564812e+01 -1.250000e+01  1.491414e+02
     vertex -2.901360e+01 -2.500000e+01  1.471391e+02
     vertex -1.483876e+01 -2.500000e+01  1.492247e+02
   endloop
 endfacet
 facet normal -8.216831e-02  1.403953e-02  9.965196e-01
   outer loop
     vertex -8.754777e+00 -1.250000e+01  1.497194e+02
     vertex -3.840956e+00  0.000000e+00  1.499485e+02
     vertex -2.012259e+01  0.000000e+00  1.486060e+02
   endloop
 endfacet
 facet normal -8.355298e-02  1.277154e-02  9.964215e-01
   outer loop
     vertex -8.754777e+00 -1.250000e+01  1.497194e+02
     vertex -2.012259e+01  0.000000e+00  1.486060e+02
     vertex -1.564812e+01 -1.250000e+01  1.491414e+02
   endloop
 endfacet
 facet normal -8.355973e-02  1.234904e-03  9.965020e-01
   outer loop
     vertex -8.754777e+00 -1.250000e+01  1.497194e+02
     vertex -1.564812e+01 -1.250000e+01  1.491414e+02
     vertex -1.483876e+01 -2.500000e+01  1.492247e+02
   endloop
 endfacet
 facet normal -7.539425e-02 -2.765032e-03  9.971500e-01
   outer loop
     vertex -8.754777e+00 -1.250000e+01  1.497194e+02
     vertex -1.483876e+01 -2.500000e+01  1.492247e+02
     vertex -6.894622e+00 -2.500000e+01  1.498254e+02
   endloop
 endfacet
 facet normal -2.365534e-01  6.190040e-03  9.715988e-01
   outer loop
     vertex -3.106223e+01  1.250000e+01  1.467200e+02
     vertex -2.901360e+01  2.500000e+01  1.471391e+02
     vertex -4.174566e+01  2.500000e+01  1.440392e+02
   endloop
 endfacet
 facet normal -1.551742e-01  1.323518e-02  9.877985e-01
   outer loop
     vertex -3.106223e+01  1.250000e+01  1.467200e+02
     vertex -2.012259e+01  0.000000e+00  1.486060e+02
     vertex -1.564812e+01  1.250000e+01  1.491414e+02
   endloop
 endfacet
 facet normal -1.551832e-01 -7.690864e-03  9.878558e-01
   outer loop
     vertex -3.106223e+01  1.250000e+01  1.467200e+02
     vertex -1.564812e+01  1.250000e+01  1.491414e+02
     vertex -2.901360e+01  2.500000e+01  1.471391e+02
   endloop
 endfacet
 facet normal -1.822895e-01 -1.119200e-02  9.831812e-01
   outer loop
     vertex -3.464124e+01  0.000000e+00  1.459141e+02
     vertex -2.012259e+01  0.000000e+00  1.486060e+02
     vertex -3.106223e+01  1.250000e+01  1.467200e+02
   endloop
 endfacet
 facet normal -2.693866e-02  6.212991e-03  9.996178e-01
   outer loop
     vertex -4.497379e+00  1.875000e+01  1.499288e+02
     vertex -2.180969e+00  2.500000e+01  1.499524e+02
     vertex -6.894622e+00  2.500000e+01  1.498254e+02
   endloop
 endfacet
 facet normal -1.188063e-02  6.309286e-04  9.999292e-01
   outer loop
     vertex -4.497379e+00  1.875000e+01  1.499288e+02
     vertex -3.840956e+00  0.000000e+00  1.499485e+02
     vertex -2.180969e+00  2.500000e+01  1.499524e+02
   endloop
 endfacet
 facet normal -4.696527e-02 -1.480350e-03  9.988954e-01
   outer loop
     vertex -4.497379e+00  1.875000e+01  1.499288e+02
     vertex -6.894622e+00  2.500000e+01  1.498254e+02
     vertex -8.754777e+00  1.250000e+01  1.497194e+02
   endloop
 endfacet
 facet normal -4.819388e-02 -6.415117e-04  9.988378e-01
   outer loop
     vertex -4.497379e+00  1.875000e+01  1.499288e+02
     vertex -8.754777e+00  1.250000e+01  1.497194e+02
     vertex -3.840956e+00  0.000000e+00  1.499485e+02
   endloop
 endfacet
 facet normal -1.822895e-01  1.119200e-02  9.831812e-01
   outer loop
     vertex -3.106223e+01 -1.250000e+01  1.467200e+02
     vertex -2.012259e+01  0.000000e+00  1.486060e+02
     vertex -3.464124e+01  0.000000e+00  1.459141e+02
   endloop
 endfacet
 facet normal -1.551742e-01 -1.323518e-02  9.877985e-01
   outer loop
     vertex -3.106223e+01 -1.250000e+01  1.467200e+02
     vertex -1.564812e+01 -1.250000e+01  1.491414e+02
     vertex -2.012259e+01  0.000000e+00  1.486060e+02
   endloop
 endfacet
 facet normal -1.551832e-01  7.690864e-03  9.878558e-01
   outer loop
     vertex -3.106223e+01 -1.250000e+01  1.467200e+02
     vertex -2.901360e+01 -2.500000e+01  1.471391e+02
     vertex -1.564812e+01 -1.250000e+01  1.491414e+02
   endloop
 endfacet
 facet normal -2.365534e-01 -6.190040e-03  9.715988e-01
   outer loop
     vertex -3.106223e+01 -1.250000e+01  1.467200e+02
     vertex -4.174566e+01 -2.500000e+01  1.440392e+02
     vertex -2.901360e+01 -2.500000e+01  1.471391e+02
   endloop
 endfacet
 facet normal -1.188063e-02 -6.309286e-04  9.999292e-01
   outer loop
     vertex -4.497379e+00 -1.875000e+01  1.499288e+02
     vertex -2.180969e+00 -2.500000e+01  1.499524e+02
     vertex -3.840956e+00  0.000000e+00  1.499485e+02
   endloop
 endfacet
 facet normal -2.693866e-02 -6.212991e-03  9.996178e-01
   outer loop
     vertex -4.497379e+00 -1.875000e+01  1.499288e+02
     vertex -6.894622e+00 -2.500000e+01  1.498254e+02
     vertex -2.180969e+00 -2.500000e+01  1.499524e+02
   endloop
 endfacet
 facet normal -4.819388e-02  6.415117e-04  9.988378e-01
   outer loop
     vertex -4.497379e+00 -1.875000e+01  1.499288e+02
     vertex -3.840956e+00  0.000000e+00  1.499485e+02
     vertex -8.754777e+00 -1.250000e+01  1.497194e+02
   endloop
 endfacet
 facet normal -4.696527e-02  1.480350e-03  9.988954e-01
   outer loop
     vertex -4.497379e+00 -1.875000e+01  1.499288e+02
     vertex -8.754777e+00 -1.250000e+01  1.497194e+02
     vertex -6.894622e+00 -2.500000e+01  1.498254e+02
   endloop
 endfacet
 facet normal -3.242156e-01  1.034361e-02  9.459266e-01
   outer loop
     vertex -4.514797e+01  1.250000e+01  1.430098e+02
     vertex -4.174566e+01  2.500000e+01  1.440392e+02
     vertex -5.543125e+01  2.500000e+01  1.393485e+02
   endloop
 endfacet
 facet normal -2.546969e-01  1.058530e-02  9.669630e-01
   outer loop
     vertex -4.514797e+01  1.250000e+01  1.430098e+02
     vertex -3.464124e+01  0.000000e+00  1.459141e+02
     vertex -3.106223e+01  1.250000e+01  1.467200e+02
   endloop
 endfacet
 facet normal -2.546976e-01 -1.031089e-02  9.669658e-01
   outer loop
     vertex -4.514797e+01  1.250000e+01  1.430098e+02
     vertex -3.106223e+01  1.250000e+01  1.467200e+02
     vertex -4.174566e+01  2.500000e+01  1.440392e+02
   endloop
 endfacet
 facet normal -2.779720e-01 -1.047254e-02  9.605321e-01
   outer loop
     vertex -4.860655e+01  0.000000e+00  1.418726e+02
     vertex -3.464124e+01  0.000000e+00  1.459141e+02
     vertex -4.514797e+01  1.250000e+01  1.430098e+02
   endloop
 endfacet
 facet normal -2.779720e-01  1.047254e-02  9.605321e-01
   outer loop
     vertex -4.514797e+01 -1.250000e+01  1.430098e+02
     vertex -3.464124e+01  0.000000e+00  1.459141e+02
     vertex -4.860655e+01  0.000000e+00  1.418726e+02
   endloop
 endfacet
 facet normal -2.546969e-01 -1.058530e-02  9.669630e-01
   outer loop
     vertex -4.514797e+01 -1.250000e+01  1.430098e+02
     vertex -3.106223e+01 -1.250000e+01  1.467200e+02
     vertex -3.464124e+01  0.000000e+00  1.459141e+02
   endloop
 endfacet
 facet normal -2.546976e-01  1.031089e-02  9.669658e-01
   outer loop
     vertex -4.514797e+01 -1.250000e+01  1.430098e+02
     vertex -4.174566e+01 -2.500000e+01  1.440392e+02
     vertex -3.106223e+01 -1.250000e+01  1.467200e+02
   endloop
 endfacet
 facet normal -3.242156e-01 -1.034361e-02  9.459266e-01
   outer loop
     vertex -4.514797e+01 -1.250000e+01  1.430098e+02
     vertex -5.543125e+01 -2.500000e+01  1.393485e+02
     vertex -4.174566e+01 -2.500000e+01  1.440392e+02
   endloop
 endfacet
 facet normal -4.140948e-01  1.047166e-02  9.101735e-01
   outer loop
     vertex -5.876928e+01  1.250000e+01  1.379736e+02
     vertex -5.543125e+01  2.500000e+01  1.393485e+02
     vertex -6.862035e+01  2.500000e+01  1.333480e+02
   endloop
 endfacet
 facet normal -3.467624e-01  1.062039e-02  9.378929e-01
   outer loop
     vertex -5.876928e+01  1.250000e+01  1.379736e+02
     vertex -4.860655e+01  0.000000e+00  1.418726e+02
     vertex -4.514797e+01  1.250000e+01  1.430098e+02
   endloop
 endfacet
 facet normal -3.467626e-01 -1.055784e-02  9.378935e-01
   outer loop
     vertex -5.876928e+01  1.250000e+01  1.379736e+02
     vertex -4.514797e+01  1.250000e+01  1.430098e+02
     vertex -5.543125e+01  2.500000e+01  1.393485e+02
   endloop
 endfacet
 facet normal -4.956756e-01 -1.961699e-02  8.682861e-01
   outer loop
     vertex -6.208951e+01  0.000000e+00  1.365114e+02
     vertex -6.862035e+01  2.500000e+01  1.333480e+02
     vertex -7.994266e+01  2.500000e+01  1.268844e+02
   endloop
 endfacet
 facet normal -4.746239e-01  0.000000e+00  8.801887e-01
   outer loop
     vertex -6.208951e+01  0.000000e+00  1.365114e+02
     vertex -7.994266e+01  2.500000e+01  1.268844e+02
     vertex -7.994266e+01 -2.500000e+01  1.268844e+02
   endloop
 endfacet
 facet normal -4.195569e-01  5.256836e-03  9.077138e-01
   outer loop
     vertex -6.208951e+01  0.000000e+00  1.365114e+02
     vertex -5.876928e+01  1.250000e+01  1.379736e+02
     vertex -6.862035e+01  2.500000e+01  1.333480e+02
   endloop
 endfacet
 facet normal -4.956756e-01  1.961699e-02  8.682861e-01
   outer loop
     vertex -6.208951e+01  0.000000e+00  1.365114e+02
     vertex -7.994266e+01 -2.500000e+01  1.268844e+02
     vertex -6.862035e+01 -2.500000e+01  1.333480e+02
   endloop
 endfacet
 facet normal -3.694703e-01 -1.055851e-02  9.291825e-01
   outer loop
     vertex -6.208951e+01  0.000000e+00  1.365114e+02
     vertex -4.860655e+01  0.000000e+00  1.418726e+02
     vertex -5.876928e+01  1.250000e+01  1.379736e+02
   endloop
 endfacet
 facet normal -4.195569e-01 -5.256836e-03  9.077138e-01
   outer loop
     vertex -5.876928e+01 -1.250000e+01  1.379736e+02
     vertex -6.208951e+01  0.000000e+00  1.365114e+02
     vertex -6.862035e+01 -2.500000e+01  1.333480e+02
   endloop
 endfacet
 facet normal -3.467624e-01 -1.062039e-02  9.378929e-01
   outer loop
     vertex -5.876928e+01 -1.250000e+01  1.379736e+02
     vertex -4.514797e+01 -1.250000e+01  1.430098e+02
     vertex -4.860655e+01  0.000000e+00  1.418726e+02
   endloop
 endfacet
 facet normal -3.467626e-01  1.055784e-02  9.378935e-01
   outer loop
     vertex -5.876928e+01 -1.250000e+01  1.379736e+02
     vertex -5.543125e+01 -2.500000e+01  1.393485e+02
     vertex -4.514797e+01 -1.250000e+01  1.430098e+02
   endloop
 endfacet
 facet normal -4.140948e-01 -1.047166e-02  9.101735e-01
   outer loop
     vertex -5.876928e+01 -1.250000e+01  1.379736e+02
     vertex -6.862035e+01 -2.500000e+01  1.333480e+02
     vertex -5.543125e+01 -2.500000e+01  1.393485e+02
   endloop
 endfacet
 facet normal -3.694703e-01  1.055851e-02  9.291825e-01
   outer loop
     vertex -5.876928e+01 -1.250000e+01  1.379736e+02
     vertex -4.860655e+01  0.000000e+00  1.418726e+02
     vertex -6.208951e+01  0.000000e+00  1.365114e+02
   endloop
 endfacet
 facet normal -1.163158e-11 -1.000000e+00 -4.718979e-11
   outer loop
     vertex  1.373149e+02 -2.500000e+01 -6.612629e+00
     vertex  1.249134e+02 -2.500000e+01 -4.107697e+00
     vertex  1.245695e+02 -2.500000e+01 -1.013318e+01
   endloop
 endfacet
 facet normal  3.943452e-11 -1.000000e+00 -6.990785e-12
   outer loop
     vertex  1.373149e+02 -2.500000e+01 -6.612629e+00
     vertex  1.490431e+02 -2.500000e+01 -1.663201e+01
     vertex  1.499524e+02 -2.500000e+01 -2.180969e+00
   endloop
 endfacet
 facet normal  1.218415e-11 -1.000000e+00  7.071757e-11
   outer loop
     vertex  1.373149e+02 -2.500000e+01 -6.612629e+00
     vertex  1.499524e+02 -2.500000e+01 -2.180969e+00
     vertex  1.249134e+02 -2.500000e+01 -4.107697e+00
   endloop
 endfacet
 facet normal -2.847757e-11 -1.000000e+00 -3.750444e-11
   outer loop
     vertex  1.354453e+02 -2.500000e+01 -2.353056e+01
     vertex  1.245695e+02 -2.500000e+01 -1.013318e+01
     vertex  1.238308e+02 -2.500000e+01 -1.691679e+01
   endloop
 endfacet
 facet normal  1.809063e-11 -1.000000e+00 -3.197501e-11
   outer loop
     vertex  1.354453e+02 -2.500000e+01 -2.353056e+01
     vertex  1.490431e+02 -2.500000e+01 -1.663201e+01
     vertex  1.373149e+02 -2.500000e+01 -6.612629e+00
   endloop
 endfacet
 facet normal -1.570241e-12 -1.000000e+00  6.778882e-12
   outer loop
     vertex  1.354453e+02 -2.500000e+01 -2.353056e+01
     vertex  1.467445e+02 -2.500000e+01 -3.092800e+01
     vertex  1.490431e+02 -2.500000e+01 -1.663201e+01
   endloop
 endfacet
 facet normal -1.690241e-11 -1.000000e+00 -2.810790e-11
   outer loop
     vertex  1.354453e+02 -2.500000e+01 -2.353056e+01
     vertex  1.373149e+02 -2.500000e+01 -6.612629e+00
     vertex  1.245695e+02 -2.500000e+01 -1.013318e+01
   endloop
 endfacet
 facet normal  4.354670e-12 -1.000000e+00  2.015257e-11
   outer loop
     vertex  1.354453e+02 -2.500000e+01 -2.353056e+01
     vertex  1.238308e+02 -2.500000e+01 -1.691679e+01
     vertex  1.228697e+02 -2.500000e+01 -2.287507e+01
   endloop
 endfacet
 facet normal -1.826166e-12 -1.000000e+00  7.810966e-13
   outer loop
     vertex  1.336781e+02 -2.500000e+01 -3.208226e+01
     vertex  1.228697e+02 -2.500000e+01 -2.287507e+01
     vertex  1.206888e+02 -2.500000e+01 -3.247228e+01
   endloop
 endfacet
 facet normal -6.743184e-13 -1.000000e+00  8.147356e-12
   outer loop
     vertex  1.336781e+02 -2.500000e+01 -3.208226e+01
     vertex  1.467445e+02 -2.500000e+01 -3.092800e+01
     vertex  1.354453e+02 -2.500000e+01 -2.353056e+01
   endloop
 endfacet
 facet normal  2.852551e-13 -1.000000e+00 -2.715103e-12
   outer loop
     vertex  1.336781e+02 -2.500000e+01 -3.208226e+01
     vertex  1.430764e+02 -2.500000e+01 -4.494009e+01
     vertex  1.467445e+02 -2.500000e+01 -3.092800e+01
   endloop
 endfacet
 facet normal  3.681986e-12 -1.000000e+00  7.247143e-12
   outer loop
     vertex  1.336781e+02 -2.500000e+01 -3.208226e+01
     vertex  1.354453e+02 -2.500000e+01 -2.353056e+01
     vertex  1.228697e+02 -2.500000e+01 -2.287507e+01
   endloop
 endfacet
 facet normal  9.520205e-12 -1.000000e+00  2.180485e-10
   outer loop
     vertex  1.124733e+02 -2.500000e+01 -1.903305e+00
     vertex  1.499524e+02 -2.500000e+01 -2.180969e+00
     vertex  5.004759e+01 -2.500000e+01  2.180969e+00
   endloop
 endfacet
 facet normal  1.191071e-11 -1.000000e+00  2.545860e-10
   outer loop
     vertex  1.124733e+02 -2.500000e+01 -1.903305e+00
     vertex  5.004759e+01 -2.500000e+01  2.180969e+00
     vertex  7.502825e+01 -2.500000e+01 -7.212706e-01
   endloop
 endfacet
 facet normal  4.458754e-12 -1.000000e+00  1.851927e-11
   outer loop
     vertex  1.124733e+02 -2.500000e+01 -1.903305e+00
     vertex  7.502825e+01 -2.500000e+01 -7.212706e-01
     vertex  9.988339e+01 -2.500000e+01 -4.827560e+00
   endloop
 endfacet
 facet normal  8.758515e-12 -1.000000e+00  1.152358e-10
   outer loop
     vertex  1.124733e+02 -2.500000e+01 -1.903305e+00
     vertex  1.249134e+02 -2.500000e+01 -4.107697e+00
     vertex  1.499524e+02 -2.500000e+01 -2.180969e+00
   endloop
 endfacet
 facet normal -1.737127e-12 -1.000000e+00 -2.184299e-12
   outer loop
     vertex  1.299266e+02 -2.500000e+01 -4.492436e+01
     vertex  1.336781e+02 -2.500000e+01 -3.208226e+01
     vertex  1.206888e+02 -2.500000e+01 -3.247228e+01
   endloop
 endfacet
 facet normal  2.309116e-13 -1.000000e+00  8.327715e-13
   outer loop
     vertex  1.299266e+02 -2.500000e+01 -4.492436e+01
     vertex  1.386324e+02 -2.500000e+01 -5.719736e+01
     vertex  1.430764e+02 -2.500000e+01 -4.494009e+01
   endloop
 endfacet
 facet normal -1.097329e-12 -1.000000e+00 -1.709657e-12
   outer loop
     vertex  1.299266e+02 -2.500000e+01 -4.492436e+01
     vertex  1.206888e+02 -2.500000e+01 -3.247228e+01
     vertex  1.187364e+02 -2.500000e+01 -3.901171e+01
   endloop
 endfacet
 facet normal  2.266162e-13 -1.000000e+00 -2.757965e-12
   outer loop
     vertex  1.299266e+02 -2.500000e+01 -4.492436e+01
     vertex  1.430764e+02 -2.500000e+01 -4.494009e+01
     vertex  1.336781e+02 -2.500000e+01 -3.208226e+01
   endloop
 endfacet
 facet normal  5.741119e-13 -1.000000e+00  1.453684e-12
   outer loop
     vertex  1.299266e+02 -2.500000e+01 -4.492436e+01
     vertex  1.187364e+02 -2.500000e+01 -3.901171e+01
     vertex  1.169283e+02 -2.500000e+01 -4.413622e+01
   endloop
 endfacet
 facet normal -1.441264e-15 -1.000000e+00  6.679522e-13
   outer loop
     vertex  1.255336e+02 -2.500000e+01 -5.603953e+01
     vertex  1.386324e+02 -2.500000e+01 -5.719736e+01
     vertex  1.299266e+02 -2.500000e+01 -4.492436e+01
   endloop
 endfacet
 facet normal  5.141146e-13 -1.000000e+00  4.641923e-13
   outer loop
     vertex  1.255336e+02 -2.500000e+01 -5.603953e+01
     vertex  1.299266e+02 -2.500000e+01 -4.492436e+01
     vertex  1.169283e+02 -2.500000e+01 -4.413622e+01
   endloop
 endfacet
 facet normal  2.133561e-13 -1.000000e+00  2.467653e-13
   outer loop
     vertex  1.255336e+02 -2.500000e+01 -5.603953e+01
     vertex  1.169283e+02 -2.500000e+01 -4.413622e+01
     vertex  1.148992e+02 -2.500000e+01 -4.917728e+01
   endloop
 endfacet
 facet normal -7.967903e-14 -1.000000e+00 -2.171693e-13
   outer loop
     vertex  1.255336e+02 -2.500000e+01 -5.603953e+01
     vertex  1.331405e+02 -2.500000e+01 -6.902228e+01
     vertex  1.386324e+02 -2.500000e+01 -5.719736e+01
   endloop
 endfacet
 facet normal -1.874804e-13 -1.000000e+00 -3.744070e-13
   outer loop
     vertex  1.255336e+02 -2.500000e+01 -5.603953e+01
     vertex  1.148992e+02 -2.500000e+01 -4.917728e+01
     vertex  1.126529e+02 -2.500000e+01 -5.412538e+01
   endloop
 endfacet
 facet normal -7.700161e-14 -1.000000e+00 -2.232171e-14
   outer loop
     vertex  1.184094e+02 -2.500000e+01 -6.984497e+01
     vertex  1.126529e+02 -2.500000e+01 -5.412538e+01
     vertex  1.096755e+02 -2.500000e+01 -5.992935e+01
   endloop
 endfacet
 facet normal  3.847328e-14 -1.000000e+00  4.954467e-14
   outer loop
     vertex  1.184094e+02 -2.500000e+01 -6.984497e+01
     vertex  1.266424e+02 -2.500000e+01 -8.032548e+01
     vertex  1.331405e+02 -2.500000e+01 -6.902228e+01
   endloop
 endfacet
 facet normal  5.421820e-14 -1.000000e+00  9.326032e-14
   outer loop
     vertex  1.184094e+02 -2.500000e+01 -6.984497e+01
     vertex  1.096755e+02 -2.500000e+01 -5.992935e+01
     vertex  1.069667e+02 -2.500000e+01 -6.464020e+01
   endloop
 endfacet
 facet normal  1.581262e-14 -1.000000e+00  8.825685e-15
   outer loop
     vertex  1.184094e+02 -2.500000e+01 -6.984497e+01
     vertex  1.069667e+02 -2.500000e+01 -6.464020e+01
     vertex  1.049486e+02 -2.500000e+01 -6.786766e+01
   endloop
 endfacet
 facet normal -1.385052e-13 -1.000000e+00 -4.484423e-14
   outer loop
     vertex  1.184094e+02 -2.500000e+01 -6.984497e+01
     vertex  1.255336e+02 -2.500000e+01 -5.603953e+01
     vertex  1.126529e+02 -2.500000e+01 -5.412538e+01
   endloop
 endfacet
 facet normal  4.915280e-14 -1.000000e+00 -1.416831e-13
   outer loop
     vertex  1.184094e+02 -2.500000e+01 -6.984497e+01
     vertex  1.331405e+02 -2.500000e+01 -6.902228e+01
     vertex  1.255336e+02 -2.500000e+01 -5.603953e+01
   endloop
 endfacet
 facet normal -8.124965e-15 -1.000000e+00 -1.426587e-14
   outer loop
     vertex  1.141070e+02 -2.500000e+01 -7.667262e+01
     vertex  1.191871e+02 -2.500000e+01 -9.102154e+01
     vertex  1.266424e+02 -2.500000e+01 -8.032548e+01
   endloop
 endfacet
 facet normal  2.156325e-15 -1.000000e+00  2.101592e-14
   outer loop
     vertex  1.141070e+02 -2.500000e+01 -7.667262e+01
     vertex  1.266424e+02 -2.500000e+01 -8.032548e+01
     vertex  1.184094e+02 -2.500000e+01 -6.984497e+01
   endloop
 endfacet
 facet normal  1.629460e-14 -1.000000e+00  1.210680e-14
   outer loop
     vertex  1.141070e+02 -2.500000e+01 -7.667262e+01
     vertex  1.184094e+02 -2.500000e+01 -6.984497e+01
     vertex  1.049486e+02 -2.500000e+01 -6.786766e+01
   endloop
 endfacet
 facet normal -1.741017e-14 -1.000000e+00 -2.295092e-14
   outer loop
     vertex  1.141070e+02 -2.500000e+01 -7.667262e+01
     vertex  1.049486e+02 -2.500000e+01 -6.786766e+01
     vertex  1.018993e+02 -2.500000e+01 -7.236553e+01
   endloop
 endfacet
 facet normal -1.021283e-14 -1.000000e+00 -2.551264e-15
   outer loop
     vertex  1.141070e+02 -2.500000e+01 -7.667262e+01
     vertex  1.018993e+02 -2.500000e+01 -7.236553e+01
     vertex  9.798482e+01 -2.500000e+01 -7.758358e+01
   endloop
 endfacet
 facet normal  1.973787e-15 -1.000000e+00  3.676777e-15
   outer loop
     vertex  1.047280e+02 -2.500000e+01 -8.905708e+01
     vertex  1.108309e+02 -2.500000e+01 -1.010296e+02
     vertex  1.191871e+02 -2.500000e+01 -9.102154e+01
   endloop
 endfacet
 facet normal -7.684390e-17 -1.000000e+00 -1.141655e-14
   outer loop
     vertex  1.047280e+02 -2.500000e+01 -8.905708e+01
     vertex  1.191871e+02 -2.500000e+01 -9.102154e+01
     vertex  1.141070e+02 -2.500000e+01 -7.667262e+01
   endloop
 endfacet
 facet normal -1.014264e-14 -1.000000e+00 -3.793465e-15
   outer loop
     vertex  1.047280e+02 -2.500000e+01 -8.905708e+01
     vertex  1.141070e+02 -2.500000e+01 -7.667262e+01
     vertex  9.798482e+01 -2.500000e+01 -7.758358e+01
   endloop
 endfacet
 facet normal  5.663821e-15 -1.000000e+00  5.496228e-15
   outer loop
     vertex  1.047280e+02 -2.500000e+01 -8.905708e+01
     vertex  9.798482e+01 -2.500000e+01 -7.758358e+01
     vertex  9.451975e+01 -2.500000e+01 -8.176954e+01
   endloop
 endfacet
 facet normal  2.204832e-15 -1.000000e+00  6.509530e-16
   outer loop
     vertex  1.047280e+02 -2.500000e+01 -8.905708e+01
     vertex  9.451975e+01 -2.500000e+01 -8.176954e+01
     vertex  9.087597e+01 -2.500000e+01 -8.580090e+01
   endloop
 endfacet
 facet normal -2.167245e-12 -1.000000e+00 -6.080972e-12
   outer loop
     vertex  8.526012e+01 -2.500000e+01 -1.973169e+01
     vertex  7.373688e+01 -2.500000e+01 -1.387914e+01
     vertex  7.229095e+01 -2.500000e+01 -2.009419e+01
   endloop
 endfacet
 facet normal -1.834838e-12 -1.000000e+00 -6.811135e-12
   outer loop
     vertex  8.526012e+01 -2.500000e+01 -1.973169e+01
     vertex  9.646382e+01 -2.500000e+01 -2.635776e+01
     vertex  9.762410e+01 -2.500000e+01 -2.166867e+01
   endloop
 endfacet
 facet normal -1.373408e-15 -1.000000e+00 -5.556557e-16
   outer loop
     vertex  9.659711e+01 -2.500000e+01 -9.781672e+01
     vertex  1.016371e+02 -2.500000e+01 -1.102741e+02
     vertex  1.108309e+02 -2.500000e+01 -1.010296e+02
   endloop
 endfacet
 facet normal -7.290411e-16 -1.000000e+00  2.299021e-15
   outer loop
     vertex  9.659711e+01 -2.500000e+01 -9.781672e+01
     vertex  1.108309e+02 -2.500000e+01 -1.010296e+02
     vertex  1.047280e+02 -2.500000e+01 -8.905708e+01
   endloop
 endfacet
 facet normal  1.997354e-15 -1.000000e+00 -2.316710e-16
   outer loop
     vertex  9.659711e+01 -2.500000e+01 -9.781672e+01
     vertex  1.047280e+02 -2.500000e+01 -8.905708e+01
     vertex  9.087597e+01 -2.500000e+01 -8.580090e+01
   endloop
 endfacet
 facet normal -1.702938e-15 -1.000000e+00 -1.993506e-15
   outer loop
     vertex  9.659711e+01 -2.500000e+01 -9.781672e+01
     vertex  9.087597e+01 -2.500000e+01 -8.580090e+01
     vertex  8.706043e+01 -2.500000e+01 -8.967008e+01
   endloop
 endfacet
 facet normal -4.065840e-11 -1.000000e+00 -1.993057e-11
   outer loop
     vertex  6.254868e+01 -2.500000e+01 -1.024670e+00
     vertex  5.004759e+01 -2.500000e+01  2.180969e+00
     vertex  4.994167e+01 -2.500000e+01 -3.917448e+00
   endloop
 endfacet
 facet normal -2.855007e-12 -1.000000e+00  1.274920e-10
   outer loop
     vertex  6.254868e+01 -2.500000e+01 -1.024670e+00
     vertex  7.502825e+01 -2.500000e+01 -7.212706e-01
     vertex  5.004759e+01 -2.500000e+01  2.180969e+00
   endloop
 endfacet
 facet normal  2.492899e-12 -1.000000e+00 -9.248040e-11
   outer loop
     vertex  6.254868e+01 -2.500000e+01 -1.024670e+00
     vertex  7.484518e+01 -2.500000e+01 -5.287473e+00
     vertex  7.502825e+01 -2.500000e+01 -7.212706e-01
   endloop
 endfacet
 facet normal  8.787382e-13 -1.000000e+00 -2.222885e-12
   outer loop
     vertex  8.212906e+01 -2.500000e+01 -3.022327e+01
     vertex  9.646382e+01 -2.500000e+01 -2.635776e+01
     vertex  8.526012e+01 -2.500000e+01 -1.973169e+01
   endloop
 endfacet
 facet normal -2.301613e-12 -1.000000e+00 -1.273757e-12
   outer loop
     vertex  8.212906e+01 -2.500000e+01 -3.022327e+01
     vertex  8.526012e+01 -2.500000e+01 -1.973169e+01
     vertex  7.229095e+01 -2.500000e+01 -2.009419e+01
   endloop
 endfacet
 facet normal  3.901718e-13 -1.000000e+00 -4.110994e-13
   outer loop
     vertex  8.212906e+01 -2.500000e+01 -3.022327e+01
     vertex  9.468030e+01 -2.500000e+01 -3.218136e+01
     vertex  9.646382e+01 -2.500000e+01 -2.635776e+01
   endloop
 endfacet
 facet normal  6.817250e-13 -1.000000e+00  1.623881e-12
   outer loop
     vertex  8.212906e+01 -2.500000e+01 -3.022327e+01
     vertex  7.229095e+01 -2.500000e+01 -2.009419e+01
     vertex  7.093359e+01 -2.500000e+01 -2.445782e+01
   endloop
 endfacet
 facet normal  1.158415e-12 -1.000000e+00  2.294785e-11
   outer loop
     vertex  6.198742e+01 -2.500000e+01 -8.423036e+00
     vertex  4.994167e+01 -2.500000e+01 -3.917448e+00
     vertex  4.909542e+01 -2.500000e+01 -9.957793e+00
   endloop
 endfacet
 facet normal  2.844786e-12 -1.000000e+00 -2.949829e-11
   outer loop
     vertex  6.198742e+01 -2.500000e+01 -8.423036e+00
     vertex  7.444504e+01 -2.500000e+01 -9.364468e+00
     vertex  7.484518e+01 -2.500000e+01 -5.287473e+00
   endloop
 endfacet
 facet normal  1.171594e-11 -1.000000e+00 -6.587556e-11
   outer loop
     vertex  6.198742e+01 -2.500000e+01 -8.423036e+00
     vertex  7.484518e+01 -2.500000e+01 -5.287473e+00
     vertex  6.254868e+01 -2.500000e+01 -1.024670e+00
   endloop
 endfacet
 facet normal -3.085703e-11 -1.000000e+00 -6.264588e-11
   outer loop
     vertex  6.198742e+01 -2.500000e+01 -8.423036e+00
     vertex  6.254868e+01 -2.500000e+01 -1.024670e+00
     vertex  4.994167e+01 -2.500000e+01 -3.917448e+00
   endloop
 endfacet
 facet normal -1.655519e-16 -1.000000e+00  2.347542e-16
   outer loop
     vertex  8.089109e+01 -2.500000e+01 -1.111564e+02
     vertex  8.102036e+01 -2.500000e+01 -1.261990e+02
     vertex  9.167517e+01 -2.500000e+01 -1.186850e+02
   endloop
 endfacet
 facet normal -4.217631e-16 -1.000000e+00 -5.335446e-16
   outer loop
     vertex  8.089109e+01 -2.500000e+01 -1.111564e+02
     vertex  7.508782e+01 -2.500000e+01 -9.991023e+01
     vertex  7.067391e+01 -2.500000e+01 -1.030798e+02
   endloop
 endfacet
 facet normal  6.159084e-16 -1.000000e+00  2.527543e-16
   outer loop
     vertex  7.093094e+01 -2.500000e+01 -1.177621e+02
     vertex  7.067391e+01 -2.500000e+01 -1.030798e+02
     vertex  6.612638e+01 -2.500000e+01 -1.060544e+02
   endloop
 endfacet
 facet normal  1.939614e-16 -1.000000e+00  2.453678e-16
   outer loop
     vertex  7.093094e+01 -2.500000e+01 -1.177621e+02
     vertex  8.089109e+01 -2.500000e+01 -1.111564e+02
     vertex  7.067391e+01 -2.500000e+01 -1.030798e+02
   endloop
 endfacet
 facet normal  0.000000e+00 -1.000000e+00 -0.000000e+00
   outer loop
     vertex  7.093094e+01 -2.500000e+01 -1.177621e+02
     vertex  6.975322e+01 -2.500000e+01 -1.327591e+02
     vertex  8.102036e+01 -2.500000e+01 -1.261990e+02
   endloop
 endfacet
 facet normal  1.989231e-16 -1.000000e+00  2.378864e-16
   outer loop
     vertex  7.093094e+01 -2.500000e+01 -1.177621e+02
     vertex  8.102036e+01 -2.500000e+01 -1.261990e+02
     vertex  8.089109e+01 -2.500000e+01 -1.111564e+02
   endloop
 endfacet
 facet normal  6.113809e-16 -1.000000e+00  2.508963e-16
   outer loop
     vertex  7.093094e+01 -2.500000e+01 -1.177621e+02
     vertex  6.612638e+01 -2.500000e+01 -1.060544e+02
     vertex  6.145388e+01 -2.500000e+01 -1.088286e+02
   endloop
 endfacet
 facet normal  1.158802e-13 -1.000000e+00 -2.044634e-12
   outer loop
     vertex  5.977374e+01 -2.500000e+01 -1.845230e+01
     vertex  4.909542e+01 -2.500000e+01 -9.957793e+00
     vertex  4.752135e+01 -2.500000e+01 -1.585052e+01
   endloop
 endfacet
 facet normal  3.610692e-12 -1.000000e+00  2.348645e-12
   outer loop
     vertex  5.977374e+01 -2.500000e+01 -1.845230e+01
     vertex  6.198742e+01 -2.500000e+01 -8.423036e+00
     vertex  4.909542e+01 -2.500000e+01 -9.957793e+00
   endloop
 endfacet
 facet normal  5.062619e-13 -1.000000e+00  1.678461e-12
   outer loop
     vertex  5.977374e+01 -2.500000e+01 -1.845230e+01
     vertex  7.093359e+01 -2.500000e+01 -2.445782e+01
     vertex  7.229095e+01 -2.500000e+01 -2.009419e+01
   endloop
 endfacet
 facet normal -1.027240e-15 -1.000000e+00 -3.880320e-16
   outer loop
     vertex  5.719183e+01 -2.500000e+01 -1.250128e+02
     vertex  6.145388e+01 -2.500000e+01 -1.088286e+02
     vertex  5.569204e+01 -2.500000e+01 -1.118867e+02
   endloop
 endfacet
 facet normal -5.648124e-16 -1.000000e+00 -3.351951e-16
   outer loop
     vertex  5.719183e+01 -2.500000e+01 -1.250128e+02
     vertex  5.569204e+01 -2.500000e+01 -1.118867e+02
     vertex  5.077589e+01 -2.500000e+01 -1.142018e+02
   endloop
 endfacet
 facet normal  8.097263e-16 -1.000000e+00  4.805425e-16
   outer loop
     vertex  5.719183e+01 -2.500000e+01 -1.250128e+02
     vertex  5.077589e+01 -2.500000e+01 -1.142018e+02
     vertex  4.727455e+01 -2.500000e+01 -1.156951e+02
   endloop
 endfacet
 facet normal -4.157503e-16 -1.000000e+00  2.430894e-16
   outer loop
     vertex  5.719183e+01 -2.500000e+01 -1.250128e+02
     vertex  5.795892e+01 -2.500000e+01 -1.383157e+02
     vertex  6.975322e+01 -2.500000e+01 -1.327591e+02
   endloop
 endfacet
 facet normal -1.970005e-16 -1.000000e+00 -6.066718e-16
   outer loop
     vertex  5.719183e+01 -2.500000e+01 -1.250128e+02
     vertex  7.093094e+01 -2.500000e+01 -1.177621e+02
     vertex  6.145388e+01 -2.500000e+01 -1.088286e+02
   endloop
 endfacet
 facet normal -5.395283e-16 -1.000000e+00  4.236937e-17
   outer loop
     vertex  5.719183e+01 -2.500000e+01 -1.250128e+02
     vertex  6.975322e+01 -2.500000e+01 -1.327591e+02
     vertex  7.093094e+01 -2.500000e+01 -1.177621e+02
   endloop
 endfacet
 facet normal -2.615109e-13 -1.000000e+00 -5.527035e-13
   outer loop
     vertex  5.804619e+01 -2.500000e+01 -2.332438e+01
     vertex  6.799867e+01 -2.500000e+01 -3.171655e+01
     vertex  6.980337e+01 -2.500000e+01 -2.751813e+01
   endloop
 endfacet
 facet normal -2.122564e-13 -1.000000e+00 -3.402596e-13
   outer loop
     vertex  5.804619e+01 -2.500000e+01 -2.332438e+01
     vertex  4.752135e+01 -2.500000e+01 -1.585052e+01
     vertex  4.524280e+01 -2.500000e+01 -2.150827e+01
   endloop
 endfacet
 facet normal  7.721827e-13 -1.000000e+00  1.046048e-12
   outer loop
     vertex  5.804619e+01 -2.500000e+01 -2.332438e+01
     vertex  5.977374e+01 -2.500000e+01 -1.845230e+01
     vertex  4.752135e+01 -2.500000e+01 -1.585052e+01
   endloop
 endfacet
 facet normal  2.630805e-13 -1.000000e+00  1.226566e-12
   outer loop
     vertex  5.804619e+01 -2.500000e+01 -2.332438e+01
     vertex  7.093359e+01 -2.500000e+01 -2.445782e+01
     vertex  5.977374e+01 -2.500000e+01 -1.845230e+01
   endloop
 endfacet
 facet normal  2.270595e-13 -1.000000e+00  8.170029e-13
   outer loop
     vertex  5.804619e+01 -2.500000e+01 -2.332438e+01
     vertex  6.980337e+01 -2.500000e+01 -2.751813e+01
     vertex  7.093359e+01 -2.500000e+01 -2.445782e+01
   endloop
 endfacet
 facet normal  4.407875e-16 -1.000000e+00  8.786452e-17
   outer loop
     vertex  4.975791e+01 -2.500000e+01 -1.281533e+02
     vertex  5.719183e+01 -2.500000e+01 -1.250128e+02
     vertex  4.727455e+01 -2.500000e+01 -1.156951e+02
   endloop
 endfacet
 facet normal  1.951484e-15 -1.000000e+00  3.889998e-16
   outer loop
     vertex  4.975791e+01 -2.500000e+01 -1.281533e+02
     vertex  4.727455e+01 -2.500000e+01 -1.156951e+02
     vertex  4.220083e+01 -2.500000e+01 -1.176407e+02
   endloop
 endfacet
 facet normal -1.935108e-16 -1.000000e+00 -1.152955e-15
   outer loop
     vertex  4.975791e+01 -2.500000e+01 -1.281533e+02
     vertex  4.220083e+01 -2.500000e+01 -1.176407e+02
     vertex  3.600545e+01 -2.500000e+01 -1.196823e+02
   endloop
 endfacet
 facet normal  6.714688e-16 -1.000000e+00  5.418686e-16
   outer loop
     vertex  4.975791e+01 -2.500000e+01 -1.281533e+02
     vertex  4.572661e+01 -2.500000e+01 -1.428270e+02
     vertex  5.795892e+01 -2.500000e+01 -1.383157e+02
   endloop
 endfacet
 facet normal  3.564039e-16 -1.000000e+00  2.876143e-16
   outer loop
     vertex  4.975791e+01 -2.500000e+01 -1.281533e+02
     vertex  5.795892e+01 -2.500000e+01 -1.383157e+02
     vertex  5.719183e+01 -2.500000e+01 -1.250128e+02
   endloop
 endfacet
 facet normal -2.242288e-15 -1.000000e+00 -2.157761e-15
   outer loop
     vertex  6.502351e+01 -2.500000e+01 -5.857107e+01
     vertex  5.558022e+01 -2.500000e+01 -5.040433e+01
     vertex  5.240864e+01 -2.500000e+01 -5.369444e+01
   endloop
 endfacet
 facet normal  6.642310e-14 -1.000000e+00  8.113270e-14
   outer loop
     vertex  5.491248e+01 -2.500000e+01 -2.996679e+01
     vertex  6.398416e+01 -2.500000e+01 -3.918909e+01
     vertex  6.625122e+01 -2.500000e+01 -3.522121e+01
   endloop
 endfacet
 facet normal  2.076210e-14 -1.000000e+00  8.967752e-14
   outer loop
     vertex  5.491248e+01 -2.500000e+01 -2.996679e+01
     vertex  4.524280e+01 -2.500000e+01 -2.150827e+01
     vertex  4.229358e+01 -2.500000e+01 -2.684718e+01
   endloop
 endfacet
 facet normal -4.276797e-14 -1.000000e+00 -2.627501e-14
   outer loop
     vertex  5.491248e+01 -2.500000e+01 -2.996679e+01
     vertex  6.276106e+01 -2.500000e+01 -4.111942e+01
     vertex  6.398416e+01 -2.500000e+01 -3.918909e+01
   endloop
 endfacet
 facet normal  4.135032e-14 -1.000000e+00  2.702701e-14
   outer loop
     vertex  5.491248e+01 -2.500000e+01 -2.996679e+01
     vertex  6.625122e+01 -2.500000e+01 -3.522121e+01
     vertex  6.799867e+01 -2.500000e+01 -3.171655e+01
   endloop
 endfacet
 facet normal  6.301189e-15 -1.000000e+00 -2.350991e-13
   outer loop
     vertex  5.491248e+01 -2.500000e+01 -2.996679e+01
     vertex  6.799867e+01 -2.500000e+01 -3.171655e+01
     vertex  5.804619e+01 -2.500000e+01 -2.332438e+01
   endloop
 endfacet
 facet normal -1.845671e-13 -1.000000e+00 -1.450523e-13
   outer loop
     vertex  5.491248e+01 -2.500000e+01 -2.996679e+01
     vertex  5.804619e+01 -2.500000e+01 -2.332438e+01
     vertex  4.524280e+01 -2.500000e+01 -2.150827e+01
   endloop
 endfacet
 facet normal -6.174232e-16 -1.000000e+00 -2.201489e-16
   outer loop
     vertex  3.498169e+01 -2.500000e+01 -1.329488e+02
     vertex  3.600545e+01 -2.500000e+01 -1.196823e+02
     vertex  3.076908e+01 -2.500000e+01 -1.211342e+02
   endloop
 endfacet
 facet normal  5.163423e-18 -1.000000e+00  7.249218e-16
   outer loop
     vertex  3.498169e+01 -2.500000e+01 -1.329488e+02
     vertex  4.572661e+01 -2.500000e+01 -1.428270e+02
     vertex  4.975791e+01 -2.500000e+01 -1.281533e+02
   endloop
 endfacet
 facet normal  3.357555e-16 -1.000000e+00 -2.937041e-16
   outer loop
     vertex  3.498169e+01 -2.500000e+01 -1.329488e+02
     vertex  4.975791e+01 -2.500000e+01 -1.281533e+02
     vertex  3.600545e+01 -2.500000e+01 -1.196823e+02
   endloop
 endfacet
 facet normal  0.000000e+00 -1.000000e+00  0.000000e+00
   outer loop
     vertex  3.498169e+01 -2.500000e+01 -1.329488e+02
     vertex  3.076908e+01 -2.500000e+01 -1.211342e+02
     vertex  2.517889e+01 -2.500000e+01 -1.224184e+02
   endloop
 endfacet
 facet normal -8.047834e-16 -1.000000e+00 -1.560913e-16
   outer loop
     vertex  3.498169e+01 -2.500000e+01 -1.329488e+02
     vertex  3.314873e+01 -2.500000e+01 -1.462588e+02
     vertex  4.572661e+01 -2.500000e+01 -1.428270e+02
   endloop
 endfacet
 facet normal -1.528973e-15 -1.000000e+00 -3.125586e-16
   outer loop
     vertex  5.728105e+01 -2.500000e+01 -6.616275e+01
     vertex  6.502351e+01 -2.500000e+01 -5.857107e+01
     vertex  5.240864e+01 -2.500000e+01 -5.369444e+01
   endloop
 endfacet
 facet normal -7.216834e-16 -1.000000e+00 -9.318295e-16
   outer loop
     vertex  5.728105e+01 -2.500000e+01 -6.616275e+01
     vertex  6.732493e+01 -2.500000e+01 -7.394154e+01
     vertex  7.170145e+01 -2.500000e+01 -6.970582e+01
   endloop
 endfacet
 facet normal -7.617729e-16 -1.000000e+00 -1.094995e-15
   outer loop
     vertex  5.728105e+01 -2.500000e+01 -6.616275e+01
     vertex  7.170145e+01 -2.500000e+01 -6.970582e+01
     vertex  6.502351e+01 -2.500000e+01 -5.857107e+01
   endloop
 endfacet
 facet normal  9.507960e-16 -1.000000e+00  6.564949e-16
   outer loop
     vertex  5.728105e+01 -2.500000e+01 -6.616275e+01
     vertex  5.240864e+01 -2.500000e+01 -5.369444e+01
     vertex  4.779657e+01 -2.500000e+01 -5.783810e+01
   endloop
 endfacet
 facet normal -6.692092e-16 -1.000000e+00 -9.169656e-17
   outer loop
     vertex  5.728105e+01 -2.500000e+01 -6.616275e+01
     vertex  5.925308e+01 -2.500000e+01 -8.055477e+01
     vertex  6.404717e+01 -2.500000e+01 -7.679818e+01
   endloop
 endfacet
 facet normal  5.099909e-16 -1.000000e+00  6.584946e-16
   outer loop
     vertex  5.728105e+01 -2.500000e+01 -6.616275e+01
     vertex  6.404717e+01 -2.500000e+01 -7.679818e+01
     vertex  6.732493e+01 -2.500000e+01 -7.394154e+01
   endloop
 endfacet
 facet normal  2.370485e-16 -1.000000e+00  2.206688e-16
   outer loop
     vertex  2.248377e+01 -2.500000e+01 -1.356230e+02
     vertex  3.498169e+01 -2.500000e+01 -1.329488e+02
     vertex  2.517889e+01 -2.500000e+01 -1.224184e+02
   endloop
 endfacet
 facet normal  3.517412e-16 -1.000000e+00 -3.153607e-16
   outer loop
     vertex  2.248377e+01 -2.500000e+01 -1.356230e+02
     vertex  3.314873e+01 -2.500000e+01 -1.462588e+02
     vertex  3.498169e+01 -2.500000e+01 -1.329488e+02
   endloop
 endfacet
 facet normal -6.712975e-16 -1.000000e+00  4.060659e-16
   outer loop
     vertex  2.248377e+01 -2.500000e+01 -1.356230e+02
     vertex  2.517889e+01 -2.500000e+01 -1.224184e+02
     vertex  1.923742e+01 -2.500000e+01 -1.234915e+02
   endloop
 endfacet
 facet normal -5.347626e-16 -1.000000e+00 -1.204291e-15
   outer loop
     vertex  2.248377e+01 -2.500000e+01 -1.356230e+02
     vertex  1.888371e+01 -2.500000e+01 -1.487746e+02
     vertex  3.314873e+01 -2.500000e+01 -1.462588e+02
   endloop
 endfacet
 facet normal -1.665520e-15 -1.000000e+00  1.400137e-16
   outer loop
     vertex  2.248377e+01 -2.500000e+01 -1.356230e+02
     vertex  1.923742e+01 -2.500000e+01 -1.234915e+02
     vertex  1.276790e+01 -2.500000e+01 -1.243271e+02
   endloop
 endfacet
 facet normal  7.509698e-15 -1.000000e+00  8.931508e-15
   outer loop
     vertex  4.931551e+01 -2.500000e+01 -3.848856e+01
     vertex  5.771871e+01 -2.500000e+01 -4.794069e+01
     vertex  6.053016e+01 -2.500000e+01 -4.433799e+01
   endloop
 endfacet
 facet normal  2.693582e-15 -1.000000e+00 -5.115246e-16
   outer loop
     vertex  4.931551e+01 -2.500000e+01 -3.848856e+01
     vertex  4.229358e+01 -2.500000e+01 -2.684718e+01
     vertex  3.871736e+01 -2.500000e+01 -3.178809e+01
   endloop
 endfacet
 facet normal -6.486767e-15 -1.000000e+00 -7.423716e-16
   outer loop
     vertex  4.931551e+01 -2.500000e+01 -3.848856e+01
     vertex  6.276106e+01 -2.500000e+01 -4.111942e+01
     vertex  5.491248e+01 -2.500000e+01 -2.996679e+01
   endloop
 endfacet
 facet normal -1.186036e-14 -1.000000e+00 -2.820519e-14
   outer loop
     vertex  4.931551e+01 -2.500000e+01 -3.848856e+01
     vertex  6.053016e+01 -2.500000e+01 -4.433799e+01
     vertex  6.276106e+01 -2.500000e+01 -4.111942e+01
   endloop
 endfacet
 facet normal -4.627800e-16 -1.000000e+00  1.843759e-15
   outer loop
     vertex  4.931551e+01 -2.500000e+01 -3.848856e+01
     vertex  5.558022e+01 -2.500000e+01 -5.040433e+01
     vertex  5.771871e+01 -2.500000e+01 -4.794069e+01
   endloop
 endfacet
 facet normal -2.275068e-15 -1.000000e+00 -3.508552e-15
   outer loop
     vertex  4.931551e+01 -2.500000e+01 -3.848856e+01
     vertex  5.491248e+01 -2.500000e+01 -2.996679e+01
     vertex  4.229358e+01 -2.500000e+01 -2.684718e+01
   endloop
 endfacet
 facet normal  1.760485e-16 -1.000000e+00 -2.261937e-16
   outer loop
     vertex  5.007450e+01 -2.500000e+01 -7.177167e+01
     vertex  5.728105e+01 -2.500000e+01 -6.616275e+01
     vertex  4.779657e+01 -2.500000e+01 -5.783810e+01
   endloop
 endfacet
 facet normal  0.000000e+00 -1.000000e+00  0.000000e+00
   outer loop
     vertex  5.007450e+01 -2.500000e+01 -7.177167e+01
     vertex  5.925308e+01 -2.500000e+01 -8.055477e+01
     vertex  5.728105e+01 -2.500000e+01 -6.616275e+01
   endloop
 endfacet
 facet normal -6.977028e-16 -1.000000e+00 -3.690390e-16
   outer loop
     vertex  5.007450e+01 -2.500000e+01 -7.177167e+01
     vertex  4.779657e+01 -2.500000e+01 -5.783810e+01
     vertex  4.418688e+01 -2.500000e+01 -6.064057e+01
   endloop
 endfacet
 facet normal -9.247612e-16 -1.000000e+00  7.771575e-16
   outer loop
     vertex  9.690242e+00 -2.500000e+01 -1.371321e+02
     vertex  2.248377e+01 -2.500000e+01 -1.356230e+02
     vertex  1.276790e+01 -2.500000e+01 -1.243271e+02
   endloop
 endfacet
 facet normal  1.073937e-15 -1.000000e+00  2.377305e-16
   outer loop
     vertex  9.690242e+00 -2.500000e+01 -1.371321e+02
     vertex  5.889845e+00 -2.500000e+01 -1.498525e+02
     vertex  1.888371e+01 -2.500000e+01 -1.487746e+02
   endloop
 endfacet
 facet normal -6.962450e-16 -1.000000e+00 -1.160088e-15
   outer loop
     vertex  9.690242e+00 -2.500000e+01 -1.371321e+02
     vertex  1.888371e+01 -2.500000e+01 -1.487746e+02
     vertex  2.248377e+01 -2.500000e+01 -1.356230e+02
   endloop
 endfacet
 facet normal  2.312133e-15 -1.000000e+00 -8.216134e-19
   outer loop
     vertex  9.690242e+00 -2.500000e+01 -1.371321e+02
     vertex  1.276790e+01 -2.500000e+01 -1.243271e+02
     vertex  3.548367e+00 -2.500000e+01 -1.249306e+02
   endloop
 endfacet
 facet normal -8.589133e-16 -1.000000e+00 -1.587028e-15
   outer loop
     vertex  4.596943e+01 -2.500000e+01 -4.242876e+01
     vertex  3.871736e+01 -2.500000e+01 -3.178809e+01
     vertex  3.456720e+01 -2.500000e+01 -3.625778e+01
   endloop
 endfacet
 facet normal  4.188508e-15 -1.000000e+00  1.853003e-15
   outer loop
     vertex  4.596943e+01 -2.500000e+01 -4.242876e+01
     vertex  4.931551e+01 -2.500000e+01 -3.848856e+01
     vertex  3.871736e+01 -2.500000e+01 -3.178809e+01
   endloop
 endfacet
 facet normal -2.196732e-15 -1.000000e+00 -2.201676e-15
   outer loop
     vertex  4.596943e+01 -2.500000e+01 -4.242876e+01
     vertex  5.240864e+01 -2.500000e+01 -5.369444e+01
     vertex  5.558022e+01 -2.500000e+01 -5.040433e+01
   endloop
 endfacet
 facet normal  2.416703e-15 -1.000000e+00  3.357646e-15
   outer loop
     vertex  4.596943e+01 -2.500000e+01 -4.242876e+01
     vertex  5.558022e+01 -2.500000e+01 -5.040433e+01
     vertex  4.931551e+01 -2.500000e+01 -3.848856e+01
   endloop
 endfacet
 facet normal  6.525504e-16 -1.000000e+00  1.834010e-16
   outer loop
     vertex  1.626683e+00 -2.500000e+01 -1.374644e+02
     vertex  3.548367e+00 -2.500000e+01 -1.249306e+02
     vertex -1.885819e+00 -2.500000e+01 -1.249667e+02
   endloop
 endfacet
 facet normal  2.205196e-15 -1.000000e+00 -5.465013e-17
   outer loop
     vertex  1.626683e+00 -2.500000e+01 -1.374644e+02
     vertex  9.690242e+00 -2.500000e+01 -1.371321e+02
     vertex  3.548367e+00 -2.500000e+01 -1.249306e+02
   endloop
 endfacet
 facet normal  2.207099e-15 -1.000000e+00 -1.008159e-16
   outer loop
     vertex  1.626683e+00 -2.500000e+01 -1.374644e+02
     vertex  5.889845e+00 -2.500000e+01 -1.498525e+02
     vertex  9.690242e+00 -2.500000e+01 -1.371321e+02
   endloop
 endfacet
 facet normal  2.692569e-16 -1.000000e+00 -7.676901e-16
   outer loop
     vertex  1.626683e+00 -2.500000e+01 -1.374644e+02
     vertex -7.148520e+00 -2.500000e+01 -1.497978e+02
     vertex  5.889845e+00 -2.500000e+01 -1.498525e+02
   endloop
 endfacet
 facet normal -2.205894e-15 -1.000000e+00 -6.199722e-16
   outer loop
     vertex  1.626683e+00 -2.500000e+01 -1.374644e+02
     vertex -1.885819e+00 -2.500000e+01 -1.249667e+02
     vertex -8.403537e+00 -2.500000e+01 -1.246981e+02
   endloop
 endfacet
 facet normal -1.356063e-15 -1.000000e+00  3.887256e-16
   outer loop
     vertex -1.389355e+01 -2.500000e+01 -1.367702e+02
     vertex -7.148520e+00 -2.500000e+01 -1.497978e+02
     vertex  1.626683e+00 -2.500000e+01 -1.374644e+02
   endloop
 endfacet
 facet normal -1.371872e-15 -1.000000e+00  3.530226e-17
   outer loop
     vertex -1.389355e+01 -2.500000e+01 -1.367702e+02
     vertex  1.626683e+00 -2.500000e+01 -1.374644e+02
     vertex -8.403537e+00 -2.500000e+01 -1.246981e+02
   endloop
 endfacet
 facet normal -7.569508e-16 -1.000000e+00  6.989155e-16
   outer loop
     vertex -1.389355e+01 -2.500000e+01 -1.367702e+02
     vertex -2.013283e+01 -2.500000e+01 -1.486107e+02
     vertex -7.148520e+00 -2.500000e+01 -1.497978e+02
   endloop
 endfacet
 facet normal  1.318000e-15 -1.000000e+00 -8.108594e-18
   outer loop
     vertex -1.389355e+01 -2.500000e+01 -1.367702e+02
     vertex -1.381631e+01 -2.500000e+01 -1.242149e+02
     vertex -1.920296e+01 -2.500000e+01 -1.234969e+02
   endloop
 endfacet
 facet normal -1.311994e-15 -1.000000e+00  8.071641e-18
   outer loop
     vertex -1.389355e+01 -2.500000e+01 -1.367702e+02
     vertex -8.403537e+00 -2.500000e+01 -1.246981e+02
     vertex -1.381631e+01 -2.500000e+01 -1.242149e+02
   endloop
 endfacet
 facet normal -2.426123e-16 -1.000000e+00 -6.158181e-16
   outer loop
     vertex  3.846696e+01 -2.500000e+01 -4.933235e+01
     vertex  3.456720e+01 -2.500000e+01 -3.625778e+01
     vertex  2.990460e+01 -2.500000e+01 -4.018996e+01
   endloop
 endfacet
 facet normal -3.507409e-16 -1.000000e+00 -6.480696e-16
   outer loop
     vertex  3.846696e+01 -2.500000e+01 -4.933235e+01
     vertex  4.596943e+01 -2.500000e+01 -4.242876e+01
     vertex  3.456720e+01 -2.500000e+01 -3.625778e+01
   endloop
 endfacet
 facet normal  1.256622e-15 -1.000000e+00 -4.015499e-16
   outer loop
     vertex -2.572079e+01 -2.500000e+01 -1.350465e+02
     vertex -1.920296e+01 -2.500000e+01 -1.234969e+02
     vertex -2.455330e+01 -2.500000e+01 -1.225454e+02
   endloop
 endfacet
 facet normal  8.774927e-16 -1.000000e+00 -1.623410e-16
   outer loop
     vertex -2.572079e+01 -2.500000e+01 -1.350465e+02
     vertex -2.013283e+01 -2.500000e+01 -1.486107e+02
     vertex -1.389355e+01 -2.500000e+01 -1.367702e+02
   endloop
 endfacet
 facet normal  8.740920e-16 -1.000000e+00 -1.856751e-16
   outer loop
     vertex -2.572079e+01 -2.500000e+01 -1.350465e+02
     vertex -1.389355e+01 -2.500000e+01 -1.367702e+02
     vertex -1.920296e+01 -2.500000e+01 -1.234969e+02
   endloop
 endfacet
 facet normal  1.094297e-15 -1.000000e+00 -7.302574e-17
   outer loop
     vertex -2.572079e+01 -2.500000e+01 -1.350465e+02
     vertex -3.296494e+01 -2.500000e+01 -1.463003e+02
     vertex -2.013283e+01 -2.500000e+01 -1.486107e+02
   endloop
 endfacet
 facet normal  6.724703e-16 -1.000000e+00  2.412085e-16
   outer loop
     vertex  3.426264e+01 -2.500000e+01 -5.233984e+01
     vertex  3.846696e+01 -2.500000e+01 -4.933235e+01
     vertex  2.990460e+01 -2.500000e+01 -4.018996e+01
   endloop
 endfacet
 facet normal -5.636856e-16 -1.000000e+00 -2.021885e-16
   outer loop
     vertex  3.426264e+01 -2.500000e+01 -5.233984e+01
     vertex  2.990460e+01 -2.500000e+01 -4.018996e+01
     vertex  2.479867e+01 -2.500000e+01 -4.352635e+01
   endloop
 endfacet
 facet normal  0.000000e+00 -1.000000e+00  0.000000e+00
   outer loop
     vertex  3.426264e+01 -2.500000e+01 -5.233984e+01
     vertex  3.762708e+01 -2.500000e+01 -6.491503e+01
     vertex  4.150916e+01 -2.500000e+01 -6.250398e+01
   endloop
 endfacet
 facet normal  6.204996e-16 -1.000000e+00  3.138609e-16
   outer loop
     vertex  3.426264e+01 -2.500000e+01 -5.233984e+01
     vertex  4.418688e+01 -2.500000e+01 -6.064057e+01
     vertex  3.846696e+01 -2.500000e+01 -4.933235e+01
   endloop
 endfacet
 facet normal  8.867952e-16 -1.000000e+00  6.322403e-16
   outer loop
     vertex  3.426264e+01 -2.500000e+01 -5.233984e+01
     vertex  4.150916e+01 -2.500000e+01 -6.250398e+01
     vertex  4.418688e+01 -2.500000e+01 -6.064057e+01
   endloop
 endfacet
 facet normal -1.510019e-15 -1.000000e+00 -3.801824e-16
   outer loop
     vertex  1.962212e+01 -2.500000e+01 -8.528540e+01
     vertex  1.657388e+01 -2.500000e+01 -7.317830e+01
     vertex  1.208822e+01 -2.500000e+01 -7.405155e+01
   endloop
 endfacet
 facet normal  1.860369e-15 -1.000000e+00  1.766311e-16
   outer loop
     vertex  2.789216e+01 -2.500000e+01 -5.599478e+01
     vertex  2.479867e+01 -2.500000e+01 -4.352635e+01
     vertex  1.932514e+01 -2.500000e+01 -4.621750e+01
   endloop
 endfacet
 facet normal -9.669429e-16 -1.000000e+00 -2.587015e-16
   outer loop
     vertex  2.789216e+01 -2.500000e+01 -5.599478e+01
     vertex  3.762708e+01 -2.500000e+01 -6.491503e+01
     vertex  3.426264e+01 -2.500000e+01 -5.233984e+01
   endloop
 endfacet
 facet normal -8.332775e-16 -1.000000e+00 -4.916773e-16
   outer loop
     vertex  2.789216e+01 -2.500000e+01 -5.599478e+01
     vertex  3.426264e+01 -2.500000e+01 -5.233984e+01
     vertex  2.479867e+01 -2.500000e+01 -4.352635e+01
   endloop
 endfacet
 facet normal -2.215736e-15 -1.000000e+00 -1.621544e-15
   outer loop
     vertex  2.789216e+01 -2.500000e+01 -5.599478e+01
     vertex  3.418889e+01 -2.500000e+01 -6.678980e+01
     vertex  3.762708e+01 -2.500000e+01 -6.491503e+01
   endloop
 endfacet
 facet normal  1.470185e-15 -1.000000e+00  5.284515e-16
   outer loop
     vertex  2.789216e+01 -2.500000e+01 -5.599478e+01
     vertex  3.005947e+01 -2.500000e+01 -6.874726e+01
     vertex  3.418889e+01 -2.500000e+01 -6.678980e+01
   endloop
 endfacet
 facet normal  1.464608e-15 -1.000000e+00  5.275036e-16
   outer loop
     vertex  2.789216e+01 -2.500000e+01 -5.599478e+01
     vertex  2.795198e+01 -2.500000e+01 -6.963078e+01
     vertex  3.005947e+01 -2.500000e+01 -6.874726e+01
   endloop
 endfacet
 facet normal -8.390667e-17 -1.000000e+00 -2.733890e-16
   outer loop
     vertex -4.561818e+01 -2.500000e+01 -1.296846e+02
     vertex -3.353920e+01 -2.500000e+01 -1.203967e+02
     vertex -3.977534e+01 -2.500000e+01 -1.184827e+02
   endloop
 endfacet
 facet normal  1.073823e-15 -1.000000e+00 -8.772568e-16
   outer loop
     vertex -4.561818e+01 -2.500000e+01 -1.296846e+02
     vertex -3.977534e+01 -2.500000e+01 -1.184827e+02
     vertex -4.488825e+01 -2.500000e+01 -1.166417e+02
   endloop
 endfacet
 facet normal -2.844839e-16 -1.000000e+00  8.059477e-16
   outer loop
     vertex -4.561818e+01 -2.500000e+01 -1.296846e+02
     vertex -5.778646e+01 -2.500000e+01 -1.383879e+02
     vertex -4.554786e+01 -2.500000e+01 -1.428841e+02
   endloop
 endfacet
 facet normal -1.047093e-15 -1.000000e+00  3.665325e-16
   outer loop
     vertex  8.819309e+00 -2.500000e+01 -8.706807e+01
     vertex  1.846625e+01 -2.500000e+01 -9.828020e+01
     vertex  1.962212e+01 -2.500000e+01 -8.528540e+01
   endloop
 endfacet
 facet normal  6.293679e-16 -1.000000e+00 -4.309954e-16
   outer loop
     vertex  8.819309e+00 -2.500000e+01 -8.706807e+01
     vertex  1.208822e+01 -2.500000e+01 -7.405155e+01
     vertex  5.932992e+00 -2.500000e+01 -7.479677e+01
   endloop
 endfacet
 facet normal -2.256194e-15 -1.000000e+00 -6.737815e-16
   outer loop
     vertex  8.819309e+00 -2.500000e+01 -8.706807e+01
     vertex  1.244894e+01 -2.500000e+01 -9.922208e+01
     vertex  1.846625e+01 -2.500000e+01 -9.828020e+01
   endloop
 endfacet
 facet normal  7.968153e-16 -1.000000e+00  2.379580e-16
   outer loop
     vertex  8.819309e+00 -2.500000e+01 -8.706807e+01
     vertex  8.123901e+00 -2.500000e+01 -9.966946e+01
     vertex  1.244894e+01 -2.500000e+01 -9.922208e+01
   endloop
 endfacet
 facet normal -9.822757e-16 -1.000000e+00 -2.625476e-17
   outer loop
     vertex  8.819309e+00 -2.500000e+01 -8.706807e+01
     vertex  1.962212e+01 -2.500000e+01 -8.528540e+01
     vertex  1.208822e+01 -2.500000e+01 -7.405155e+01
   endloop
 endfacet
 facet normal  3.057083e-16 -1.000000e+00 -8.342701e-16
   outer loop
     vertex -5.671002e+01 -2.500000e+01 -1.252321e+02
     vertex -4.561818e+01 -2.500000e+01 -1.296846e+02
     vertex -4.488825e+01 -2.500000e+01 -1.166417e+02
   endloop
 endfacet
 facet normal -5.601094e-16 -1.000000e+00  3.572319e-16
   outer loop
     vertex -5.671002e+01 -2.500000e+01 -1.252321e+02
     vertex -4.488825e+01 -2.500000e+01 -1.166417e+02
     vertex -4.991629e+01 -2.500000e+01 -1.145801e+02
   endloop
 endfacet
 facet normal -1.668811e-15 -1.000000e+00  1.064350e-15
   outer loop
     vertex -5.671002e+01 -2.500000e+01 -1.252321e+02
     vertex -4.991629e+01 -2.500000e+01 -1.145801e+02
     vertex -5.484995e+01 -2.500000e+01 -1.123019e+02
   endloop
 endfacet
 facet normal  5.152723e-16 -1.000000e+00 -3.122113e-16
   outer loop
     vertex -5.671002e+01 -2.500000e+01 -1.252321e+02
     vertex -5.778646e+01 -2.500000e+01 -1.383879e+02
     vertex -4.561818e+01 -2.500000e+01 -1.296846e+02
   endloop
 endfacet
 facet normal -4.120188e-16 -1.000000e+00 -2.363376e-16
   outer loop
     vertex -5.671002e+01 -2.500000e+01 -1.252321e+02
     vertex -6.958826e+01 -2.500000e+01 -1.328456e+02
     vertex -5.778646e+01 -2.500000e+01 -1.383879e+02
   endloop
 endfacet
 facet normal -7.848691e-16 -1.000000e+00 -9.297653e-17
   outer loop
     vertex  1.842618e+01 -2.500000e+01 -5.978180e+01
     vertex  1.991393e+01 -2.500000e+01 -7.234082e+01
     vertex  2.428093e+01 -2.500000e+01 -7.099432e+01
   endloop
 endfacet
 facet normal  0.000000e+00 -1.000000e+00 -0.000000e+00
   outer loop
     vertex  1.842618e+01 -2.500000e+01 -5.978180e+01
     vertex  1.657388e+01 -2.500000e+01 -7.317830e+01
     vertex  1.991393e+01 -2.500000e+01 -7.234082e+01
   endloop
 endfacet
 facet normal -2.338699e-15 -1.000000e+00 -3.688382e-16
   outer loop
     vertex  1.842618e+01 -2.500000e+01 -5.978180e+01
     vertex  1.932514e+01 -2.500000e+01 -4.621750e+01
     vertex  1.356511e+01 -2.500000e+01 -4.822349e+01
   endloop
 endfacet
 facet normal  9.863471e-16 -1.000000e+00 -5.892016e-16
   outer loop
     vertex  1.842618e+01 -2.500000e+01 -5.978180e+01
     vertex  2.789216e+01 -2.500000e+01 -5.599478e+01
     vertex  1.932514e+01 -2.500000e+01 -4.621750e+01
   endloop
 endfacet
 facet normal  5.412115e-16 -1.000000e+00  5.234529e-16
   outer loop
     vertex  1.842618e+01 -2.500000e+01 -5.978180e+01
     vertex  2.795198e+01 -2.500000e+01 -6.963078e+01
     vertex  2.789216e+01 -2.500000e+01 -5.599478e+01
   endloop
 endfacet
 facet normal  7.119876e-16 -1.000000e+00  6.886255e-16
   outer loop
     vertex  1.842618e+01 -2.500000e+01 -5.978180e+01
     vertex  2.428093e+01 -2.500000e+01 -7.099432e+01
     vertex  2.795198e+01 -2.500000e+01 -6.963078e+01
   endloop
 endfacet
 facet normal  8.270390e-16 -1.000000e+00 -1.183229e-16
   outer loop
     vertex -7.047751e+01 -2.500000e+01 -1.180340e+02
     vertex -6.063470e+01 -2.500000e+01 -1.092871e+02
     vertex -6.854253e+01 -2.500000e+01 -1.045091e+02
   endloop
 endfacet
 facet normal  2.668592e-16 -1.000000e+00  5.120408e-16
   outer loop
     vertex -7.047751e+01 -2.500000e+01 -1.180340e+02
     vertex -5.484995e+01 -2.500000e+01 -1.123019e+02
     vertex -6.063470e+01 -2.500000e+01 -1.092871e+02
   endloop
 endfacet
 facet normal  1.608157e-16 -1.000000e+00  8.011497e-16
   outer loop
     vertex -7.047751e+01 -2.500000e+01 -1.180340e+02
     vertex -5.671002e+01 -2.500000e+01 -1.252321e+02
     vertex -5.484995e+01 -2.500000e+01 -1.123019e+02
   endloop
 endfacet
 facet normal -3.958845e-16 -1.000000e+00 -2.636289e-16
   outer loop
     vertex -7.047751e+01 -2.500000e+01 -1.180340e+02
     vertex -6.958826e+01 -2.500000e+01 -1.328456e+02
     vertex -5.671002e+01 -2.500000e+01 -1.252321e+02
   endloop
 endfacet
 facet normal -4.707396e-16 -1.000000e+00 -2.681230e-16
   outer loop
     vertex -7.047751e+01 -2.500000e+01 -1.180340e+02
     vertex -8.086404e+01 -2.500000e+01 -1.262992e+02
     vertex -6.958826e+01 -2.500000e+01 -1.328456e+02
   endloop
 endfacet
 facet normal -1.375913e-15 -1.000000e+00  8.493025e-16
   outer loop
     vertex  1.335376e+01 -2.500000e+01 -6.111518e+01
     vertex  1.356511e+01 -2.500000e+01 -4.822349e+01
     vertex  7.603991e+00 -2.500000e+01 -4.951461e+01
   endloop
 endfacet
 facet normal -1.451279e-15 -1.000000e+00 -6.819136e-16
   outer loop
     vertex  1.335376e+01 -2.500000e+01 -6.111518e+01
     vertex  1.208822e+01 -2.500000e+01 -7.405155e+01
     vertex  1.657388e+01 -2.500000e+01 -7.317830e+01
   endloop
 endfacet
 facet normal  4.851643e-16 -1.000000e+00  8.187910e-16
   outer loop
     vertex  1.335376e+01 -2.500000e+01 -6.111518e+01
     vertex  1.842618e+01 -2.500000e+01 -5.978180e+01
     vertex  1.356511e+01 -2.500000e+01 -4.822349e+01
   endloop
 endfacet
 facet normal  7.268148e-16 -1.000000e+00 -1.004949e-16
   outer loop
     vertex  1.335376e+01 -2.500000e+01 -6.111518e+01
     vertex  1.657388e+01 -2.500000e+01 -7.317830e+01
     vertex  1.842618e+01 -2.500000e+01 -5.978180e+01
   endloop
 endfacet
 facet normal  1.742198e-16 -1.000000e+00  2.291444e-16
   outer loop
     vertex -7.728220e+01 -2.500000e+01 -1.136951e+02
     vertex -7.302079e+01 -2.500000e+01 -1.014308e+02
     vertex -7.821357e+01 -2.500000e+01 -9.748269e+01
   endloop
 endfacet
 facet normal -1.120013e-15 -1.000000e+00  6.788449e-16
   outer loop
     vertex -7.728220e+01 -2.500000e+01 -1.136951e+02
     vertex -6.854253e+01 -2.500000e+01 -1.045091e+02
     vertex -7.302079e+01 -2.500000e+01 -1.014308e+02
   endloop
 endfacet
 facet normal -1.652302e-16 -1.000000e+00 -2.349143e-16
   outer loop
     vertex -7.728220e+01 -2.500000e+01 -1.136951e+02
     vertex -9.152857e+01 -2.500000e+01 -1.187981e+02
     vertex -8.086404e+01 -2.500000e+01 -1.262992e+02
   endloop
 endfacet
 facet normal -5.941643e-16 -1.000000e+00 -1.130197e-16
   outer loop
     vertex -7.728220e+01 -2.500000e+01 -1.136951e+02
     vertex -8.086404e+01 -2.500000e+01 -1.262992e+02
     vertex -7.047751e+01 -2.500000e+01 -1.180340e+02
   endloop
 endfacet
 facet normal -4.784508e-16 -1.000000e+00  6.845104e-17
   outer loop
     vertex -7.728220e+01 -2.500000e+01 -1.136951e+02
     vertex -7.047751e+01 -2.500000e+01 -1.180340e+02
     vertex -6.854253e+01 -2.500000e+01 -1.045091e+02
   endloop
 endfacet
 facet normal  5.360237e-16 -1.000000e+00 -3.782509e-16
   outer loop
     vertex -8.961660e+01 -2.500000e+01 -1.042496e+02
     vertex -7.821357e+01 -2.500000e+01 -9.748269e+01
     vertex -8.237723e+01 -2.500000e+01 -9.399059e+01
   endloop
 endfacet
 facet normal -5.384898e-16 -1.000000e+00  3.799912e-16
   outer loop
     vertex -8.961660e+01 -2.500000e+01 -1.042496e+02
     vertex -8.237723e+01 -2.500000e+01 -9.399059e+01
     vertex -8.638514e+01 -2.500000e+01 -9.032078e+01
   endloop
 endfacet
 facet normal  1.355762e-16 -1.000000e+00 -2.620145e-16
   outer loop
     vertex -8.961660e+01 -2.500000e+01 -1.042496e+02
     vertex -1.015013e+02 -2.500000e+01 -1.103992e+02
     vertex -9.152857e+01 -2.500000e+01 -1.187981e+02
   endloop
 endfacet
 facet normal -1.699032e-16 -1.000000e+00 -2.218684e-16
   outer loop
     vertex -8.961660e+01 -2.500000e+01 -1.042496e+02
     vertex -9.152857e+01 -2.500000e+01 -1.187981e+02
     vertex -7.728220e+01 -2.500000e+01 -1.136951e+02
   endloop
 endfacet
 facet normal  1.755328e-16 -1.000000e+00  2.292198e-16
   outer loop
     vertex -8.961660e+01 -2.500000e+01 -1.042496e+02
     vertex -7.728220e+01 -2.500000e+01 -1.136951e+02
     vertex -7.821357e+01 -2.500000e+01 -9.748269e+01
   endloop
 endfacet
 facet normal  4.646565e-15 -1.000000e+00  3.575854e-16
   outer loop
     vertex  3.249076e+00 -2.500000e+01 -6.247264e+01
     vertex  7.603991e+00 -2.500000e+01 -4.951461e+01
     vertex  1.530149e+00 -2.500000e+01 -5.007171e+01
   endloop
 endfacet
 facet normal  4.664153e-16 -1.000000e+00  1.762443e-15
   outer loop
     vertex  3.249076e+00 -2.500000e+01 -6.247264e+01
     vertex  1.335376e+01 -2.500000e+01 -6.111518e+01
     vertex  7.603991e+00 -2.500000e+01 -4.951461e+01
   endloop
 endfacet
 facet normal -3.622351e-15 -1.000000e+00  8.260950e-16
   outer loop
     vertex  3.249076e+00 -2.500000e+01 -6.247264e+01
     vertex -2.547542e+00 -2.500000e+01 -7.498845e+01
     vertex  1.368539e+00 -2.500000e+01 -7.501924e+01
   endloop
 endfacet
 facet normal -6.858467e-16 -1.000000e+00 -2.348736e-16
   outer loop
     vertex -2.066203e+01 -2.500000e+01 -8.503946e+01
     vertex -3.299683e+01 -2.500000e+01 -9.439920e+01
     vertex -2.718884e+01 -2.500000e+01 -9.623288e+01
   endloop
 endfacet
 facet normal -4.574243e-16 -1.000000e+00  5.403346e-16
   outer loop
     vertex -2.066203e+01 -2.500000e+01 -8.503946e+01
     vertex -1.485313e+01 -2.500000e+01 -7.354687e+01
     vertex -2.087470e+01 -2.500000e+01 -7.206944e+01
   endloop
 endfacet
 facet normal -8.761857e-16 -1.000000e+00 -1.238882e-16
   outer loop
     vertex -2.066203e+01 -2.500000e+01 -8.503946e+01
     vertex -2.718884e+01 -2.500000e+01 -9.623288e+01
     vertex -2.297983e+01 -2.500000e+01 -9.732381e+01
   endloop
 endfacet
 facet normal -1.382045e-16 -1.000000e+00  2.871256e-16
   outer loop
     vertex -9.833284e+01 -2.500000e+01 -9.607166e+01
     vertex -8.961660e+01 -2.500000e+01 -1.042496e+02
     vertex -8.638514e+01 -2.500000e+01 -9.032078e+01
   endloop
 endfacet
 facet normal  0.000000e+00 -1.000000e+00  0.000000e+00
   outer loop
     vertex -9.833284e+01 -2.500000e+01 -9.607166e+01
     vertex -8.638514e+01 -2.500000e+01 -9.032078e+01
     vertex -9.022975e+01 -2.500000e+01 -8.648024e+01
   endloop
 endfacet
 facet normal  2.035650e-16 -1.000000e+00  2.029481e-16
   outer loop
     vertex -9.833284e+01 -2.500000e+01 -9.607166e+01
     vertex -1.107067e+02 -2.500000e+01 -1.011657e+02
     vertex -1.015013e+02 -2.500000e+01 -1.103992e+02
   endloop
 endfacet
 facet normal -1.448852e-16 -1.000000e+00  2.800051e-16
   outer loop
     vertex -9.833284e+01 -2.500000e+01 -9.607166e+01
     vertex -1.015013e+02 -2.500000e+01 -1.103992e+02
     vertex -8.961660e+01 -2.500000e+01 -1.042496e+02
   endloop
 endfacet
 facet normal -3.509078e-15 -1.000000e+00 -4.152558e-16
   outer loop
     vertex -4.095288e+00 -2.500000e+01 -6.242289e+01
     vertex  1.530149e+00 -2.500000e+01 -5.007171e+01
     vertex -4.566376e+00 -2.500000e+01 -4.988652e+01
   endloop
 endfacet
 facet normal -2.907070e-15 -1.000000e+00 -6.894446e-16
   outer loop
     vertex -4.095288e+00 -2.500000e+01 -6.242289e+01
     vertex  3.249076e+00 -2.500000e+01 -6.247264e+01
     vertex  1.530149e+00 -2.500000e+01 -5.007171e+01
   endloop
 endfacet
 facet normal  4.230094e-15 -1.000000e+00 -1.328007e-15
   outer loop
     vertex -4.095288e+00 -2.500000e+01 -6.242289e+01
     vertex -1.034823e+01 -2.500000e+01 -7.431468e+01
     vertex -7.107934e+00 -2.500000e+01 -7.469428e+01
   endloop
 endfacet
 facet normal -2.899073e-15 -1.000000e+00  4.911133e-16
   outer loop
     vertex -4.095288e+00 -2.500000e+01 -6.242289e+01
     vertex -2.547542e+00 -2.500000e+01 -7.498845e+01
     vertex  3.249076e+00 -2.500000e+01 -6.247264e+01
   endloop
 endfacet
 facet normal -3.085953e-15 -1.000000e+00  4.680945e-16
   outer loop
     vertex -4.095288e+00 -2.500000e+01 -6.242289e+01
     vertex -7.107934e+00 -2.500000e+01 -7.469428e+01
     vertex -2.547542e+00 -2.500000e+01 -7.498845e+01
   endloop
 endfacet
 facet normal  1.311316e-15 -1.000000e+00 -9.988921e-16
   outer loop
     vertex -3.102013e+01 -2.500000e+01 -8.183141e+01
     vertex -2.087470e+01 -2.500000e+01 -7.206944e+01
     vertex -2.522340e+01 -2.500000e+01 -7.066498e+01
   endloop
 endfacet
 facet normal  2.016672e-16 -1.000000e+00 -5.970872e-16
   outer loop
     vertex -3.102013e+01 -2.500000e+01 -8.183141e+01
     vertex -4.107153e+01 -2.500000e+01 -9.117636e+01
     vertex -3.299683e+01 -2.500000e+01 -9.439920e+01
   endloop
 endfacet
 facet normal -2.321482e-15 -1.000000e+00  5.175426e-16
   outer loop
     vertex -3.102013e+01 -2.500000e+01 -8.183141e+01
     vertex -2.827139e+01 -2.500000e+01 -6.950170e+01
     vertex -3.245005e+01 -2.500000e+01 -6.765170e+01
   endloop
 endfacet
 facet normal -1.742015e-16 -1.000000e+00  5.449786e-16
   outer loop
     vertex -3.102013e+01 -2.500000e+01 -8.183141e+01
     vertex -2.066203e+01 -2.500000e+01 -8.503946e+01
     vertex -2.087470e+01 -2.500000e+01 -7.206944e+01
   endloop
 endfacet
 facet normal -4.940257e-16 -1.000000e+00 -4.876663e-16
   outer loop
     vertex -3.102013e+01 -2.500000e+01 -8.183141e+01
     vertex -3.299683e+01 -2.500000e+01 -9.439920e+01
     vertex -2.066203e+01 -2.500000e+01 -8.503946e+01
   endloop
 endfacet
 facet normal -1.074193e-15 -1.000000e+00  2.394767e-16
   outer loop
     vertex -3.102013e+01 -2.500000e+01 -8.183141e+01
     vertex -2.522340e+01 -2.500000e+01 -7.066498e+01
     vertex -2.827139e+01 -2.500000e+01 -6.950170e+01
   endloop
 endfacet
 facet normal  2.310057e-15 -1.000000e+00 -3.070230e-16
   outer loop
     vertex -9.235151e+00 -2.500000e+01 -6.187164e+01
     vertex -4.566376e+00 -2.500000e+01 -4.988652e+01
     vertex -1.059521e+01 -2.500000e+01 -4.896181e+01
   endloop
 endfacet
 facet normal  2.053919e-15 -1.000000e+00 -1.837309e-16
   outer loop
     vertex -9.235151e+00 -2.500000e+01 -6.187164e+01
     vertex -1.034823e+01 -2.500000e+01 -7.431468e+01
     vertex -4.095288e+00 -2.500000e+01 -6.242289e+01
   endloop
 endfacet
 facet normal  2.051498e-15 -1.000000e+00 -2.063020e-16
   outer loop
     vertex -9.235151e+00 -2.500000e+01 -6.187164e+01
     vertex -4.095288e+00 -2.500000e+01 -6.242289e+01
     vertex -4.566376e+00 -2.500000e+01 -4.988652e+01
   endloop
 endfacet
 facet normal  2.315784e-16 -1.000000e+00  1.640369e-16
   outer loop
     vertex -1.115885e+02 -2.500000e+01 -8.029396e+01
     vertex -1.003926e+02 -2.500000e+01 -7.444163e+01
     vertex -1.035337e+02 -2.500000e+01 -7.000721e+01
   endloop
 endfacet
 facet normal  7.383045e-16 -1.000000e+00 -8.053576e-16
   outer loop
     vertex -1.115885e+02 -2.500000e+01 -8.029396e+01
     vertex -9.637185e+01 -2.500000e+01 -7.957831e+01
     vertex -1.003926e+02 -2.500000e+01 -7.444163e+01
   endloop
 endfacet
 facet normal -2.355003e-16 -1.000000e+00 -1.645766e-16
   outer loop
     vertex -1.115885e+02 -2.500000e+01 -8.029396e+01
     vertex -1.265440e+02 -2.500000e+01 -8.048047e+01
     vertex -1.190754e+02 -2.500000e+01 -9.116763e+01
   endloop
 endfacet
 facet normal -7.327646e-16 -1.000000e+00  4.079843e-16
   outer loop
     vertex -4.257431e+01 -2.500000e+01 -7.645951e+01
     vertex -4.107153e+01 -2.500000e+01 -9.117636e+01
     vertex -3.102013e+01 -2.500000e+01 -8.183141e+01
   endloop
 endfacet
 facet normal  1.579668e-15 -1.000000e+00 -5.207652e-16
   outer loop
     vertex -4.257431e+01 -2.500000e+01 -7.645951e+01
     vertex -5.034938e+01 -2.500000e+01 -8.639988e+01
     vertex -4.654594e+01 -2.500000e+01 -8.850691e+01
   endloop
 endfacet
 facet normal  1.208425e-15 -1.000000e+00 -1.389038e-15
   outer loop
     vertex -4.257431e+01 -2.500000e+01 -7.645951e+01
     vertex -3.245005e+01 -2.500000e+01 -6.765170e+01
     vertex -3.792480e+01 -2.500000e+01 -6.474154e+01
   endloop
 endfacet
 facet normal -6.011710e-16 -1.000000e+00  6.910234e-16
   outer loop
     vertex -4.257431e+01 -2.500000e+01 -7.645951e+01
     vertex -3.102013e+01 -2.500000e+01 -8.183141e+01
     vertex -3.245005e+01 -2.500000e+01 -6.765170e+01
   endloop
 endfacet
 facet normal -1.118182e-15 -1.000000e+00  3.686283e-16
   outer loop
     vertex -4.257431e+01 -2.500000e+01 -7.645951e+01
     vertex -4.654594e+01 -2.500000e+01 -8.850691e+01
     vertex -4.107153e+01 -2.500000e+01 -9.117636e+01
   endloop
 endfacet
 facet normal -2.532118e-16 -1.000000e+00  1.255702e-15
   outer loop
     vertex -1.181409e+02 -2.500000e+01 -7.029820e+01
     vertex -1.265440e+02 -2.500000e+01 -8.048047e+01
     vertex -1.115885e+02 -2.500000e+01 -8.029396e+01
   endloop
 endfacet
 facet normal  7.359006e-17 -1.000000e+00  9.860043e-16
   outer loop
     vertex -1.181409e+02 -2.500000e+01 -7.029820e+01
     vertex -1.330560e+02 -2.500000e+01 -6.918501e+01
     vertex -1.265440e+02 -2.500000e+01 -8.048047e+01
   endloop
 endfacet
 facet normal -7.482023e-16 -1.000000e+00  9.312258e-16
   outer loop
     vertex -1.181409e+02 -2.500000e+01 -7.029820e+01
     vertex -1.115885e+02 -2.500000e+01 -8.029396e+01
     vertex -1.035337e+02 -2.500000e+01 -7.000721e+01
   endloop
 endfacet
 facet normal -7.509975e-16 -1.000000e+00  1.071540e-15
   outer loop
     vertex -1.181409e+02 -2.500000e+01 -7.029820e+01
     vertex -1.035337e+02 -2.500000e+01 -7.000721e+01
     vertex -1.064791e+02 -2.500000e+01 -6.544042e+01
   endloop
 endfacet
 facet normal -4.986389e-16 -1.000000e+00  4.657143e-16
   outer loop
     vertex -1.181409e+02 -2.500000e+01 -7.029820e+01
     vertex -1.064791e+02 -2.500000e+01 -6.544042e+01
     vertex -1.092231e+02 -2.500000e+01 -6.074994e+01
   endloop
 endfacet
 facet normal  1.652583e-15 -1.000000e+00  5.778896e-17
   outer loop
     vertex -1.916270e+01 -2.500000e+01 -5.954980e+01
     vertex -2.522340e+01 -2.500000e+01 -7.066498e+01
     vertex -2.087470e+01 -2.500000e+01 -7.206944e+01
   endloop
 endfacet
 facet normal -6.466145e-16 -1.000000e+00 -1.478623e-16
   outer loop
     vertex -1.916270e+01 -2.500000e+01 -5.954980e+01
     vertex -1.059521e+01 -2.500000e+01 -4.896181e+01
     vertex -1.646697e+01 -2.500000e+01 -4.731127e+01
   endloop
 endfacet
 facet normal -1.319760e-16 -1.000000e+00 -5.642927e-16
   outer loop
     vertex -1.916270e+01 -2.500000e+01 -5.954980e+01
     vertex -9.235151e+00 -2.500000e+01 -6.187164e+01
     vertex -1.059521e+01 -2.500000e+01 -4.896181e+01
   endloop
 endfacet
 facet normal -6.006890e-17 -1.000000e+00 -8.048396e-16
   outer loop
     vertex -1.253180e+02 -2.500000e+01 -5.651997e+01
     vertex -1.330560e+02 -2.500000e+01 -6.918501e+01
     vertex -1.181409e+02 -2.500000e+01 -7.029820e+01
   endloop
 endfacet
 facet normal  7.059909e-16 -1.000000e+00 -1.369395e-15
   outer loop
     vertex -1.253180e+02 -2.500000e+01 -5.651997e+01
     vertex -1.122440e+02 -2.500000e+01 -5.496840e+01
     vertex -1.159980e+02 -2.500000e+01 -4.652632e+01
   endloop
 endfacet
 facet normal  5.316953e-16 -1.000000e+00 -4.965879e-16
   outer loop
     vertex -1.253180e+02 -2.500000e+01 -5.651997e+01
     vertex -1.181409e+02 -2.500000e+01 -7.029820e+01
     vertex -1.092231e+02 -2.500000e+01 -6.074994e+01
   endloop
 endfacet
 facet normal -2.231616e-16 -1.000000e+00 -7.051939e-16
   outer loop
     vertex -1.253180e+02 -2.500000e+01 -5.651997e+01
     vertex -1.385624e+02 -2.500000e+01 -5.736665e+01
     vertex -1.330560e+02 -2.500000e+01 -6.918501e+01
   endloop
 endfacet
 facet normal  5.804114e-16 -1.000000e+00 -3.112243e-16
   outer loop
     vertex -1.253180e+02 -2.500000e+01 -5.651997e+01
     vertex -1.092231e+02 -2.500000e+01 -6.074994e+01
     vertex -1.122440e+02 -2.500000e+01 -5.496840e+01
   endloop
 endfacet
 facet normal -3.758516e-16 -1.000000e+00  6.112299e-16
   outer loop
     vertex -2.401390e+01 -2.500000e+01 -5.776435e+01
     vertex -1.646697e+01 -2.500000e+01 -4.731127e+01
     vertex -2.209463e+01 -2.500000e+01 -4.495937e+01
   endloop
 endfacet
 facet normal -2.197685e-15 -1.000000e+00  7.971670e-16
   outer loop
     vertex -2.401390e+01 -2.500000e+01 -5.776435e+01
     vertex -3.245005e+01 -2.500000e+01 -6.765170e+01
     vertex -2.827139e+01 -2.500000e+01 -6.950170e+01
   endloop
 endfacet
 facet normal  1.256014e-15 -1.000000e+00 -5.669455e-16
   outer loop
     vertex -2.401390e+01 -2.500000e+01 -5.776435e+01
     vertex -1.916270e+01 -2.500000e+01 -5.954980e+01
     vertex -1.646697e+01 -2.500000e+01 -4.731127e+01
   endloop
 endfacet
 facet normal  1.513795e-15 -1.000000e+00  1.334653e-16
   outer loop
     vertex -2.401390e+01 -2.500000e+01 -5.776435e+01
     vertex -2.522340e+01 -2.500000e+01 -7.066498e+01
     vertex -1.916270e+01 -2.500000e+01 -5.954980e+01
   endloop
 endfacet
 facet normal -1.023851e-15 -1.000000e+00  3.713818e-16
   outer loop
     vertex -2.401390e+01 -2.500000e+01 -5.776435e+01
     vertex -2.827139e+01 -2.500000e+01 -6.950170e+01
     vertex -2.522340e+01 -2.500000e+01 -7.066498e+01
   endloop
 endfacet
 facet normal -1.327725e-16 -1.000000e+00  6.485449e-16
   outer loop
     vertex -1.284186e+02 -2.500000e+01 -4.906910e+01
     vertex -1.159980e+02 -2.500000e+01 -4.652632e+01
     vertex -1.179109e+02 -2.500000e+01 -4.143995e+01
   endloop
 endfacet
 facet normal -3.993583e-16 -1.000000e+00  1.015716e-15
   outer loop
     vertex -1.284186e+02 -2.500000e+01 -4.906910e+01
     vertex -1.179109e+02 -2.500000e+01 -4.143995e+01
     vertex -1.199124e+02 -2.500000e+01 -3.523142e+01
   endloop
 endfacet
 facet normal -2.019082e-16 -1.000000e+00 -1.037658e-15
   outer loop
     vertex -1.284186e+02 -2.500000e+01 -4.906910e+01
     vertex -1.385624e+02 -2.500000e+01 -5.736665e+01
     vertex -1.253180e+02 -2.500000e+01 -5.651997e+01
   endloop
 endfacet
 facet normal  1.799055e-16 -1.000000e+00 -8.787724e-16
   outer loop
     vertex -1.284186e+02 -2.500000e+01 -4.906910e+01
     vertex -1.253180e+02 -2.500000e+01 -5.651997e+01
     vertex -1.159980e+02 -2.500000e+01 -4.652632e+01
   endloop
 endfacet
 facet normal -6.268820e-16 -1.000000e+00 -5.181227e-16
   outer loop
     vertex -1.284186e+02 -2.500000e+01 -4.906910e+01
     vertex -1.430215e+02 -2.500000e+01 -4.511470e+01
     vertex -1.385624e+02 -2.500000e+01 -5.736665e+01
   endloop
 endfacet
 facet normal -5.481859e-16 -1.000000e+00 -1.481966e-16
   outer loop
     vertex -1.331349e+02 -2.500000e+01 -3.426689e+01
     vertex -1.199124e+02 -2.500000e+01 -3.523142e+01
     vertex -1.213306e+02 -2.500000e+01 -2.998558e+01
   endloop
 endfacet
 facet normal -5.566721e-16 -1.000000e+00 -1.247987e-16
   outer loop
     vertex -1.331349e+02 -2.500000e+01 -3.426689e+01
     vertex -1.213306e+02 -2.500000e+01 -2.998558e+01
     vertex -1.225193e+02 -2.500000e+01 -2.468305e+01
   endloop
 endfacet
 facet normal -1.768654e-16 -1.000000e+00  1.143709e-15
   outer loop
     vertex -1.331349e+02 -2.500000e+01 -3.426689e+01
     vertex -1.430215e+02 -2.500000e+01 -4.511470e+01
     vertex -1.284186e+02 -2.500000e+01 -4.906910e+01
   endloop
 endfacet
 facet normal -4.605388e-16 -1.000000e+00  1.053325e-15
   outer loop
     vertex -1.331349e+02 -2.500000e+01 -3.426689e+01
     vertex -1.284186e+02 -2.500000e+01 -4.906910e+01
     vertex -1.199124e+02 -2.500000e+01 -3.523142e+01
   endloop
 endfacet
 facet normal  5.937367e-16 -1.000000e+00  4.413885e-16
   outer loop
     vertex -1.331349e+02 -2.500000e+01 -3.426689e+01
     vertex -1.463995e+02 -2.500000e+01 -3.252179e+01
     vertex -1.430215e+02 -2.500000e+01 -4.511470e+01
   endloop
 endfacet
 facet normal -4.624490e-16 -1.000000e+00  6.242095e-16
   outer loop
     vertex -3.307800e+01 -2.500000e+01 -5.309646e+01
     vertex -2.401390e+01 -2.500000e+01 -5.776435e+01
     vertex -2.209463e+01 -2.500000e+01 -4.495937e+01
   endloop
 endfacet
 facet normal -3.789839e-16 -1.000000e+00  5.115492e-16
   outer loop
     vertex -3.307800e+01 -2.500000e+01 -5.309646e+01
     vertex -2.209463e+01 -2.500000e+01 -4.495937e+01
     vertex -2.739474e+01 -2.500000e+01 -4.194098e+01
   endloop
 endfacet
 facet normal -1.167629e-15 -1.000000e+00  1.489962e-15
   outer loop
     vertex -3.307800e+01 -2.500000e+01 -5.309646e+01
     vertex -4.499006e+01 -2.500000e+01 -6.004708e+01
     vertex -4.179578e+01 -2.500000e+01 -6.231269e+01
   endloop
 endfacet
 facet normal  5.734234e-16 -1.000000e+00 -5.846889e-16
   outer loop
     vertex -6.559470e+01 -2.500000e+01 -5.793068e+01
     vertex -7.734836e+01 -2.500000e+01 -6.338163e+01
     vertex -7.452003e+01 -2.500000e+01 -6.668405e+01
   endloop
 endfacet
 facet normal  7.258969e-16 -1.000000e+00 -9.134616e-16
   outer loop
     vertex -6.559470e+01 -2.500000e+01 -5.793068e+01
     vertex -8.106341e+01 -2.500000e+01 -5.855529e+01
     vertex -7.734836e+01 -2.500000e+01 -6.338163e+01
   endloop
 endfacet
 facet normal  2.788782e-16 -1.000000e+00 -5.177763e-16
   outer loop
     vertex -6.559470e+01 -2.500000e+01 -5.793068e+01
     vertex -5.425819e+01 -2.500000e+01 -5.182476e+01
     vertex -5.835176e+01 -2.500000e+01 -4.716810e+01
   endloop
 endfacet
 facet normal -1.013840e-16 -1.000000e+00 -6.290989e-16
   outer loop
     vertex -1.356080e+02 -2.500000e+01 -2.257371e+01
     vertex -1.331349e+02 -2.500000e+01 -3.426689e+01
     vertex -1.225193e+02 -2.500000e+01 -2.468305e+01
   endloop
 endfacet
 facet normal  2.204251e-16 -1.000000e+00  1.367762e-15
   outer loop
     vertex -1.356080e+02 -2.500000e+01 -2.257371e+01
     vertex -1.225193e+02 -2.500000e+01 -2.468305e+01
     vertex -1.234765e+02 -2.500000e+01 -1.933387e+01
   endloop
 endfacet
 facet normal  4.687678e-16 -1.000000e+00 -5.085087e-16
   outer loop
     vertex -1.356080e+02 -2.500000e+01 -2.257371e+01
     vertex -1.463995e+02 -2.500000e+01 -3.252179e+01
     vertex -1.331349e+02 -2.500000e+01 -3.426689e+01
   endloop
 endfacet
 facet normal -2.193223e-16 -1.000000e+00  2.379159e-16
   outer loop
     vertex -1.356080e+02 -2.500000e+01 -2.257371e+01
     vertex -1.486710e+02 -2.500000e+01 -1.968309e+01
     vertex -1.463995e+02 -2.500000e+01 -3.252179e+01
   endloop
 endfacet
 facet normal -7.246152e-16 -1.000000e+00  8.241415e-16
   outer loop
     vertex -3.907308e+01 -2.500000e+01 -4.885369e+01
     vertex -5.100259e+01 -2.500000e+01 -5.503175e+01
     vertex -4.856214e+01 -2.500000e+01 -5.719682e+01
   endloop
 endfacet
 facet normal  4.910986e-16 -1.000000e+00 -3.157226e-16
   outer loop
     vertex -3.907308e+01 -2.500000e+01 -4.885369e+01
     vertex -2.739474e+01 -2.500000e+01 -4.194098e+01
     vertex -3.228875e+01 -2.500000e+01 -3.830083e+01
   endloop
 endfacet
 facet normal  1.656580e-16 -1.000000e+00  2.340767e-16
   outer loop
     vertex -3.907308e+01 -2.500000e+01 -4.885369e+01
     vertex -3.307800e+01 -2.500000e+01 -5.309646e+01
     vertex -2.739474e+01 -2.500000e+01 -4.194098e+01
   endloop
 endfacet
 facet normal -1.634681e-16 -1.000000e+00 -2.309824e-16
   outer loop
     vertex -3.907308e+01 -2.500000e+01 -4.885369e+01
     vertex -4.499006e+01 -2.500000e+01 -6.004708e+01
     vertex -3.307800e+01 -2.500000e+01 -5.309646e+01
   endloop
 endfacet
 facet normal  5.213982e-16 -1.000000e+00 -5.930126e-16
   outer loop
     vertex -3.907308e+01 -2.500000e+01 -4.885369e+01
     vertex -4.856214e+01 -2.500000e+01 -5.719682e+01
     vertex -4.499006e+01 -2.500000e+01 -6.004708e+01
   endloop
 endfacet
 facet normal  7.005244e-16 -1.000000e+00 -2.850961e-16
   outer loop
     vertex -7.225535e+01 -2.500000e+01 -4.937401e+01
     vertex -8.106341e+01 -2.500000e+01 -5.855529e+01
     vertex -6.559470e+01 -2.500000e+01 -5.793068e+01
   endloop
 endfacet
 facet normal  3.662694e-16 -1.000000e+00 -6.980107e-16
   outer loop
     vertex -7.225535e+01 -2.500000e+01 -4.937401e+01
     vertex -5.835176e+01 -2.500000e+01 -4.716810e+01
     vertex -6.111502e+01 -2.500000e+01 -4.352830e+01
   endloop
 endfacet
 facet normal -4.566851e-17 -1.000000e+00  8.814186e-16
   outer loop
     vertex -7.225535e+01 -2.500000e+01 -4.937401e+01
     vertex -6.294941e+01 -2.500000e+01 -4.083049e+01
     vertex -6.531832e+01 -2.500000e+01 -3.692255e+01
   endloop
 endfacet
 facet normal -1.272992e-15 -1.000000e+00  1.608196e-15
   outer loop
     vertex -7.225535e+01 -2.500000e+01 -4.937401e+01
     vertex -8.584303e+01 -2.500000e+01 -5.129302e+01
     vertex -8.106341e+01 -2.500000e+01 -5.855529e+01
   endloop
 endfacet
 facet normal  3.447020e-16 -1.000000e+00 -5.620740e-16
   outer loop
     vertex -7.225535e+01 -2.500000e+01 -4.937401e+01
     vertex -6.559470e+01 -2.500000e+01 -5.793068e+01
     vertex -5.835176e+01 -2.500000e+01 -4.716810e+01
   endloop
 endfacet
 facet normal -1.018596e-15 -1.000000e+00  1.941170e-15
   outer loop
     vertex -7.225535e+01 -2.500000e+01 -4.937401e+01
     vertex -6.111502e+01 -2.500000e+01 -4.352830e+01
     vertex -6.294941e+01 -2.500000e+01 -4.083049e+01
   endloop
 endfacet
 facet normal -5.266032e-16 -1.000000e+00  4.417906e-16
   outer loop
     vertex -4.297319e+01 -2.500000e+01 -4.546090e+01
     vertex -5.100259e+01 -2.500000e+01 -5.503175e+01
     vertex -3.907308e+01 -2.500000e+01 -4.885369e+01
   endloop
 endfacet
 facet normal -5.842027e-16 -1.000000e+00  3.755783e-16
   outer loop
     vertex -4.297319e+01 -2.500000e+01 -4.546090e+01
     vertex -3.907308e+01 -2.500000e+01 -4.885369e+01
     vertex -3.228875e+01 -2.500000e+01 -3.830083e+01
   endloop
 endfacet
 facet normal  1.369683e-16 -1.000000e+00 -7.005721e-16
   outer loop
     vertex -4.297319e+01 -2.500000e+01 -4.546090e+01
     vertex -3.228875e+01 -2.500000e+01 -3.830083e+01
     vertex -3.670410e+01 -2.500000e+01 -3.409291e+01
   endloop
 endfacet
 facet normal  2.004353e-16 -1.000000e+00 -6.523061e-16
   outer loop
     vertex -1.374587e+02 -2.500000e+01 -2.050247e+00
     vertex -1.249277e+02 -2.500000e+01 -3.646217e+00
     vertex -1.249682e+02 -2.500000e+01  1.787751e+00
   endloop
 endfacet
 facet normal  2.855263e-16 -1.000000e+00  1.579861e-17
   outer loop
     vertex -1.374587e+02 -2.500000e+01 -2.050247e+00
     vertex -1.245674e+02 -2.500000e+01 -1.015942e+01
     vertex -1.249277e+02 -2.500000e+01 -3.646217e+00
   endloop
 endfacet
 facet normal -1.651497e-16 -1.000000e+00 -1.090150e-15
   outer loop
     vertex -1.374587e+02 -2.500000e+01 -2.050247e+00
     vertex -1.498341e+02 -2.500000e+01  6.342372e+00
     vertex -1.498187e+02 -2.500000e+01 -6.695647e+00
   endloop
 endfacet
 facet normal  1.497483e-15 -1.000000e+00 -1.995795e-15
   outer loop
     vertex -7.865919e+01 -2.500000e+01 -3.835832e+01
     vertex -9.072086e+01 -2.500000e+01 -4.206811e+01
     vertex -8.880640e+01 -2.500000e+01 -4.597196e+01
   endloop
 endfacet
 facet normal  3.533248e-16 -1.000000e+00 -4.708992e-16
   outer loop
     vertex -7.865919e+01 -2.500000e+01 -3.835832e+01
     vertex -8.880640e+01 -2.500000e+01 -4.597196e+01
     vertex -8.584303e+01 -2.500000e+01 -5.129302e+01
   endloop
 endfacet
 facet normal -1.092789e-15 -1.000000e+00  3.322616e-16
   outer loop
     vertex -7.865919e+01 -2.500000e+01 -3.835832e+01
     vertex -8.584303e+01 -2.500000e+01 -5.129302e+01
     vertex -7.225535e+01 -2.500000e+01 -4.937401e+01
   endloop
 endfacet
 facet normal -9.799713e-17 -1.000000e+00  9.105722e-16
   outer loop
     vertex -7.865919e+01 -2.500000e+01 -3.835832e+01
     vertex -7.225535e+01 -2.500000e+01 -4.937401e+01
     vertex -6.531832e+01 -2.500000e+01 -3.692255e+01
   endloop
 endfacet
 facet normal  2.626467e-16 -1.000000e+00 -2.440467e-15
   outer loop
     vertex -7.865919e+01 -2.500000e+01 -3.835832e+01
     vertex -6.531832e+01 -2.500000e+01 -3.692255e+01
     vertex -6.814375e+01 -2.500000e+01 -3.140362e+01
   endloop
 endfacet
 facet normal  1.430208e-16 -1.000000e+00 -6.672516e-16
   outer loop
     vertex -1.371173e+02 -2.500000e+01  9.896663e+00
     vertex -1.247723e+02 -2.500000e+01  7.218332e+00
     vertex -1.243406e+02 -2.500000e+01  1.263526e+01
   endloop
 endfacet
 facet normal  3.687378e-16 -1.000000e+00 -1.200038e-15
   outer loop
     vertex -1.371173e+02 -2.500000e+01  9.896663e+00
     vertex -1.374587e+02 -2.500000e+01 -2.050247e+00
     vertex -1.249682e+02 -2.500000e+01  1.787751e+00
   endloop
 endfacet
 facet normal -2.281059e-16 -1.000000e+00 -1.182982e-15
   outer loop
     vertex -1.371173e+02 -2.500000e+01  9.896663e+00
     vertex -1.498341e+02 -2.500000e+01  6.342372e+00
     vertex -1.374587e+02 -2.500000e+01 -2.050247e+00
   endloop
 endfacet
 facet normal -1.369453e-16 -1.000000e+00 -1.957676e-15
   outer loop
     vertex -1.371173e+02 -2.500000e+01  9.896663e+00
     vertex -1.249682e+02 -2.500000e+01  1.787751e+00
     vertex -1.247723e+02 -2.500000e+01  7.218332e+00
   endloop
 endfacet
 facet normal -4.941830e-16 -1.000000e+00 -2.309962e-16
   outer loop
     vertex -1.371173e+02 -2.500000e+01  9.896663e+00
     vertex -1.487170e+02 -2.500000e+01  1.933242e+01
     vertex -1.498341e+02 -2.500000e+01  6.342372e+00
   endloop
 endfacet
 facet normal  1.257244e-16 -1.000000e+00 -8.806276e-16
   outer loop
     vertex -4.978696e+01 -2.500000e+01 -3.787674e+01
     vertex -6.111502e+01 -2.500000e+01 -4.352830e+01
     vertex -5.835176e+01 -2.500000e+01 -4.716810e+01
   endloop
 endfacet
 facet normal  6.150165e-16 -1.000000e+00 -2.486232e-16
   outer loop
     vertex -4.978696e+01 -2.500000e+01 -3.787674e+01
     vertex -3.670410e+01 -2.500000e+01 -3.409291e+01
     vertex -4.057533e+01 -2.500000e+01 -2.937958e+01
   endloop
 endfacet
 facet normal  8.612486e-16 -1.000000e+00 -1.099990e-15
   outer loop
     vertex -4.978696e+01 -2.500000e+01 -3.787674e+01
     vertex -4.297319e+01 -2.500000e+01 -4.546090e+01
     vertex -3.670410e+01 -2.500000e+01 -3.409291e+01
   endloop
 endfacet
 facet normal  7.412134e-16 -1.000000e+00  1.287709e-15
   outer loop
     vertex -1.351253e+02 -2.500000e+01  2.530366e+01
     vertex -1.487170e+02 -2.500000e+01  1.933242e+01
     vertex -1.371173e+02 -2.500000e+01  9.896663e+00
   endloop
 endfacet
 facet normal -3.050062e-16 -1.000000e+00  1.422982e-15
   outer loop
     vertex -1.351253e+02 -2.500000e+01  2.530366e+01
     vertex -1.371173e+02 -2.500000e+01  9.896663e+00
     vertex -1.243406e+02 -2.500000e+01  1.263526e+01
   endloop
 endfacet
 facet normal -6.563986e-16 -1.000000e+00 -6.566875e-16
   outer loop
     vertex -1.351253e+02 -2.500000e+01  2.530366e+01
     vertex -1.235120e+02 -2.500000e+01  1.910556e+01
     vertex -1.217631e+02 -2.500000e+01  2.817757e+01
   endloop
 endfacet
 facet normal  1.085156e-15 -1.000000e+00  2.606429e-15
   outer loop
     vertex -1.351253e+02 -2.500000e+01  2.530366e+01
     vertex -1.243406e+02 -2.500000e+01  1.263526e+01
     vertex -1.235120e+02 -2.500000e+01  1.910556e+01
   endloop
 endfacet
 facet normal  8.890062e-16 -1.000000e+00  9.513039e-16
   outer loop
     vertex -1.351253e+02 -2.500000e+01  2.530366e+01
     vertex -1.464758e+02 -2.500000e+01  3.217632e+01
     vertex -1.487170e+02 -2.500000e+01  1.933242e+01
   endloop
 endfacet
 facet normal -1.111668e-15 -1.000000e+00  6.740460e-16
   outer loop
     vertex -5.274419e+01 -2.500000e+01 -3.363686e+01
     vertex -4.057533e+01 -2.500000e+01 -2.937958e+01
     vertex -4.384506e+01 -2.500000e+01 -2.423072e+01
   endloop
 endfacet
 facet normal -1.473167e-15 -1.000000e+00  2.324207e-15
   outer loop
     vertex -5.274419e+01 -2.500000e+01 -3.363686e+01
     vertex -6.111502e+01 -2.500000e+01 -4.352830e+01
     vertex -4.978696e+01 -2.500000e+01 -3.787674e+01
   endloop
 endfacet
 facet normal -1.646646e-15 -1.000000e+00  2.203209e-15
   outer loop
     vertex -5.274419e+01 -2.500000e+01 -3.363686e+01
     vertex -4.978696e+01 -2.500000e+01 -3.787674e+01
     vertex -4.057533e+01 -2.500000e+01 -2.937958e+01
   endloop
 endfacet
 facet normal -2.050708e-16 -1.000000e+00  7.847923e-16
   outer loop
     vertex -5.274419e+01 -2.500000e+01 -3.363686e+01
     vertex -6.531832e+01 -2.500000e+01 -3.692255e+01
     vertex -6.294941e+01 -2.500000e+01 -4.083049e+01
   endloop
 endfacet
 facet normal -1.019679e-15 -1.000000e+00  1.940434e-15
   outer loop
     vertex -5.274419e+01 -2.500000e+01 -3.363686e+01
     vertex -6.294941e+01 -2.500000e+01 -4.083049e+01
     vertex -6.111502e+01 -2.500000e+01 -4.352830e+01
   endloop
 endfacet
 facet normal  2.662444e-17 -1.000000e+00 -1.356002e-15
   outer loop
     vertex -1.334077e+02 -2.500000e+01  3.318892e+01
     vertex -1.217631e+02 -2.500000e+01  2.817757e+01
     vertex -1.204232e+02 -2.500000e+01  3.344386e+01
   endloop
 endfacet
 facet normal -3.285086e-16 -1.000000e+00 -2.181200e-15
   outer loop
     vertex -1.334077e+02 -2.500000e+01  3.318892e+01
     vertex -1.351253e+02 -2.500000e+01  2.530366e+01
     vertex -1.217631e+02 -2.500000e+01  2.817757e+01
   endloop
 endfacet
 facet normal  0.000000e+00 -1.000000e+00  0.000000e+00
   outer loop
     vertex -1.334077e+02 -2.500000e+01  3.318892e+01
     vertex -1.204232e+02 -2.500000e+01  3.344386e+01
     vertex -1.185142e+02 -2.500000e+01  3.968142e+01
   endloop
 endfacet
 facet normal -9.285583e-16 -1.000000e+00 -2.050495e-15
   outer loop
     vertex -1.334077e+02 -2.500000e+01  3.318892e+01
     vertex -1.464758e+02 -2.500000e+01  3.217632e+01
     vertex -1.351253e+02 -2.500000e+01  2.530366e+01
   endloop
 endfacet
 facet normal -9.764663e-16 -1.000000e+00 -1.432212e-15
   outer loop
     vertex -1.334077e+02 -2.500000e+01  3.318892e+01
     vertex -1.431276e+02 -2.500000e+01  4.477700e+01
     vertex -1.464758e+02 -2.500000e+01  3.217632e+01
   endloop
 endfacet
 facet normal  7.540756e-17 -1.000000e+00  1.381908e-15
   outer loop
     vertex -1.288114e+02 -2.500000e+01  4.802860e+01
     vertex -1.166773e+02 -2.500000e+01  4.479559e+01
     vertex -1.146198e+02 -2.500000e+01  4.982507e+01
   endloop
 endfacet
 facet normal  9.507753e-16 -1.000000e+00  1.843287e-16
   outer loop
     vertex -1.288114e+02 -2.500000e+01  4.802860e+01
     vertex -1.431276e+02 -2.500000e+01  4.477700e+01
     vertex -1.334077e+02 -2.500000e+01  3.318892e+01
   endloop
 endfacet
 facet normal -9.829154e-17 -1.000000e+00  7.299839e-16
   outer loop
     vertex -1.288114e+02 -2.500000e+01  4.802860e+01
     vertex -1.185142e+02 -2.500000e+01  3.968142e+01
     vertex -1.166773e+02 -2.500000e+01  4.479559e+01
   endloop
 endfacet
 facet normal  7.229357e-16 -1.000000e+00  1.187465e-15
   outer loop
     vertex -1.288114e+02 -2.500000e+01  4.802860e+01
     vertex -1.386975e+02 -2.500000e+01  5.703921e+01
     vertex -1.431276e+02 -2.500000e+01  4.477700e+01
   endloop
 endfacet
 facet normal -2.413111e-16 -1.000000e+00  5.535541e-16
   outer loop
     vertex -1.288114e+02 -2.500000e+01  4.802860e+01
     vertex -1.334077e+02 -2.500000e+01  3.318892e+01
     vertex -1.185142e+02 -2.500000e+01  3.968142e+01
   endloop
 endfacet
 facet normal  1.062640e-15 -1.000000e+00 -7.845887e-16
   outer loop
     vertex -5.750754e+01 -2.500000e+01 -2.462257e+01
     vertex -4.384506e+01 -2.500000e+01 -2.423072e+01
     vertex -4.646482e+01 -2.500000e+01 -1.872266e+01
   endloop
 endfacet
 facet normal -3.718698e-16 -1.000000e+00  1.794303e-15
   outer loop
     vertex -5.750754e+01 -2.500000e+01 -2.462257e+01
     vertex -7.125290e+01 -2.500000e+01 -2.351130e+01
     vertex -6.992914e+01 -2.500000e+01 -2.719695e+01
   endloop
 endfacet
 facet normal  1.080283e-15 -1.000000e+00 -1.399756e-15
   outer loop
     vertex -5.750754e+01 -2.500000e+01 -2.462257e+01
     vertex -5.274419e+01 -2.500000e+01 -3.363686e+01
     vertex -4.384506e+01 -2.500000e+01 -2.423072e+01
   endloop
 endfacet
 facet normal  1.472644e-16 -1.000000e+00  8.358056e-16
   outer loop
     vertex -8.694130e+01 -2.500000e+01 -9.991922e+00
     vertex -9.969970e+01 -2.500000e+01 -7.743962e+00
     vertex -9.926883e+01 -2.500000e+01 -1.207053e+01
   endloop
 endfacet
 facet normal -1.037512e-16 -1.000000e+00 -5.888448e-16
   outer loop
     vertex -8.694130e+01 -2.500000e+01 -9.991922e+00
     vertex -9.998621e+01 -2.500000e+01 -1.660119e+00
     vertex -9.969970e+01 -2.500000e+01 -7.743962e+00
   endloop
 endfacet
 facet normal -2.141122e-16 -1.000000e+00  5.525271e-16
   outer loop
     vertex -8.694130e+01 -2.500000e+01 -9.991922e+00
     vertex -7.415056e+01 -2.500000e+01 -1.146526e+01
     vertex -7.484400e+01 -2.500000e+01 -5.304044e+00
   endloop
 endfacet
 facet normal  2.213380e-16 -1.000000e+00  2.291061e-16
   outer loop
     vertex -1.241530e+02 -2.500000e+01  5.903506e+01
     vertex -1.288114e+02 -2.500000e+01  4.802860e+01
     vertex -1.146198e+02 -2.500000e+01  4.982507e+01
   endloop
 endfacet
 facet normal -4.702478e-17 -1.000000e+00  3.426869e-16
   outer loop
     vertex -1.241530e+02 -2.500000e+01  5.903506e+01
     vertex -1.386975e+02 -2.500000e+01  5.703921e+01
     vertex -1.288114e+02 -2.500000e+01  4.802860e+01
   endloop
 endfacet
 facet normal -0.000000e+00 -1.000000e+00  0.000000e+00
   outer loop
     vertex -1.241530e+02 -2.500000e+01  5.903506e+01
     vertex -1.332192e+02 -2.500000e+01  6.887027e+01
     vertex -1.386975e+02 -2.500000e+01  5.703921e+01
   endloop
 endfacet
 facet normal -4.812240e-16 -1.000000e+00 -4.981131e-16
   outer loop
     vertex -1.241530e+02 -2.500000e+01  5.903506e+01
     vertex -1.146198e+02 -2.500000e+01  4.982507e+01
     vertex -1.123456e+02 -2.500000e+01  5.476036e+01
   endloop
 endfacet
 facet normal -2.222497e-16 -1.000000e+00  5.398839e-16
   outer loop
     vertex -5.999703e+01 -2.500000e+01 -1.771284e+01
     vertex -4.646482e+01 -2.500000e+01 -1.872266e+01
     vertex -4.839576e+01 -2.500000e+01 -1.293704e+01
   endloop
 endfacet
 facet normal -4.039960e-16 -1.000000e+00  1.396929e-15
   outer loop
     vertex -5.999703e+01 -2.500000e+01 -1.771284e+01
     vertex -7.125290e+01 -2.500000e+01 -2.351130e+01
     vertex -5.750754e+01 -2.500000e+01 -2.462257e+01
   endloop
 endfacet
 facet normal -1.515056e-16 -1.000000e+00  1.487898e-15
   outer loop
     vertex -5.999703e+01 -2.500000e+01 -1.771284e+01
     vertex -5.750754e+01 -2.500000e+01 -2.462257e+01
     vertex -4.646482e+01 -2.500000e+01 -1.872266e+01
   endloop
 endfacet
 facet normal -8.856392e-17 -1.000000e+00  7.846177e-16
   outer loop
     vertex -5.999703e+01 -2.500000e+01 -1.771284e+01
     vertex -7.255206e+01 -2.500000e+01 -1.912999e+01
     vertex -7.125290e+01 -2.500000e+01 -2.351130e+01
   endloop
 endfacet
 facet normal -0.000000e+00 -1.000000e+00  0.000000e+00
   outer loop
     vertex -5.999703e+01 -2.500000e+01 -1.771284e+01
     vertex -7.331505e+01 -2.500000e+01 -1.595810e+01
     vertex -7.255206e+01 -2.500000e+01 -1.912999e+01
   endloop
 endfacet
 facet normal  1.568893e-16 -1.000000e+00 -3.269121e-15
   outer loop
     vertex -8.750959e+01 -2.500000e+01  8.366122e-01
     vertex -7.502809e+01 -2.500000e+01 -7.378825e-01
     vertex -7.498924e+01 -2.500000e+01  2.524229e+00
   endloop
 endfacet
 facet normal -2.862316e-16 -1.000000e+00  1.837409e-17
   outer loop
     vertex -8.750959e+01 -2.500000e+01  8.366122e-01
     vertex -7.498924e+01 -2.500000e+01  2.524229e+00
     vertex -7.469648e+01 -2.500000e+01  7.084712e+00
   endloop
 endfacet
 facet normal  3.738144e-16 -1.000000e+00 -9.646463e-16
   outer loop
     vertex -8.750959e+01 -2.500000e+01  8.366122e-01
     vertex -8.694130e+01 -2.500000e+01 -9.991922e+00
     vertex -7.484400e+01 -2.500000e+01 -5.304044e+00
   endloop
 endfacet
 facet normal  4.735365e-16 -1.000000e+00 -7.589616e-16
   outer loop
     vertex -8.750959e+01 -2.500000e+01  8.366122e-01
     vertex -7.484400e+01 -2.500000e+01 -5.304044e+00
     vertex -7.502809e+01 -2.500000e+01 -7.378825e-01
   endloop
 endfacet
 facet normal -2.435900e-16 -1.000000e+00 -1.628629e-15
   outer loop
     vertex -8.750959e+01 -2.500000e+01  8.366122e-01
     vertex -9.975254e+01 -2.500000e+01  7.030589e+00
     vertex -9.998621e+01 -2.500000e+01 -1.660119e+00
   endloop
 endfacet
 facet normal -3.686637e-16 -1.000000e+00 -1.003612e-15
   outer loop
     vertex -8.750959e+01 -2.500000e+01  8.366122e-01
     vertex -9.998621e+01 -2.500000e+01 -1.660119e+00
     vertex -8.694130e+01 -2.500000e+01 -9.991922e+00
   endloop
 endfacet
 facet normal  2.210296e-17 -1.000000e+00  1.193203e-15
   outer loop
     vertex -6.125461e+01 -2.500000e+01 -1.269884e+01
     vertex -4.839576e+01 -2.500000e+01 -1.293704e+01
     vertex -4.960928e+01 -2.500000e+01 -6.959642e+00
   endloop
 endfacet
 facet normal  0.000000e+00 -1.000000e+00  0.000000e+00
   outer loop
     vertex -6.125461e+01 -2.500000e+01 -1.269884e+01
     vertex -5.999703e+01 -2.500000e+01 -1.771284e+01
     vertex -4.839576e+01 -2.500000e+01 -1.293704e+01
   endloop
 endfacet
 facet normal  0.000000e+00 -1.000000e+00 -0.000000e+00
   outer loop
     vertex -6.125461e+01 -2.500000e+01 -1.269884e+01
     vertex -7.331505e+01 -2.500000e+01 -1.595810e+01
     vertex -5.999703e+01 -2.500000e+01 -1.771284e+01
   endloop
 endfacet
 facet normal  7.426371e-16 -1.000000e+00  8.215358e-16
   outer loop
     vertex -1.139342e+02 -2.500000e+01  7.692923e+01
     vertex -1.079934e+02 -2.500000e+01  6.291001e+01
     vertex -1.045639e+02 -2.500000e+01  6.845888e+01
   endloop
 endfacet
 facet normal -8.847291e-16 -1.000000e+00 -9.787238e-16
   outer loop
     vertex -1.139342e+02 -2.500000e+01  7.692923e+01
     vertex -1.045639e+02 -2.500000e+01  6.845888e+01
     vertex -1.014893e+02 -2.500000e+01  7.293942e+01
   endloop
 endfacet
 facet normal  5.434392e-16 -1.000000e+00 -4.597311e-17
   outer loop
     vertex -1.139342e+02 -2.500000e+01  7.692923e+01
     vertex -1.192910e+02 -2.500000e+01  9.088525e+01
     vertex -1.267341e+02 -2.500000e+01  8.018078e+01
   endloop
 endfacet
 facet normal -7.153709e-16 -1.000000e+00  8.984188e-16
   outer loop
     vertex -8.646056e+01 -2.500000e+01  1.353513e+01
     vertex -8.750959e+01 -2.500000e+01  8.366122e-01
     vertex -7.469648e+01 -2.500000e+01  7.084712e+00
   endloop
 endfacet
 facet normal  5.004719e-16 -1.000000e+00  1.708239e-15
   outer loop
     vertex -8.646056e+01 -2.500000e+01  1.353513e+01
     vertex -9.913951e+01 -2.500000e+01  1.309024e+01
     vertex -9.975254e+01 -2.500000e+01  7.030589e+00
   endloop
 endfacet
 facet normal  5.051251e-16 -1.000000e+00  1.575626e-15
   outer loop
     vertex -8.646056e+01 -2.500000e+01  1.353513e+01
     vertex -9.847679e+01 -2.500000e+01  1.738738e+01
     vertex -9.913951e+01 -2.500000e+01  1.309024e+01
   endloop
 endfacet
 facet normal  9.646819e-16 -1.000000e+00  7.596291e-16
   outer loop
     vertex -8.646056e+01 -2.500000e+01  1.353513e+01
     vertex -9.975254e+01 -2.500000e+01  7.030589e+00
     vertex -8.750959e+01 -2.500000e+01  8.366122e-01
   endloop
 endfacet
 facet normal  5.624575e-17 -1.000000e+00  2.305671e-15
   outer loop
     vertex -8.646056e+01 -2.500000e+01  1.353513e+01
     vertex -7.469648e+01 -2.500000e+01  7.084712e+00
     vertex -7.385653e+01 -2.500000e+01  1.322766e+01
   endloop
 endfacet
 facet normal -4.864980e-16 -1.000000e+00 -4.521601e-16
   outer loop
     vertex -1.068220e+02 -2.500000e+01  8.653424e+01
     vertex -1.014893e+02 -2.500000e+01  7.293942e+01
     vertex -9.822281e+01 -2.500000e+01  7.728206e+01
   endloop
 endfacet
 facet normal -7.489142e-16 -1.000000e+00 -5.550944e-16
   outer loop
     vertex -1.068220e+02 -2.500000e+01  8.653424e+01
     vertex -1.139342e+02 -2.500000e+01  7.692923e+01
     vertex -1.014893e+02 -2.500000e+01  7.293942e+01
   endloop
 endfacet
 facet normal  0.000000e+00 -1.000000e+00  0.000000e+00
   outer loop
     vertex -1.068220e+02 -2.500000e+01  8.653424e+01
     vertex -9.822281e+01 -2.500000e+01  7.728206e+01
     vertex -9.477066e+01 -2.500000e+01  8.147861e+01
   endloop
 endfacet
 facet normal -4.415104e-16 -1.000000e+00  3.677786e-16
   outer loop
     vertex -1.068220e+02 -2.500000e+01  8.653424e+01
     vertex -1.109464e+02 -2.500000e+01  1.009028e+02
     vertex -1.192910e+02 -2.500000e+01  9.088525e+01
   endloop
 endfacet
 facet normal -7.605380e-16 -1.000000e+00 -5.464873e-16
   outer loop
     vertex -1.068220e+02 -2.500000e+01  8.653424e+01
     vertex -1.192910e+02 -2.500000e+01  9.088525e+01
     vertex -1.139342e+02 -2.500000e+01  7.692923e+01
   endloop
 endfacet
 facet normal -4.077646e-16 -1.000000e+00 -1.200606e-15
   outer loop
     vertex -6.250384e+01 -2.500000e+01 -2.580235e+00
     vertex -4.960928e+01 -2.500000e+01 -6.959642e+00
     vertex -5.008737e+01 -2.500000e+01 -8.790708e-01
   endloop
 endfacet
 facet normal -1.151366e-16 -1.000000e+00 -7.826944e-16
   outer loop
     vertex -6.250384e+01 -2.500000e+01 -2.580235e+00
     vertex -7.502809e+01 -2.500000e+01 -7.378825e-01
     vertex -7.484400e+01 -2.500000e+01 -5.304044e+00
   endloop
 endfacet
 facet normal  2.489323e-16 -1.000000e+00  7.329468e-16
   outer loop
     vertex -6.250384e+01 -2.500000e+01 -2.580235e+00
     vertex -6.125461e+01 -2.500000e+01 -1.269884e+01
     vertex -4.960928e+01 -2.500000e+01 -6.959642e+00
   endloop
 endfacet
 facet normal  1.983997e-15 -1.000000e+00  4.070950e-16
   outer loop
     vertex -9.637690e+01 -2.500000e+01  9.803369e+01
     vertex -9.477066e+01 -2.500000e+01  8.147861e+01
     vertex -9.039042e+01 -2.500000e+01  8.631228e+01
   endloop
 endfacet
 facet normal -3.906791e-15 -1.000000e+00 -2.601507e-15
   outer loop
     vertex -9.637690e+01 -2.500000e+01  9.803369e+01
     vertex -9.039042e+01 -2.500000e+01  8.631228e+01
     vertex -8.376736e+01 -2.500000e+01  9.275380e+01
   endloop
 endfacet
 facet normal  9.384629e-17 -1.000000e+00  2.237049e-16
   outer loop
     vertex -9.637690e+01 -2.500000e+01  9.803369e+01
     vertex -1.068220e+02 -2.500000e+01  8.653424e+01
     vertex -9.477066e+01 -2.500000e+01  8.147861e+01
   endloop
 endfacet
 facet normal -7.098866e-16 -1.000000e+00 -2.366612e-15
   outer loop
     vertex -9.637690e+01 -2.500000e+01  9.803369e+01
     vertex -1.017633e+02 -2.500000e+01  1.101577e+02
     vertex -1.109464e+02 -2.500000e+01  1.009028e+02
   endloop
 endfacet
 facet normal -1.552396e-16 -1.000000e+00  4.499521e-16
   outer loop
     vertex -9.637690e+01 -2.500000e+01  9.803369e+01
     vertex -1.109464e+02 -2.500000e+01  1.009028e+02
     vertex -1.068220e+02 -2.500000e+01  8.653424e+01
   endloop
 endfacet
 facet normal -2.675936e-16 -1.000000e+00 -3.264065e-15
   outer loop
     vertex -6.250348e+01 -2.500000e+01  2.589058e+00
     vertex -7.498924e+01 -2.500000e+01  2.524229e+00
     vertex -7.502809e+01 -2.500000e+01 -7.378825e-01
   endloop
 endfacet
 facet normal -1.956108e-16 -1.000000e+00 -2.749077e-15
   outer loop
     vertex -6.250348e+01 -2.500000e+01  2.589058e+00
     vertex -6.250384e+01 -2.500000e+01 -2.580235e+00
     vertex -5.008737e+01 -2.500000e+01 -8.790708e-01
   endloop
 endfacet
 facet normal -2.846361e-16 -1.000000e+00  1.827167e-17
   outer loop
     vertex -6.250348e+01 -2.500000e+01  2.589058e+00
     vertex -7.469648e+01 -2.500000e+01  7.084712e+00
     vertex -7.498924e+01 -2.500000e+01  2.524229e+00
   endloop
 endfacet
 facet normal  1.048130e-15 -1.000000e+00  1.703588e-15
   outer loop
     vertex -6.250348e+01 -2.500000e+01  2.589058e+00
     vertex -5.008737e+01 -2.500000e+01 -8.790708e-01
     vertex -4.982295e+01 -2.500000e+01  5.214532e+00
   endloop
 endfacet
 facet normal -4.043948e-16 -1.000000e+00 -2.749062e-15
   outer loop
     vertex -6.250348e+01 -2.500000e+01  2.589058e+00
     vertex -7.502809e+01 -2.500000e+01 -7.378825e-01
     vertex -6.250384e+01 -2.500000e+01 -2.580235e+00
   endloop
 endfacet
 facet normal -3.330211e-15 -1.000000e+00 -3.530761e-15
   outer loop
     vertex -9.045852e+01 -2.500000e+01  1.035199e+02
     vertex -1.017633e+02 -2.500000e+01  1.101577e+02
     vertex -9.637690e+01 -2.500000e+01  9.803369e+01
   endloop
 endfacet
 facet normal  1.967526e-14 -1.000000e+00  2.257140e-14
   outer loop
     vertex -9.045852e+01 -2.500000e+01  1.035199e+02
     vertex -7.965637e+01 -2.500000e+01  9.630734e+01
     vertex -7.452304e+01 -2.500000e+01  1.003322e+02
   endloop
 endfacet
 facet normal -3.995413e-15 -1.000000e+00 -2.813155e-15
   outer loop
     vertex -9.045852e+01 -2.500000e+01  1.035199e+02
     vertex -9.637690e+01 -2.500000e+01  9.803369e+01
     vertex -8.376736e+01 -2.500000e+01  9.275380e+01
   endloop
 endfacet
 facet normal  5.253114e-15 -1.000000e+00  1.108745e-14
   outer loop
     vertex -9.045852e+01 -2.500000e+01  1.035199e+02
     vertex -9.181111e+01 -2.500000e+01  1.185799e+02
     vertex -1.017633e+02 -2.500000e+01  1.101577e+02
   endloop
 endfacet
 facet normal  7.493903e-15 -1.000000e+00  4.327497e-15
   outer loop
     vertex -9.045852e+01 -2.500000e+01  1.035199e+02
     vertex -8.376736e+01 -2.500000e+01  9.275380e+01
     vertex -7.965637e+01 -2.500000e+01  9.630734e+01
   endloop
 endfacet
 facet normal -7.976680e-14 -1.000000e+00 -4.541088e-14
   outer loop
     vertex -7.765441e+01 -2.500000e+01  1.134412e+02
     vertex -6.959057e+01 -2.500000e+01  1.038142e+02
     vertex -6.475427e+01 -2.500000e+01  1.068977e+02
   endloop
 endfacet
 facet normal  1.313120e-14 -1.000000e+00 -1.014299e-14
   outer loop
     vertex -7.765441e+01 -2.500000e+01  1.134412e+02
     vertex -9.045852e+01 -2.500000e+01  1.035199e+02
     vertex -7.452304e+01 -2.500000e+01  1.003322e+02
   endloop
 endfacet
 facet normal -2.761535e-15 -1.000000e+00  1.036763e-14
   outer loop
     vertex -7.765441e+01 -2.500000e+01  1.134412e+02
     vertex -9.181111e+01 -2.500000e+01  1.185799e+02
     vertex -9.045852e+01 -2.500000e+01  1.035199e+02
   endloop
 endfacet
 facet normal -5.792632e-14 -1.000000e+00 -2.711664e-14
   outer loop
     vertex -7.765441e+01 -2.500000e+01  1.134412e+02
     vertex -7.452304e+01 -2.500000e+01  1.003322e+02
     vertex -6.959057e+01 -2.500000e+01  1.038142e+02
   endloop
 endfacet
 facet normal -2.382519e-14 -1.000000e+00 -4.766080e-14
   outer loop
     vertex -7.765441e+01 -2.500000e+01  1.134412e+02
     vertex -7.994266e+01 -2.500000e+01  1.268844e+02
     vertex -9.181111e+01 -2.500000e+01  1.185799e+02
   endloop
 endfacet
 facet normal  1.213826e-15 -1.000000e+00  9.033081e-16
   outer loop
     vertex -6.125281e+01 -2.500000e+01  1.270748e+01
     vertex -6.250348e+01 -2.500000e+01  2.589058e+00
     vertex -4.982295e+01 -2.500000e+01  5.214532e+00
   endloop
 endfacet
 facet normal  1.813217e-15 -1.000000e+00  1.389046e-15
   outer loop
     vertex -6.125281e+01 -2.500000e+01  1.270748e+01
     vertex -7.189149e+01 -2.500000e+01  2.147955e+01
     vertex -7.291428e+01 -2.500000e+01  1.769933e+01
   endloop
 endfacet
 facet normal -1.533454e-15 -1.000000e+00 -3.287437e-15
   outer loop
     vertex -6.125281e+01 -2.500000e+01  1.270748e+01
     vertex -4.982295e+01 -2.500000e+01  5.214532e+00
     vertex -4.881994e+01 -2.500000e+01  1.123083e+01
   endloop
 endfacet
 facet normal -4.757736e-16 -1.000000e+00  2.995444e-16
   outer loop
     vertex -7.702669e+01 -2.500000e+01  4.153934e+01
     vertex -8.296291e+01 -2.500000e+01  5.583148e+01
     vertex -8.620793e+01 -2.500000e+01  5.067734e+01
   endloop
 endfacet
 facet normal  7.000258e-16 -1.000000e+00  1.480906e-15
   outer loop
     vertex -7.702669e+01 -2.500000e+01  4.153934e+01
     vertex -8.620793e+01 -2.500000e+01  5.067734e+01
     vertex -8.832931e+01 -2.500000e+01  4.688209e+01
   endloop
 endfacet
 facet normal  6.381610e-16 -1.000000e+00  3.057404e-16
   outer loop
     vertex -7.702669e+01 -2.500000e+01  4.153934e+01
     vertex -6.737669e+01 -2.500000e+01  3.301726e+01
     vertex -6.442067e+01 -2.500000e+01  3.846731e+01
   endloop
 endfacet
 facet normal  2.022616e-13 -1.000000e+00  6.978737e-14
   outer loop
     vertex -6.707403e+01 -2.500000e+01  1.200008e+02
     vertex -6.004657e+01 -2.500000e+01  1.096113e+02
     vertex -5.397239e+01 -2.500000e+01  1.127262e+02
   endloop
 endfacet
 facet normal  3.265441e-14 -1.000000e+00 -3.804708e-14
   outer loop
     vertex -6.707403e+01 -2.500000e+01  1.200008e+02
     vertex -7.994266e+01 -2.500000e+01  1.268844e+02
     vertex -7.765441e+01 -2.500000e+01  1.134412e+02
   endloop
 endfacet
 facet normal -2.712365e-14 -1.000000e+00  5.837294e-14
   outer loop
     vertex -6.707403e+01 -2.500000e+01  1.200008e+02
     vertex -7.765441e+01 -2.500000e+01  1.134412e+02
     vertex -6.475427e+01 -2.500000e+01  1.068977e+02
   endloop
 endfacet
 facet normal  2.607278e-13 -1.000000e+00  1.093341e-13
   outer loop
     vertex -6.707403e+01 -2.500000e+01  1.200008e+02
     vertex -6.475427e+01 -2.500000e+01  1.068977e+02
     vertex -6.004657e+01 -2.500000e+01  1.096113e+02
   endloop
 endfacet
 facet normal  1.398409e-13 -1.000000e+00  1.623322e-13
   outer loop
     vertex -6.707403e+01 -2.500000e+01  1.200008e+02
     vertex -6.862035e+01 -2.500000e+01  1.333480e+02
     vertex -7.994266e+01 -2.500000e+01  1.268844e+02
   endloop
 endfacet
 facet normal -1.049892e-15 -1.000000e+00  7.839881e-16
   outer loop
     vertex -5.934132e+01 -2.500000e+01  1.979888e+01
     vertex -6.125281e+01 -2.500000e+01  1.270748e+01
     vertex -4.881994e+01 -2.500000e+01  1.123083e+01
   endloop
 endfacet
 facet normal  8.844087e-16 -1.000000e+00  2.625961e-16
   outer loop
     vertex -5.934132e+01 -2.500000e+01  1.979888e+01
     vertex -7.189149e+01 -2.500000e+01  2.147955e+01
     vertex -6.125281e+01 -2.500000e+01  1.270748e+01
   endloop
 endfacet
 facet normal  6.324830e-16 -1.000000e+00  2.849910e-15
   outer loop
     vertex -5.934132e+01 -2.500000e+01  1.979888e+01
     vertex -4.881994e+01 -2.500000e+01  1.123083e+01
     vertex -4.709319e+01 -2.500000e+01  1.708064e+01
   endloop
 endfacet
 facet normal  1.023129e-15 -1.000000e+00  1.298472e-15
   outer loop
     vertex -5.934132e+01 -2.500000e+01  1.979888e+01
     vertex -7.045053e+01 -2.500000e+01  2.581629e+01
     vertex -7.189149e+01 -2.500000e+01  2.147955e+01
   endloop
 endfacet
 facet normal  7.865213e-16 -1.000000e+00  8.616524e-16
   outer loop
     vertex -5.934132e+01 -2.500000e+01  1.979888e+01
     vertex -6.926173e+01 -2.500000e+01  2.885429e+01
     vertex -7.045053e+01 -2.500000e+01  2.581629e+01
   endloop
 endfacet
 facet normal  4.894428e-16 -1.000000e+00 -3.045232e-16
   outer loop
     vertex -7.129837e+01 -2.500000e+01  5.074615e+01
     vertex -7.702669e+01 -2.500000e+01  4.153934e+01
     vertex -6.442067e+01 -2.500000e+01  3.846731e+01
   endloop
 endfacet
 facet normal -4.791720e-16 -1.000000e+00  2.981329e-16
   outer loop
     vertex -7.129837e+01 -2.500000e+01  5.074615e+01
     vertex -8.296291e+01 -2.500000e+01  5.583148e+01
     vertex -7.702669e+01 -2.500000e+01  4.153934e+01
   endloop
 endfacet
 facet normal -7.343374e-16 -1.000000e+00 -8.136724e-16
   outer loop
     vertex -7.129837e+01 -2.500000e+01  5.074615e+01
     vertex -6.195940e+01 -2.500000e+01  4.231775e+01
     vertex -6.006134e+01 -2.500000e+01  4.497102e+01
   endloop
 endfacet
 facet normal -1.130955e-15 -1.000000e+00 -1.196903e-15
   outer loop
     vertex -7.129837e+01 -2.500000e+01  5.074615e+01
     vertex -7.780016e+01 -2.500000e+01  6.282621e+01
     vertex -8.296291e+01 -2.500000e+01  5.583148e+01
   endloop
 endfacet
 facet normal -1.056146e-15 -1.000000e+00 -1.170248e-15
   outer loop
     vertex -7.129837e+01 -2.500000e+01  5.074615e+01
     vertex -6.442067e+01 -2.500000e+01  3.846731e+01
     vertex -6.195940e+01 -2.500000e+01  4.231775e+01
   endloop
 endfacet
 facet normal  1.382165e-16 -1.000000e+00  8.841122e-16
   outer loop
     vertex -7.129837e+01 -2.500000e+01  5.074615e+01
     vertex -6.006134e+01 -2.500000e+01  4.497102e+01
     vertex -5.721222e+01 -2.500000e+01  4.854401e+01
   endloop
 endfacet
 facet normal -4.404752e-14 -1.000000e+00 -3.738216e-13
   outer loop
     vertex -5.508855e+01 -2.500000e+01  1.259539e+02
     vertex -6.707403e+01 -2.500000e+01  1.200008e+02
     vertex -5.397239e+01 -2.500000e+01  1.127262e+02
   endloop
 endfacet
 facet normal -1.134228e-12 -1.000000e+00 -4.658112e-13
   outer loop
     vertex -5.508855e+01 -2.500000e+01  1.259539e+02
     vertex -5.397239e+01 -2.500000e+01  1.127262e+02
     vertex -4.493309e+01 -2.500000e+01  1.166247e+02
   endloop
 endfacet
 facet normal -2.858576e-13 -1.000000e+00  1.130133e-13
   outer loop
     vertex -5.508855e+01 -2.500000e+01  1.259539e+02
     vertex -6.862035e+01 -2.500000e+01  1.333480e+02
     vertex -6.707403e+01 -2.500000e+01  1.200008e+02
   endloop
 endfacet
 facet normal -6.287222e-13 -1.000000e+00 -5.144628e-13
   outer loop
     vertex -5.508855e+01 -2.500000e+01  1.259539e+02
     vertex -5.543125e+01 -2.500000e+01  1.393485e+02
     vertex -6.862035e+01 -2.500000e+01  1.333480e+02
   endloop
 endfacet
 facet normal -0.000000e+00 -1.000000e+00  0.000000e+00
   outer loop
     vertex -5.750408e+01 -2.500000e+01  2.463065e+01
     vertex -6.926173e+01 -2.500000e+01  2.885429e+01
     vertex -5.934132e+01 -2.500000e+01  1.979888e+01
   endloop
 endfacet
 facet normal -3.502919e-16 -1.000000e+00 -4.830260e-16
   outer loop
     vertex -5.750408e+01 -2.500000e+01  2.463065e+01
     vertex -4.709319e+01 -2.500000e+01  1.708064e+01
     vertex -4.466833e+01 -2.500000e+01  2.267725e+01
   endloop
 endfacet
 facet normal  0.000000e+00 -1.000000e+00 -0.000000e+00
   outer loop
     vertex -5.750408e+01 -2.500000e+01  2.463065e+01
     vertex -5.934132e+01 -2.500000e+01  1.979888e+01
     vertex -4.709319e+01 -2.500000e+01  1.708064e+01
   endloop
 endfacet
 facet normal -5.171997e-13 -1.000000e+00  2.058613e-13
   outer loop
     vertex -4.698379e+01 -2.500000e+01  1.291964e+02
     vertex -5.508855e+01 -2.500000e+01  1.259539e+02
     vertex -4.493309e+01 -2.500000e+01  1.166247e+02
   endloop
 endfacet
 facet normal -2.330739e-13 -1.000000e+00 -5.043401e-13
   outer loop
     vertex -4.698379e+01 -2.500000e+01  1.291964e+02
     vertex -5.543125e+01 -2.500000e+01  1.393485e+02
     vertex -5.508855e+01 -2.500000e+01  1.259539e+02
   endloop
 endfacet
 facet normal  4.485206e-12 -1.000000e+00  1.021854e-12
   outer loop
     vertex -4.698379e+01 -2.500000e+01  1.291964e+02
     vertex -4.493309e+01 -2.500000e+01  1.166247e+02
     vertex -3.925620e+01 -2.500000e+01  1.186553e+02
   endloop
 endfacet
 facet normal  2.739942e-12 -1.000000e+00  1.969463e-12
   outer loop
     vertex -4.698379e+01 -2.500000e+01  1.291964e+02
     vertex -4.174566e+01 -2.500000e+01  1.440392e+02
     vertex -5.543125e+01 -2.500000e+01  1.393485e+02
   endloop
 endfacet
 facet normal  1.063509e-15 -1.000000e+00  2.162403e-15
   outer loop
     vertex -6.317380e+01 -2.500000e+01  6.056154e+01
     vertex -7.383115e+01 -2.500000e+01  6.744597e+01
     vertex -7.780016e+01 -2.500000e+01  6.282621e+01
   endloop
 endfacet
 facet normal  5.010211e-17 -1.000000e+00  3.204818e-16
   outer loop
     vertex -6.317380e+01 -2.500000e+01  6.056154e+01
     vertex -7.129837e+01 -2.500000e+01  5.074615e+01
     vertex -5.721222e+01 -2.500000e+01  4.854401e+01
   endloop
 endfacet
 facet normal  6.955882e-16 -1.000000e+00 -2.138113e-16
   outer loop
     vertex -6.317380e+01 -2.500000e+01  6.056154e+01
     vertex -7.780016e+01 -2.500000e+01  6.282621e+01
     vertex -7.129837e+01 -2.500000e+01  5.074615e+01
   endloop
 endfacet
 facet normal -1.108968e-15 -1.000000e+00 -1.200674e-15
   outer loop
     vertex -6.317380e+01 -2.500000e+01  6.056154e+01
     vertex -7.082961e+01 -2.500000e+01  7.059155e+01
     vertex -7.383115e+01 -2.500000e+01  6.744597e+01
   endloop
 endfacet
 facet normal -1.857224e-15 -1.000000e+00 -6.256924e-16
   outer loop
     vertex -6.317380e+01 -2.500000e+01  6.056154e+01
     vertex -5.721222e+01 -2.500000e+01  4.854401e+01
     vertex -5.300899e+01 -2.500000e+01  5.310184e+01
   endloop
 endfacet
 facet normal  1.432591e-12 -1.000000e+00 -1.216009e-12
   outer loop
     vertex -3.439693e+01 -2.500000e+01  1.331011e+02
     vertex -4.698379e+01 -2.500000e+01  1.291964e+02
     vertex -3.925620e+01 -2.500000e+01  1.186553e+02
   endloop
 endfacet
 facet normal  1.621610e-13 -1.000000e+00  2.879176e-12
   outer loop
     vertex -3.439693e+01 -2.500000e+01  1.331011e+02
     vertex -4.174566e+01 -2.500000e+01  1.440392e+02
     vertex -4.698379e+01 -2.500000e+01  1.291964e+02
   endloop
 endfacet
 facet normal  1.979641e-12 -1.000000e+00 -1.400026e-12
   outer loop
     vertex -3.439693e+01 -2.500000e+01  1.331011e+02
     vertex -3.925620e+01 -2.500000e+01  1.186553e+02
     vertex -3.309215e+01 -2.500000e+01  1.205198e+02
   endloop
 endfacet
 facet normal -2.172797e-11 -1.000000e+00 -3.858678e-12
   outer loop
     vertex -3.439693e+01 -2.500000e+01  1.331011e+02
     vertex -3.309215e+01 -2.500000e+01  1.205198e+02
     vertex -2.779316e+01 -2.500000e+01  1.218530e+02
   endloop
 endfacet
 facet normal -1.253995e-11 -1.000000e+00 -5.654683e-12
   outer loop
     vertex -3.439693e+01 -2.500000e+01  1.331011e+02
     vertex -2.901360e+01 -2.500000e+01  1.471391e+02
     vertex -4.174566e+01 -2.500000e+01  1.440392e+02
   endloop
 endfacet
 facet normal -5.105618e-16 -1.000000e+00 -3.757466e-16
   outer loop
     vertex -5.273947e+01 -2.500000e+01  3.364426e+01
     vertex -4.466833e+01 -2.500000e+01  2.267725e+01
     vertex -4.158129e+01 -2.500000e+01  2.793767e+01
   endloop
 endfacet
 facet normal -3.116923e-16 -1.000000e+00 -2.293891e-16
   outer loop
     vertex -5.273947e+01 -2.500000e+01  3.364426e+01
     vertex -5.750408e+01 -2.500000e+01  2.463065e+01
     vertex -4.466833e+01 -2.500000e+01  2.267725e+01
   endloop
 endfacet
 facet normal -6.028276e-16 -1.000000e+00 -1.460018e-15
   outer loop
     vertex -5.273947e+01 -2.500000e+01  3.364426e+01
     vertex -6.195940e+01 -2.500000e+01  4.231775e+01
     vertex -6.442067e+01 -2.500000e+01  3.846731e+01
   endloop
 endfacet
 facet normal -1.811681e-12 -1.000000e+00  7.834144e-12
   outer loop
     vertex -2.218588e+01 -2.500000e+01  1.356719e+02
     vertex -3.439693e+01 -2.500000e+01  1.331011e+02
     vertex -2.779316e+01 -2.500000e+01  1.218530e+02
   endloop
 endfacet
 facet normal  2.219775e-12 -1.000000e+00 -1.131479e-11
   outer loop
     vertex -2.218588e+01 -2.500000e+01  1.356719e+02
     vertex -2.901360e+01 -2.500000e+01  1.471391e+02
     vertex -3.439693e+01 -2.500000e+01  1.331011e+02
   endloop
 endfacet
 facet normal -4.051686e-13 -1.000000e+00  7.263428e-12
   outer loop
     vertex -2.218588e+01 -2.500000e+01  1.356719e+02
     vertex -2.779316e+01 -2.500000e+01  1.218530e+02
     vertex -2.209046e+01 -2.500000e+01  1.230143e+02
   endloop
 endfacet
 facet normal  8.482448e-11 -1.000000e+00  7.905984e-12
   outer loop
     vertex -2.218588e+01 -2.500000e+01  1.356719e+02
     vertex -2.209046e+01 -2.500000e+01  1.230143e+02
     vertex -1.619274e+01 -2.500000e+01  1.239236e+02
   endloop
 endfacet
 facet normal  4.366805e-11 -1.000000e+00  1.336412e-11
   outer loop
     vertex -2.218588e+01 -2.500000e+01  1.356719e+02
     vertex -1.483876e+01 -2.500000e+01  1.492247e+02
     vertex -2.901360e+01 -2.500000e+01  1.471391e+02
   endloop
 endfacet
 facet normal  2.058851e-15 -1.000000e+00  6.259006e-16
   outer loop
     vertex -4.978167e+01 -2.500000e+01  3.788368e+01
     vertex -4.158129e+01 -2.500000e+01  2.793767e+01
     vertex -3.787784e+01 -2.500000e+01  3.278394e+01
   endloop
 endfacet
 facet normal -1.438560e-15 -1.000000e+00 -2.348402e-15
   outer loop
     vertex -4.978167e+01 -2.500000e+01  3.788368e+01
     vertex -6.195940e+01 -2.500000e+01  4.231775e+01
     vertex -5.273947e+01 -2.500000e+01  3.364426e+01
   endloop
 endfacet
 facet normal -8.496973e-16 -1.000000e+00 -7.311479e-16
   outer loop
     vertex -4.978167e+01 -2.500000e+01  3.788368e+01
     vertex -6.006134e+01 -2.500000e+01  4.497102e+01
     vertex -6.195940e+01 -2.500000e+01  4.231775e+01
   endloop
 endfacet
 facet normal -1.498162e-15 -1.000000e+00 -2.306819e-15
   outer loop
     vertex -4.978167e+01 -2.500000e+01  3.788368e+01
     vertex -5.273947e+01 -2.500000e+01  3.364426e+01
     vertex -4.158129e+01 -2.500000e+01  2.793767e+01
   endloop
 endfacet
 facet normal  2.193450e-16 -1.000000e+00  8.194198e-16
   outer loop
     vertex -4.978167e+01 -2.500000e+01  3.788368e+01
     vertex -5.721222e+01 -2.500000e+01  4.854401e+01
     vertex -6.006134e+01 -2.500000e+01  4.497102e+01
   endloop
 endfacet
 facet normal -1.952329e-11 -1.000000e+00 -4.532459e-11
   outer loop
     vertex -9.310049e+00 -2.500000e+01  1.371609e+02
     vertex -2.218588e+01 -2.500000e+01  1.356719e+02
     vertex -1.619274e+01 -2.500000e+01  1.239236e+02
   endloop
 endfacet
 facet normal -3.099065e-11 -1.000000e+00  5.383744e-11
   outer loop
     vertex -9.310049e+00 -2.500000e+01  1.371609e+02
     vertex -1.483876e+01 -2.500000e+01  1.492247e+02
     vertex -2.218588e+01 -2.500000e+01  1.356719e+02
   endloop
 endfacet
 facet normal -2.242228e-10 -1.000000e+00 -3.471875e-11
   outer loop
     vertex -9.310049e+00 -2.500000e+01  1.371609e+02
     vertex -6.894622e+00 -2.500000e+01  1.498254e+02
     vertex -1.483876e+01 -2.500000e+01  1.492247e+02
   endloop
 endfacet
 facet normal -1.961685e-10 -1.000000e+00  4.652133e-11
   outer loop
     vertex -9.310049e+00 -2.500000e+01  1.371609e+02
     vertex -1.619274e+01 -2.500000e+01  1.239236e+02
     vertex -4.853824e+00 -2.500000e+01  1.249000e+02
   endloop
 endfacet
 facet normal  5.092941e-13 -1.000000e+00  3.453879e-13
   outer loop
     vertex -4.716603e+01 -2.500000e+01  7.371560e+01
     vertex -4.014759e+01 -2.500000e+01  6.338709e+01
     vertex -3.621452e+01 -2.500000e+01  6.571362e+01
   endloop
 endfacet
 facet normal -1.097727e-13 -1.000000e+00 -7.528077e-14
   outer loop
     vertex -4.716603e+01 -2.500000e+01  7.371560e+01
     vertex -4.301359e+01 -2.500000e+01  6.147835e+01
     vertex -4.014759e+01 -2.500000e+01  6.338709e+01
   endloop
 endfacet
 facet normal -2.215460e-10 -1.000000e+00  3.729788e-11
   outer loop
     vertex -3.026306e+00 -2.500000e+01  1.374635e+02
     vertex -9.310049e+00 -2.500000e+01  1.371609e+02
     vertex -4.853824e+00 -2.500000e+01  1.249000e+02
   endloop
 endfacet
 facet normal -2.180219e-10 -1.000000e+00 -3.590143e-11
   outer loop
     vertex -3.026306e+00 -2.500000e+01  1.374635e+02
     vertex -6.894622e+00 -2.500000e+01  1.498254e+02
     vertex -9.310049e+00 -2.500000e+01  1.371609e+02
   endloop
 endfacet
 facet normal  2.715756e-10 -1.000000e+00  1.173042e-10
   outer loop
     vertex -3.026306e+00 -2.500000e+01  1.374635e+02
     vertex -2.180969e+00 -2.500000e+01  1.499524e+02
     vertex -6.894622e+00 -2.500000e+01  1.498254e+02
   endloop
 endfacet
 facet normal  6.387167e-15 -1.000000e+00 -1.358803e-15
   outer loop
     vertex -4.296685e+01 -2.500000e+01  4.546687e+01
     vertex -3.787784e+01 -2.500000e+01  3.278394e+01
     vertex -3.361287e+01 -2.500000e+01  3.714422e+01
   endloop
 endfacet
 facet normal  1.335933e-16 -1.000000e+00 -3.868045e-15
   outer loop
     vertex -4.296685e+01 -2.500000e+01  4.546687e+01
     vertex -4.978167e+01 -2.500000e+01  3.788368e+01
     vertex -3.787784e+01 -2.500000e+01  3.278394e+01
   endloop
 endfacet
 facet normal  4.418288e-14 -1.000000e+00  2.919853e-14
   outer loop
     vertex -4.296685e+01 -2.500000e+01  4.546687e+01
     vertex -4.667650e+01 -2.500000e+01  5.874575e+01
     vertex -4.967796e+01 -2.500000e+01  5.623041e+01
   endloop
 endfacet
 facet normal  8.502894e-11 -1.000000e+00  6.579802e-12
   outer loop
     vertex -2.162734e+01 -2.500000e+01  1.103916e+02
     vertex -1.619274e+01 -2.500000e+01  1.239236e+02
     vertex -2.209046e+01 -2.500000e+01  1.230143e+02
   endloop
 endfacet
 facet normal  1.544815e-13 -1.000000e+00 -1.402082e-13
   outer loop
     vertex -3.749655e+01 -2.500000e+01  7.907363e+01
     vertex -4.716603e+01 -2.500000e+01  7.371560e+01
     vertex -3.621452e+01 -2.500000e+01  6.571362e+01
   endloop
 endfacet
 facet normal -1.519926e-12 -1.000000e+00 -3.008844e-13
   outer loop
     vertex -3.749655e+01 -2.500000e+01  7.907363e+01
     vertex -3.621452e+01 -2.500000e+01  6.571362e+01
     vertex -3.049836e+01 -2.500000e+01  6.855340e+01
   endloop
 endfacet
 facet normal  5.004968e-14 -1.000000e+00  4.825710e-14
   outer loop
     vertex -3.749655e+01 -2.500000e+01  7.907363e+01
     vertex -5.055126e+01 -2.500000e+01  8.628192e+01
     vertex -4.716603e+01 -2.500000e+01  7.371560e+01
   endloop
 endfacet
 facet normal -1.128829e-12 -1.000000e+00 -5.975964e-13
   outer loop
     vertex -3.749655e+01 -2.500000e+01  7.907363e+01
     vertex -4.084235e+01 -2.500000e+01  9.127924e+01
     vertex -4.520489e+01 -2.500000e+01  8.919931e+01
   endloop
 endfacet
 facet normal  2.897007e-13 -1.000000e+00  4.822820e-13
   outer loop
     vertex -3.749655e+01 -2.500000e+01  7.907363e+01
     vertex -4.520489e+01 -2.500000e+01  8.919931e+01
     vertex -5.055126e+01 -2.500000e+01  8.628192e+01
   endloop
 endfacet
 facet normal -1.077258e-13 -1.000000e+00 -7.835430e-14
   outer loop
     vertex -3.734193e+01 -2.500000e+01  5.018933e+01
     vertex -4.014759e+01 -2.500000e+01  6.338709e+01
     vertex -4.301359e+01 -2.500000e+01  6.147835e+01
   endloop
 endfacet
 facet normal -1.150877e-13 -1.000000e+00 -3.235410e-14
   outer loop
     vertex -3.734193e+01 -2.500000e+01  5.018933e+01
     vertex -3.361287e+01 -2.500000e+01  3.714422e+01
     vertex -2.884950e+01 -2.500000e+01  4.095384e+01
   endloop
 endfacet
 facet normal -2.072669e-16 -1.000000e+00  1.679751e-14
   outer loop
     vertex -3.734193e+01 -2.500000e+01  5.018933e+01
     vertex -4.667650e+01 -2.500000e+01  5.874575e+01
     vertex -4.296685e+01 -2.500000e+01  4.546687e+01
   endloop
 endfacet
 facet normal  1.083710e-14 -1.000000e+00  3.642557e-15
   outer loop
     vertex -3.734193e+01 -2.500000e+01  5.018933e+01
     vertex -4.296685e+01 -2.500000e+01  4.546687e+01
     vertex -3.361287e+01 -2.500000e+01  3.714422e+01
   endloop
 endfacet
 facet normal -7.009901e-14 -1.000000e+00 -5.945042e-14
   outer loop
     vertex -3.734193e+01 -2.500000e+01  5.018933e+01
     vertex -4.301359e+01 -2.500000e+01  6.147835e+01
     vertex -4.667650e+01 -2.500000e+01  5.874575e+01
   endloop
 endfacet
 facet normal -2.572072e-14 -1.000000e+00 -6.092114e-14
   outer loop
     vertex -3.300653e+01 -2.500000e+01  5.314090e+01
     vertex -4.014759e+01 -2.500000e+01  6.338709e+01
     vertex -3.734193e+01 -2.500000e+01  5.018933e+01
   endloop
 endfacet
 facet normal  5.232969e-13 -1.000000e+00  3.217157e-13
   outer loop
     vertex -3.300653e+01 -2.500000e+01  5.314090e+01
     vertex -3.621452e+01 -2.500000e+01  6.571362e+01
     vertex -4.014759e+01 -2.500000e+01  6.338709e+01
   endloop
 endfacet
 facet normal  3.524804e-13 -1.000000e+00  1.520069e-13
   outer loop
     vertex -3.300653e+01 -2.500000e+01  5.314090e+01
     vertex -2.884950e+01 -2.500000e+01  4.095384e+01
     vertex -2.365896e+01 -2.500000e+01  4.415637e+01
   endloop
 endfacet
 facet normal -7.208829e-14 -1.000000e+00  7.185715e-15
   outer loop
     vertex -3.300653e+01 -2.500000e+01  5.314090e+01
     vertex -3.734193e+01 -2.500000e+01  5.018933e+01
     vertex -2.884950e+01 -2.500000e+01  4.095384e+01
   endloop
 endfacet
 facet normal  3.044092e-11 -1.000000e+00  6.430940e-13
   outer loop
     vertex -2.498288e+00 -2.500000e+01  1.124697e+02
     vertex -3.026306e+00 -2.500000e+01  1.374635e+02
     vertex -4.853824e+00 -2.500000e+01  1.249000e+02
   endloop
 endfacet
 facet normal  1.527781e-09 -1.000000e+00  3.227584e-11
   outer loop
     vertex -2.498288e+00 -2.500000e+01  1.124697e+02
     vertex -2.180969e+00 -2.500000e+01  1.499524e+02
     vertex -3.026306e+00 -2.500000e+01  1.374635e+02
   endloop
 endfacet
 facet normal  8.094265e-12 -1.000000e+00  2.537881e-12
   outer loop
     vertex -2.386511e+01 -2.500000e+01  5.782558e+01
     vertex -2.261761e+01 -2.500000e+01  7.154264e+01
     vertex -2.626947e+01 -2.500000e+01  7.028296e+01
   endloop
 endfacet
 facet normal  3.481425e-12 -1.000000e+00 -6.352078e-13
   outer loop
     vertex -2.386511e+01 -2.500000e+01  5.782558e+01
     vertex -2.365896e+01 -2.500000e+01  4.415637e+01
     vertex -1.812026e+01 -2.500000e+01  4.670429e+01
   endloop
 endfacet
 facet normal -4.613130e-13 -1.000000e+00 -6.946691e-13
   outer loop
     vertex -2.386511e+01 -2.500000e+01  5.782558e+01
     vertex -3.300653e+01 -2.500000e+01  5.314090e+01
     vertex -2.365896e+01 -2.500000e+01  4.415637e+01
   endloop
 endfacet
 facet normal -6.125415e-12 -1.000000e+00 -5.333118e-12
   outer loop
     vertex -1.730829e+01 -2.500000e+01  6.011419e+01
     vertex -1.524768e+01 -2.500000e+01  7.346418e+01
     vertex -1.865303e+01 -2.500000e+01  7.267434e+01
   endloop
 endfacet
 facet normal -3.366592e-12 -1.000000e+00  3.580191e-12
   outer loop
     vertex -1.730829e+01 -2.500000e+01  6.011419e+01
     vertex -2.261761e+01 -2.500000e+01  7.154264e+01
     vertex -2.386511e+01 -2.500000e+01  5.782558e+01
   endloop
 endfacet
 facet normal -2.747229e-11 -1.000000e+00 -7.618600e-12
   outer loop
     vertex -1.730829e+01 -2.500000e+01  6.011419e+01
     vertex -1.865303e+01 -2.500000e+01  7.267434e+01
     vertex -2.261761e+01 -2.500000e+01  7.154264e+01
   endloop
 endfacet
 facet normal -2.853452e-11 -1.000000e+00 -1.325576e-12
   outer loop
     vertex -1.730829e+01 -2.500000e+01  6.011419e+01
     vertex -1.812026e+01 -2.500000e+01  4.670429e+01
     vertex -1.287521e+01 -2.500000e+01  4.840635e+01
   endloop
 endfacet
 facet normal -1.073898e-12 -1.000000e+00 -2.988318e-12
   outer loop
     vertex -1.730829e+01 -2.500000e+01  6.011419e+01
     vertex -2.386511e+01 -2.500000e+01  5.782558e+01
     vertex -1.812026e+01 -2.500000e+01  4.670429e+01
   endloop
 endfacet
 facet normal  1.374225e-10 -1.000000e+00  1.702643e-11
   outer loop
     vertex -1.125171e+01 -2.500000e+01  6.154246e+01
     vertex -1.165019e+01 -2.500000e+01  7.412721e+01
     vertex -1.524768e+01 -2.500000e+01  7.346418e+01
   endloop
 endfacet
 facet normal -5.847222e-12 -1.000000e+00  1.248998e-11
   outer loop
     vertex -1.125171e+01 -2.500000e+01  6.154246e+01
     vertex -8.806957e+00 -2.500000e+01  7.451705e+01
     vertex -1.165019e+01 -2.500000e+01  7.412721e+01
   endloop
 endfacet
 facet normal  1.357045e-10 -1.000000e+00  1.164666e-11
   outer loop
     vertex -1.125171e+01 -2.500000e+01  6.154246e+01
     vertex -1.287521e+01 -2.500000e+01  4.840635e+01
     vertex -8.152914e+00 -2.500000e+01  4.944142e+01
   endloop
 endfacet
 facet normal -5.037167e-10 -1.000000e+00 -1.520944e-10
   outer loop
     vertex -1.125171e+01 -2.500000e+01  6.154246e+01
     vertex -8.152914e+00 -2.500000e+01  4.944142e+01
     vertex -4.837572e+00 -2.500000e+01  4.982641e+01
   endloop
 endfacet
 facet normal  4.648633e-11 -1.000000e+00 -1.345391e-11
   outer loop
     vertex -1.125171e+01 -2.500000e+01  6.154246e+01
     vertex -1.524768e+01 -2.500000e+01  7.346418e+01
     vertex -1.730829e+01 -2.500000e+01  6.011419e+01
   endloop
 endfacet
 facet normal  3.771104e-11 -1.000000e+00  2.375776e-11
   outer loop
     vertex -1.125171e+01 -2.500000e+01  6.154246e+01
     vertex -1.730829e+01 -2.500000e+01  6.011419e+01
     vertex -1.287521e+01 -2.500000e+01  4.840635e+01
   endloop
 endfacet
 facet normal -2.020272e-10 -1.000000e+00  4.945546e-11
   outer loop
     vertex -1.442253e+00 -2.500000e+01  6.248213e+01
     vertex -8.806957e+00 -2.500000e+01  7.451705e+01
     vertex -1.125171e+01 -2.500000e+01  6.154246e+01
   endloop
 endfacet
 facet normal -4.379759e-10 -1.000000e+00 -9.493210e-11
   outer loop
     vertex -1.442253e+00 -2.500000e+01  6.248213e+01
     vertex -3.988577e+00 -2.500000e+01  7.490089e+01
     vertex -8.806957e+00 -2.500000e+01  7.451705e+01
   endloop
 endfacet
 facet normal  1.748387e-10 -1.000000e+00 -8.533494e-11
   outer loop
     vertex -1.442253e+00 -2.500000e+01  6.248213e+01
     vertex -4.837572e+00 -2.500000e+01  4.982641e+01
     vertex  2.180969e+00 -2.500000e+01  5.004759e+01
   endloop
 endfacet
 facet normal -1.987154e-10 -1.000000e+00  1.488343e-11
   outer loop
     vertex -1.442253e+00 -2.500000e+01  6.248213e+01
     vertex -1.125171e+01 -2.500000e+01  6.154246e+01
     vertex -4.837572e+00 -2.500000e+01  4.982641e+01
   endloop
 endfacet
 facet normal -1.582344e-12 -1.000000e+00 -4.043329e-11
   outer loop
     vertex  1.183882e+02 -2.500000e+01 -9.068234e+00
     vertex  1.238308e+02 -2.500000e+01 -1.691679e+01
     vertex  1.245695e+02 -2.500000e+01 -1.013318e+01
   endloop
 endfacet
 facet normal -2.832910e-12 -1.000000e+00 -4.769202e-11
   outer loop
     vertex  1.183882e+02 -2.500000e+01 -9.068234e+00
     vertex  1.245695e+02 -2.500000e+01 -1.013318e+01
     vertex  1.249134e+02 -2.500000e+01 -4.107697e+00
   endloop
 endfacet
 facet normal -1.684597e-11 -1.000000e+00 -2.925877e-11
   outer loop
     vertex  1.183882e+02 -2.500000e+01 -9.068234e+00
     vertex  1.249134e+02 -2.500000e+01 -4.107697e+00
     vertex  1.124733e+02 -2.500000e+01 -1.903305e+00
   endloop
 endfacet
 facet normal  6.156477e-13 -1.000000e+00 -8.574789e-11
   outer loop
     vertex  1.058393e+02 -2.500000e+01 -9.269158e+00
     vertex  9.988339e+01 -2.500000e+01 -4.827560e+00
     vertex  9.940425e+01 -2.500000e+01 -1.089927e+01
   endloop
 endfacet
 facet normal -1.267456e-11 -1.000000e+00 -2.581515e-11
   outer loop
     vertex  1.058393e+02 -2.500000e+01 -9.269158e+00
     vertex  1.183882e+02 -2.500000e+01 -9.068234e+00
     vertex  1.124733e+02 -2.500000e+01 -1.903305e+00
   endloop
 endfacet
 facet normal  2.201257e-11 -1.000000e+00 -5.705598e-11
   outer loop
     vertex  1.058393e+02 -2.500000e+01 -9.269158e+00
     vertex  1.124733e+02 -2.500000e+01 -1.903305e+00
     vertex  9.988339e+01 -2.500000e+01 -4.827560e+00
   endloop
 endfacet
 facet normal -2.546296e-11 -1.000000e+00  1.720042e-11
   outer loop
     vertex  1.058393e+02 -2.500000e+01 -9.269158e+00
     vertex  9.940425e+01 -2.500000e+01 -1.089927e+01
     vertex  9.876218e+01 -2.500000e+01 -1.568536e+01
   endloop
 endfacet
 facet normal -6.839484e-13 -1.000000e+00  6.079452e-13
   outer loop
     vertex  1.124948e+02 -2.500000e+01 -3.798577e+01
     vertex  1.148992e+02 -2.500000e+01 -4.917728e+01
     vertex  1.169283e+02 -2.500000e+01 -4.413622e+01
   endloop
 endfacet
 facet normal  5.171690e-13 -1.000000e+00  1.473774e-12
   outer loop
     vertex  1.124948e+02 -2.500000e+01 -3.798577e+01
     vertex  1.169283e+02 -2.500000e+01 -4.413622e+01
     vertex  1.187364e+02 -2.500000e+01 -3.901171e+01
   endloop
 endfacet
 facet normal  6.293011e-12 -1.000000e+00  1.203519e-11
   outer loop
     vertex  9.242812e+01 -2.500000e+01 -1.572560e+01
     vertex  9.762410e+01 -2.500000e+01 -2.166867e+01
     vertex  9.876218e+01 -2.500000e+01 -1.568536e+01
   endloop
 endfacet
 facet normal  6.287256e-12 -1.000000e+00  1.294105e-11
   outer loop
     vertex  9.242812e+01 -2.500000e+01 -1.572560e+01
     vertex  9.876218e+01 -2.500000e+01 -1.568536e+01
     vertex  9.940425e+01 -2.500000e+01 -1.089927e+01
   endloop
 endfacet
 facet normal  2.963277e-13 -1.000000e+00  6.792336e-12
   outer loop
     vertex  9.242812e+01 -2.500000e+01 -1.572560e+01
     vertex  8.526012e+01 -2.500000e+01 -1.973169e+01
     vertex  9.762410e+01 -2.500000e+01 -2.166867e+01
   endloop
 endfacet
 facet normal -4.450042e-13 -1.000000e+00  6.592816e-13
   outer loop
     vertex  1.072084e+02 -2.500000e+01 -5.103279e+01
     vertex  1.148992e+02 -2.500000e+01 -4.917728e+01
     vertex  1.124948e+02 -2.500000e+01 -3.798577e+01
   endloop
 endfacet
 facet normal  9.990810e-13 -1.000000e+00  7.417406e-14
   outer loop
     vertex  1.072084e+02 -2.500000e+01 -5.103279e+01
     vertex  1.124948e+02 -2.500000e+01 -3.798577e+01
     vertex  1.041170e+02 -2.500000e+01 -4.258545e+01
   endloop
 endfacet
 facet normal -1.658203e-14 -1.000000e+00 -5.331721e-14
   outer loop
     vertex  1.072084e+02 -2.500000e+01 -5.103279e+01
     vertex  1.096755e+02 -2.500000e+01 -5.992935e+01
     vertex  1.126529e+02 -2.500000e+01 -5.412538e+01
   endloop
 endfacet
 facet normal -1.966124e-13 -1.000000e+00 -3.702613e-13
   outer loop
     vertex  1.072084e+02 -2.500000e+01 -5.103279e+01
     vertex  1.126529e+02 -2.500000e+01 -5.412538e+01
     vertex  1.148992e+02 -2.500000e+01 -4.917728e+01
   endloop
 endfacet
 facet normal  2.922616e-13 -1.000000e+00  5.773402e-13
   outer loop
     vertex  1.005929e+02 -2.500000e+01 -3.418985e+01
     vertex  9.468030e+01 -2.500000e+01 -3.218136e+01
     vertex  9.152733e+01 -2.500000e+01 -4.028332e+01
   endloop
 endfacet
 facet normal -2.643264e-15 -1.000000e+00 -2.907967e-13
   outer loop
     vertex  1.005929e+02 -2.500000e+01 -3.418985e+01
     vertex  9.646382e+01 -2.500000e+01 -2.635776e+01
     vertex  9.468030e+01 -2.500000e+01 -3.218136e+01
   endloop
 endfacet
 facet normal -4.290848e-13 -1.000000e+00  8.090301e-12
   outer loop
     vertex  8.036789e+01 -2.500000e+01 -1.208853e+01
     vertex  8.526012e+01 -2.500000e+01 -1.973169e+01
     vertex  9.242812e+01 -2.500000e+01 -1.572560e+01
   endloop
 endfacet
 facet normal  3.488898e-12 -1.000000e+00  2.871383e-11
   outer loop
     vertex  8.036789e+01 -2.500000e+01 -1.208853e+01
     vertex  7.444504e+01 -2.500000e+01 -9.364468e+00
     vertex  7.373688e+01 -2.500000e+01 -1.387914e+01
   endloop
 endfacet
 facet normal -2.215570e-11 -1.000000e+00 -2.704457e-11
   outer loop
     vertex  8.036789e+01 -2.500000e+01 -1.208853e+01
     vertex  7.484518e+01 -2.500000e+01 -5.287473e+00
     vertex  7.444504e+01 -2.500000e+01 -9.364468e+00
   endloop
 endfacet
 facet normal  7.659854e-12 -1.000000e+00  1.326786e-11
   outer loop
     vertex  8.036789e+01 -2.500000e+01 -1.208853e+01
     vertex  7.373688e+01 -2.500000e+01 -1.387914e+01
     vertex  8.526012e+01 -2.500000e+01 -1.973169e+01
   endloop
 endfacet
 facet normal -6.212931e-13 -1.000000e+00  6.193880e-13
   outer loop
     vertex  9.549239e+01 -2.500000e+01 -4.657333e+01
     vertex  1.041170e+02 -2.500000e+01 -4.258545e+01
     vertex  1.005929e+02 -2.500000e+01 -3.418985e+01
   endloop
 endfacet
 facet normal  6.029173e-13 -1.000000e+00  1.151633e-13
   outer loop
     vertex  9.549239e+01 -2.500000e+01 -4.657333e+01
     vertex  1.005929e+02 -2.500000e+01 -3.418985e+01
     vertex  9.152733e+01 -2.500000e+01 -4.028332e+01
   endloop
 endfacet
 facet normal -6.168634e-15 -1.000000e+00  1.548889e-13
   outer loop
     vertex  9.549239e+01 -2.500000e+01 -4.657333e+01
     vertex  8.890521e+01 -2.500000e+01 -4.578056e+01
     vertex  8.683115e+01 -2.500000e+01 -4.960192e+01
   endloop
 endfacet
 facet normal -6.134418e-14 -1.000000e+00 -3.035695e-13
   outer loop
     vertex  9.549239e+01 -2.500000e+01 -4.657333e+01
     vertex  9.152733e+01 -2.500000e+01 -4.028332e+01
     vertex  8.890521e+01 -2.500000e+01 -4.578056e+01
   endloop
 endfacet
 facet normal -3.831563e-17 -1.000000e+00  4.677715e-16
   outer loop
     vertex  9.113079e+01 -2.500000e+01 -1.111347e+02
     vertex  9.167517e+01 -2.500000e+01 -1.186850e+02
     vertex  1.016371e+02 -2.500000e+01 -1.102741e+02
   endloop
 endfacet
 facet normal -9.975207e-19 -1.000000e+00  4.704622e-16
   outer loop
     vertex  9.113079e+01 -2.500000e+01 -1.111347e+02
     vertex  8.089109e+01 -2.500000e+01 -1.111564e+02
     vertex  9.167517e+01 -2.500000e+01 -1.186850e+02
   endloop
 endfacet
 facet normal  0.000000e+00 -1.000000e+00  0.000000e+00
   outer loop
     vertex  9.113079e+01 -2.500000e+01 -1.111347e+02
     vertex  1.016371e+02 -2.500000e+01 -1.102741e+02
     vertex  9.659711e+01 -2.500000e+01 -9.781672e+01
   endloop
 endfacet
 facet normal -5.118134e-15 -1.000000e+00 -6.373224e-15
   outer loop
     vertex  9.311470e+01 -2.500000e+01 -7.367254e+01
     vertex  9.798482e+01 -2.500000e+01 -7.758358e+01
     vertex  1.018993e+02 -2.500000e+01 -7.236553e+01
   endloop
 endfacet
 facet normal  4.912980e-15 -1.000000e+00  6.117761e-15
   outer loop
     vertex  9.311470e+01 -2.500000e+01 -7.367254e+01
     vertex  9.451975e+01 -2.500000e+01 -8.176954e+01
     vertex  9.798482e+01 -2.500000e+01 -7.758358e+01
   endloop
 endfacet
 facet normal  1.493292e-16 -1.000000e+00  4.263303e-16
   outer loop
     vertex  8.899439e+01 -2.500000e+01 -1.047812e+02
     vertex  8.226329e+01 -2.500000e+01 -9.409032e+01
     vertex  7.508782e+01 -2.500000e+01 -9.991023e+01
   endloop
 endfacet
 facet normal  1.184787e-18 -1.000000e+00 -5.587827e-16
   outer loop
     vertex  8.899439e+01 -2.500000e+01 -1.047812e+02
     vertex  8.089109e+01 -2.500000e+01 -1.111564e+02
     vertex  9.113079e+01 -2.500000e+01 -1.111347e+02
   endloop
 endfacet
 facet normal  7.488621e-16 -1.000000e+00 -3.073684e-16
   outer loop
     vertex  8.899439e+01 -2.500000e+01 -1.047812e+02
     vertex  9.113079e+01 -2.500000e+01 -1.111347e+02
     vertex  9.659711e+01 -2.500000e+01 -9.781672e+01
   endloop
 endfacet
 facet normal -1.350630e-16 -1.000000e+00 -3.856008e-16
   outer loop
     vertex  8.899439e+01 -2.500000e+01 -1.047812e+02
     vertex  7.508782e+01 -2.500000e+01 -9.991023e+01
     vertex  8.089109e+01 -2.500000e+01 -1.111564e+02
   endloop
 endfacet
 facet normal  2.254893e-16 -1.000000e+00  2.639639e-16
   outer loop
     vertex  8.899439e+01 -2.500000e+01 -1.047812e+02
     vertex  9.659711e+01 -2.500000e+01 -9.781672e+01
     vertex  8.706043e+01 -2.500000e+01 -8.967008e+01
   endloop
 endfacet
 facet normal -1.937818e-16 -1.000000e+00  2.103046e-16
   outer loop
     vertex  8.899439e+01 -2.500000e+01 -1.047812e+02
     vertex  8.706043e+01 -2.500000e+01 -8.967008e+01
     vertex  8.226329e+01 -2.500000e+01 -9.409032e+01
   endloop
 endfacet
 facet normal  4.862241e-13 -1.000000e+00  2.045914e-13
   outer loop
     vertex  8.582520e+01 -2.500000e+01 -3.773972e+01
     vertex  9.468030e+01 -2.500000e+01 -3.218136e+01
     vertex  8.212906e+01 -2.500000e+01 -3.022327e+01
   endloop
 endfacet
 facet normal  2.393153e-13 -1.000000e+00  5.979448e-13
   outer loop
     vertex  8.582520e+01 -2.500000e+01 -3.773972e+01
     vertex  9.152733e+01 -2.500000e+01 -4.028332e+01
     vertex  9.468030e+01 -2.500000e+01 -3.218136e+01
   endloop
 endfacet
 facet normal -1.450246e-13 -1.000000e+00 -2.636549e-13
   outer loop
     vertex  8.582520e+01 -2.500000e+01 -3.773972e+01
     vertex  8.890521e+01 -2.500000e+01 -4.578056e+01
     vertex  9.152733e+01 -2.500000e+01 -4.028332e+01
   endloop
 endfacet
 facet normal -5.390211e-13 -1.000000e+00 -6.459777e-12
   outer loop
     vertex  6.737212e+01 -2.500000e+01 -1.391067e+01
     vertex  7.229095e+01 -2.500000e+01 -2.009419e+01
     vertex  7.373688e+01 -2.500000e+01 -1.387914e+01
   endloop
 endfacet
 facet normal -7.165442e-13 -1.000000e+00  2.937349e-11
   outer loop
     vertex  6.737212e+01 -2.500000e+01 -1.391067e+01
     vertex  7.373688e+01 -2.500000e+01 -1.387914e+01
     vertex  7.444504e+01 -2.500000e+01 -9.364468e+00
   endloop
 endfacet
 facet normal  6.451062e-12 -1.000000e+00  1.822222e-11
   outer loop
     vertex  6.737212e+01 -2.500000e+01 -1.391067e+01
     vertex  7.444504e+01 -2.500000e+01 -9.364468e+00
     vertex  6.198742e+01 -2.500000e+01 -8.423036e+00
   endloop
 endfacet
 facet normal -7.276879e-12 -1.000000e+00  4.751772e-12
   outer loop
     vertex  6.737212e+01 -2.500000e+01 -1.391067e+01
     vertex  6.198742e+01 -2.500000e+01 -8.423036e+00
     vertex  5.977374e+01 -2.500000e+01 -1.845230e+01
   endloop
 endfacet
 facet normal -5.638243e-13 -1.000000e+00 -6.479508e-12
   outer loop
     vertex  6.737212e+01 -2.500000e+01 -1.391067e+01
     vertex  5.977374e+01 -2.500000e+01 -1.845230e+01
     vertex  7.229095e+01 -2.500000e+01 -2.009419e+01
   endloop
 endfacet
 facet normal  3.901753e-15 -1.000000e+00 -7.853148e-16
   outer loop
     vertex  8.454103e+01 -2.500000e+01 -6.434814e+01
     vertex  8.118946e+01 -2.500000e+01 -5.838040e+01
     vertex  7.748481e+01 -2.500000e+01 -6.321474e+01
   endloop
 endfacet
 facet normal -3.255447e-14 -1.000000e+00 -2.125967e-14
   outer loop
     vertex  8.454103e+01 -2.500000e+01 -6.434814e+01
     vertex  8.365044e+01 -2.500000e+01 -5.479599e+01
     vertex  8.118946e+01 -2.500000e+01 -5.838040e+01
   endloop
 endfacet
 facet normal -1.416047e-15 -1.000000e+00  5.019503e-15
   outer loop
     vertex  8.384255e+01 -2.500000e+01 -8.407389e+01
     vertex  9.451975e+01 -2.500000e+01 -8.176954e+01
     vertex  9.311470e+01 -2.500000e+01 -7.367254e+01
   endloop
 endfacet
 facet normal  5.871844e-15 -1.000000e+00 -1.477185e-15
   outer loop
     vertex  8.384255e+01 -2.500000e+01 -8.407389e+01
     vertex  9.311470e+01 -2.500000e+01 -7.367254e+01
     vertex  8.449704e+01 -2.500000e+01 -7.425711e+01
   endloop
 endfacet
 facet normal -1.122241e-15 -1.000000e+00  3.658156e-15
   outer loop
     vertex  8.384255e+01 -2.500000e+01 -8.407389e+01
     vertex  9.087597e+01 -2.500000e+01 -8.580090e+01
     vertex  9.451975e+01 -2.500000e+01 -8.176954e+01
   endloop
 endfacet
 facet normal -2.352648e-15 -1.000000e+00 -1.352802e-15
   outer loop
     vertex  8.384255e+01 -2.500000e+01 -8.407389e+01
     vertex  8.706043e+01 -2.500000e+01 -8.967008e+01
     vertex  9.087597e+01 -2.500000e+01 -8.580090e+01
   endloop
 endfacet
 facet normal  0.000000e+00 -1.000000e+00 -0.000000e+00
   outer loop
     vertex  8.384255e+01 -2.500000e+01 -8.407389e+01
     vertex  8.226329e+01 -2.500000e+01 -9.409032e+01
     vertex  8.706043e+01 -2.500000e+01 -8.967008e+01
   endloop
 endfacet
 facet normal -2.513303e-13 -1.000000e+00 -5.570797e-13
   outer loop
     vertex  7.417725e+01 -2.500000e+01 -3.320945e+01
     vertex  6.980337e+01 -2.500000e+01 -2.751813e+01
     vertex  6.799867e+01 -2.500000e+01 -3.171655e+01
   endloop
 endfacet
 facet normal -9.390108e-14 -1.000000e+00  9.446423e-14
   outer loop
     vertex  7.417725e+01 -2.500000e+01 -3.320945e+01
     vertex  6.799867e+01 -2.500000e+01 -3.171655e+01
     vertex  6.625122e+01 -2.500000e+01 -3.522121e+01
   endloop
 endfacet
 facet normal -1.411321e-13 -1.000000e+00  2.603963e-14
   outer loop
     vertex  7.417725e+01 -2.500000e+01 -3.320945e+01
     vertex  8.212906e+01 -2.500000e+01 -3.022327e+01
     vertex  7.093359e+01 -2.500000e+01 -2.445782e+01
   endloop
 endfacet
 facet normal  1.111575e-12 -1.000000e+00  4.903366e-13
   outer loop
     vertex  7.417725e+01 -2.500000e+01 -3.320945e+01
     vertex  7.093359e+01 -2.500000e+01 -2.445782e+01
     vertex  6.980337e+01 -2.500000e+01 -2.751813e+01
   endloop
 endfacet
 facet normal -3.810917e-16 -1.000000e+00 -1.060299e-15
   outer loop
     vertex  7.577405e+01 -2.500000e+01 -7.447258e+01
     vertex  8.384255e+01 -2.500000e+01 -8.407389e+01
     vertex  8.449704e+01 -2.500000e+01 -7.425711e+01
   endloop
 endfacet
 facet normal  2.195126e-15 -1.000000e+00  1.875463e-15
   outer loop
     vertex  7.577405e+01 -2.500000e+01 -7.447258e+01
     vertex  7.748481e+01 -2.500000e+01 -6.321474e+01
     vertex  7.170145e+01 -2.500000e+01 -6.970582e+01
   endloop
 endfacet
 facet normal  4.278293e-15 -1.000000e+00  1.558902e-15
   outer loop
     vertex  7.577405e+01 -2.500000e+01 -7.447258e+01
     vertex  8.454103e+01 -2.500000e+01 -6.434814e+01
     vertex  7.748481e+01 -2.500000e+01 -6.321474e+01
   endloop
 endfacet
 facet normal -8.886879e-16 -1.000000e+00 -7.592735e-16
   outer loop
     vertex  7.577405e+01 -2.500000e+01 -7.447258e+01
     vertex  7.170145e+01 -2.500000e+01 -6.970582e+01
     vertex  6.732493e+01 -2.500000e+01 -7.394154e+01
   endloop
 endfacet
 facet normal -5.490390e-16 -1.000000e+00  5.738998e-15
   outer loop
     vertex  7.577405e+01 -2.500000e+01 -7.447258e+01
     vertex  8.449704e+01 -2.500000e+01 -7.425711e+01
     vertex  8.454103e+01 -2.500000e+01 -6.434814e+01
   endloop
 endfacet
 facet normal  3.142549e-16 -1.000000e+00  2.229908e-16
   outer loop
     vertex  7.147186e+01 -2.500000e+01 -9.481436e+01
     vertex  7.508782e+01 -2.500000e+01 -9.991023e+01
     vertex  8.226329e+01 -2.500000e+01 -9.409032e+01
   endloop
 endfacet
 facet normal -5.332028e-16 -1.000000e+00 -3.783531e-16
   outer loop
     vertex  7.147186e+01 -2.500000e+01 -9.481436e+01
     vertex  7.067391e+01 -2.500000e+01 -1.030798e+02
     vertex  7.508782e+01 -2.500000e+01 -9.991023e+01
   endloop
 endfacet
 facet normal  1.148273e-15 -1.000000e+00  2.808179e-15
   outer loop
     vertex  7.298895e+01 -2.500000e+01 -5.884610e+01
     vertex  7.170145e+01 -2.500000e+01 -6.970582e+01
     vertex  7.748481e+01 -2.500000e+01 -6.321474e+01
   endloop
 endfacet
 facet normal  3.220428e-16 -1.000000e+00  1.957887e-15
   outer loop
     vertex  7.298895e+01 -2.500000e+01 -5.884610e+01
     vertex  7.748481e+01 -2.500000e+01 -6.321474e+01
     vertex  8.118946e+01 -2.500000e+01 -5.838040e+01
   endloop
 endfacet
 facet normal  4.987422e-15 -1.000000e+00  2.353018e-15
   outer loop
     vertex  7.298895e+01 -2.500000e+01 -5.884610e+01
     vertex  6.502351e+01 -2.500000e+01 -5.857107e+01
     vertex  7.170145e+01 -2.500000e+01 -6.970582e+01
   endloop
 endfacet
 facet normal  8.501959e-15 -1.000000e+00  8.157173e-15
   outer loop
     vertex  6.435637e+01 -2.500000e+01 -4.963252e+01
     vertex  6.053016e+01 -2.500000e+01 -4.433799e+01
     vertex  5.771871e+01 -2.500000e+01 -4.794069e+01
   endloop
 endfacet
 facet normal  4.742105e-15 -1.000000e+00  5.918374e-15
   outer loop
     vertex  6.435637e+01 -2.500000e+01 -4.963252e+01
     vertex  5.558022e+01 -2.500000e+01 -5.040433e+01
     vertex  6.502351e+01 -2.500000e+01 -5.857107e+01
   endloop
 endfacet
 facet normal -2.714991e-14 -1.000000e+00 -1.760744e-14
   outer loop
     vertex  6.435637e+01 -2.500000e+01 -4.963252e+01
     vertex  6.276106e+01 -2.500000e+01 -4.111942e+01
     vertex  6.053016e+01 -2.500000e+01 -4.433799e+01
   endloop
 endfacet
 facet normal  5.560217e-15 -1.000000e+00 -3.384313e-15
   outer loop
     vertex  6.435637e+01 -2.500000e+01 -4.963252e+01
     vertex  5.771871e+01 -2.500000e+01 -4.794069e+01
     vertex  5.558022e+01 -2.500000e+01 -5.040433e+01
   endloop
 endfacet
 facet normal  6.001651e-16 -1.000000e+00 -4.877692e-16
   outer loop
     vertex  5.875387e+01 -2.500000e+01 -1.031793e+02
     vertex  7.067391e+01 -2.500000e+01 -1.030798e+02
     vertex  7.147186e+01 -2.500000e+01 -9.481436e+01
   endloop
 endfacet
 facet normal -9.836641e-16 -1.000000e+00 -4.701335e-16
   outer loop
     vertex  5.875387e+01 -2.500000e+01 -1.031793e+02
     vertex  5.569204e+01 -2.500000e+01 -1.118867e+02
     vertex  6.145388e+01 -2.500000e+01 -1.088286e+02
   endloop
 endfacet
 facet normal  5.936957e-16 -1.000000e+00  2.867123e-16
   outer loop
     vertex  5.875387e+01 -2.500000e+01 -1.031793e+02
     vertex  6.612638e+01 -2.500000e+01 -1.060544e+02
     vertex  7.067391e+01 -2.500000e+01 -1.030798e+02
   endloop
 endfacet
 facet normal  1.285937e-17 -1.000000e+00  4.051613e-16
   outer loop
     vertex  5.875387e+01 -2.500000e+01 -1.031793e+02
     vertex  7.147186e+01 -2.500000e+01 -9.481436e+01
     vertex  6.104702e+01 -2.500000e+01 -9.448348e+01
   endloop
 endfacet
 facet normal  5.922766e-16 -1.000000e+00  2.830733e-16
   outer loop
     vertex  5.875387e+01 -2.500000e+01 -1.031793e+02
     vertex  6.145388e+01 -2.500000e+01 -1.088286e+02
     vertex  6.612638e+01 -2.500000e+01 -1.060544e+02
   endloop
 endfacet
 facet normal  3.293637e-16 -1.000000e+00  2.425757e-16
   outer loop
     vertex  6.295613e+01 -2.500000e+01 -8.558268e+01
     vertex  5.925308e+01 -2.500000e+01 -8.055477e+01
     vertex  5.203260e+01 -2.500000e+01 -8.539676e+01
   endloop
 endfacet
 facet normal -4.698855e-16 -1.000000e+00 -3.460697e-16
   outer loop
     vertex  6.295613e+01 -2.500000e+01 -8.558268e+01
     vertex  6.404717e+01 -2.500000e+01 -7.679818e+01
     vertex  5.925308e+01 -2.500000e+01 -8.055477e+01
   endloop
 endfacet
 facet normal  1.258277e-17 -1.000000e+00  3.964467e-16
   outer loop
     vertex  6.295613e+01 -2.500000e+01 -8.558268e+01
     vertex  6.104702e+01 -2.500000e+01 -9.448348e+01
     vertex  7.147186e+01 -2.500000e+01 -9.481436e+01
   endloop
 endfacet
 facet normal -6.890251e-16 -1.000000e+00  3.185314e-17
   outer loop
     vertex  5.168930e+01 -2.500000e+01 -9.282289e+01
     vertex  5.203260e+01 -2.500000e+01 -8.539676e+01
     vertex  4.673734e+01 -2.500000e+01 -8.840598e+01
   endloop
 endfacet
 facet normal  6.823406e-17 -1.000000e+00  3.845101e-16
   outer loop
     vertex  5.168930e+01 -2.500000e+01 -9.282289e+01
     vertex  6.104702e+01 -2.500000e+01 -9.448348e+01
     vertex  6.295613e+01 -2.500000e+01 -8.558268e+01
   endloop
 endfacet
 facet normal -8.432829e-16 -1.000000e+00 -1.410911e-16
   outer loop
     vertex  5.168930e+01 -2.500000e+01 -9.282289e+01
     vertex  4.673734e+01 -2.500000e+01 -8.840598e+01
     vertex  4.285031e+01 -2.500000e+01 -9.035403e+01
   endloop
 endfacet
 facet normal  3.249792e-16 -1.000000e+00 -1.502356e-17
   outer loop
     vertex  5.168930e+01 -2.500000e+01 -9.282289e+01
     vertex  6.295613e+01 -2.500000e+01 -8.558268e+01
     vertex  5.203260e+01 -2.500000e+01 -8.539676e+01
   endloop
 endfacet
 facet normal -6.253434e-16 -1.000000e+00 -1.915857e-16
   outer loop
     vertex  3.417579e+01 -2.500000e+01 -1.137102e+02
     vertex  3.076908e+01 -2.500000e+01 -1.211342e+02
     vertex  3.600545e+01 -2.500000e+01 -1.196823e+02
   endloop
 endfacet
 facet normal -5.208612e-16 -1.000000e+00 -1.595756e-16
   outer loop
     vertex  3.417579e+01 -2.500000e+01 -1.137102e+02
     vertex  3.600545e+01 -2.500000e+01 -1.196823e+02
     vertex  4.220083e+01 -2.500000e+01 -1.176407e+02
   endloop
 endfacet
 facet normal -2.184597e-16 -1.000000e+00 -7.961894e-16
   outer loop
     vertex  4.880837e+01 -2.500000e+01 -8.004994e+01
     vertex  4.673734e+01 -2.500000e+01 -8.840598e+01
     vertex  5.203260e+01 -2.500000e+01 -8.539676e+01
   endloop
 endfacet
 facet normal  7.164784e-16 -1.000000e+00  7.487399e-16
   outer loop
     vertex  4.880837e+01 -2.500000e+01 -8.004994e+01
     vertex  5.925308e+01 -2.500000e+01 -8.055477e+01
     vertex  5.007450e+01 -2.500000e+01 -7.177167e+01
   endloop
 endfacet
 facet normal  6.676332e-16 -1.000000e+00 -2.618590e-16
   outer loop
     vertex  4.880837e+01 -2.500000e+01 -8.004994e+01
     vertex  5.203260e+01 -2.500000e+01 -8.539676e+01
     vertex  5.925308e+01 -2.500000e+01 -8.055477e+01
   endloop
 endfacet
 facet normal  8.732061e-16 -1.000000e+00 -4.469669e-16
   outer loop
     vertex  4.521878e+01 -2.500000e+01 -5.184373e+01
     vertex  5.240864e+01 -2.500000e+01 -5.369444e+01
     vertex  4.596943e+01 -2.500000e+01 -4.242876e+01
   endloop
 endfacet
 facet normal -6.481263e-16 -1.000000e+00 -3.278350e-16
   outer loop
     vertex  4.521878e+01 -2.500000e+01 -5.184373e+01
     vertex  3.846696e+01 -2.500000e+01 -4.933235e+01
     vertex  4.418688e+01 -2.500000e+01 -6.064057e+01
   endloop
 endfacet
 facet normal -6.473453e-16 -1.000000e+00 -3.257351e-16
   outer loop
     vertex  4.521878e+01 -2.500000e+01 -5.184373e+01
     vertex  4.596943e+01 -2.500000e+01 -4.242876e+01
     vertex  3.846696e+01 -2.500000e+01 -4.933235e+01
   endloop
 endfacet
 facet normal  1.111267e-15 -1.000000e+00  4.778843e-16
   outer loop
     vertex  4.521878e+01 -2.500000e+01 -5.184373e+01
     vertex  4.779657e+01 -2.500000e+01 -5.783810e+01
     vertex  5.240864e+01 -2.500000e+01 -5.369444e+01
   endloop
 endfacet
 facet normal -7.378652e-16 -1.000000e+00 -3.173083e-16
   outer loop
     vertex  4.521878e+01 -2.500000e+01 -5.184373e+01
     vertex  4.418688e+01 -2.500000e+01 -6.064057e+01
     vertex  4.779657e+01 -2.500000e+01 -5.783810e+01
   endloop
 endfacet
 facet normal  4.045603e-15 -1.000000e+00 -1.468382e-15
   outer loop
     vertex  3.247842e+01 -2.500000e+01 -1.011584e+02
     vertex  3.727030e+01 -2.500000e+01 -9.279506e+01
     vertex  3.320144e+01 -2.500000e+01 -9.432743e+01
   endloop
 endfacet
 facet normal -1.557912e-15 -1.000000e+00 -8.752822e-16
   outer loop
     vertex  3.247842e+01 -2.500000e+01 -1.011584e+02
     vertex  3.320144e+01 -2.500000e+01 -9.432743e+01
     vertex  2.739743e+01 -2.500000e+01 -9.617369e+01
   endloop
 endfacet
 facet normal  1.244385e-16 -1.000000e+00 -5.417131e-16
   outer loop
     vertex  2.019525e+01 -2.500000e+01 -1.170049e+02
     vertex  2.517889e+01 -2.500000e+01 -1.224184e+02
     vertex  3.076908e+01 -2.500000e+01 -1.211342e+02
   endloop
 endfacet
 facet normal -4.110635e-16 -1.000000e+00 -1.034694e-15
   outer loop
     vertex  2.019525e+01 -2.500000e+01 -1.170049e+02
     vertex  1.923742e+01 -2.500000e+01 -1.234915e+02
     vertex  2.517889e+01 -2.500000e+01 -1.224184e+02
   endloop
 endfacet
 facet normal  1.264491e-16 -1.000000e+00 -5.365645e-16
   outer loop
     vertex  2.019525e+01 -2.500000e+01 -1.170049e+02
     vertex  3.076908e+01 -2.500000e+01 -1.211342e+02
     vertex  3.417579e+01 -2.500000e+01 -1.137102e+02
   endloop
 endfacet
 facet normal -1.351005e-16 -1.000000e+00  5.732749e-16
   outer loop
     vertex  2.019525e+01 -2.500000e+01 -1.170049e+02
     vertex  3.417579e+01 -2.500000e+01 -1.137102e+02
     vertex  2.670649e+01 -2.500000e+01 -1.092732e+02
   endloop
 endfacet
 facet normal  9.976459e-16 -1.000000e+00  5.276891e-16
   outer loop
     vertex  4.184234e+01 -2.500000e+01 -6.967317e+01
     vertex  5.007450e+01 -2.500000e+01 -7.177167e+01
     vertex  4.418688e+01 -2.500000e+01 -6.064057e+01
   endloop
 endfacet
 facet normal -2.991404e-16 -1.000000e+00  4.816507e-16
   outer loop
     vertex  4.184234e+01 -2.500000e+01 -6.967317e+01
     vertex  4.150916e+01 -2.500000e+01 -6.250398e+01
     vertex  3.762708e+01 -2.500000e+01 -6.491503e+01
   endloop
 endfacet
 facet normal  9.511538e-16 -1.000000e+00  5.397568e-16
   outer loop
     vertex  4.184234e+01 -2.500000e+01 -6.967317e+01
     vertex  4.418688e+01 -2.500000e+01 -6.064057e+01
     vertex  4.150916e+01 -2.500000e+01 -6.250398e+01
   endloop
 endfacet
 facet normal -2.364743e-15 -1.000000e+00 -1.348278e-15
   outer loop
     vertex  4.184234e+01 -2.500000e+01 -6.967317e+01
     vertex  3.762708e+01 -2.500000e+01 -6.491503e+01
     vertex  3.418889e+01 -2.500000e+01 -6.678980e+01
   endloop
 endfacet
 facet normal -1.426756e-16 -1.000000e+00  5.672916e-16
   outer loop
     vertex  1.924195e+01 -2.500000e+01 -1.044874e+02
     vertex  3.247842e+01 -2.500000e+01 -1.011584e+02
     vertex  2.739743e+01 -2.500000e+01 -9.617369e+01
   endloop
 endfacet
 facet normal  3.863987e-16 -1.000000e+00  4.828701e-17
   outer loop
     vertex  1.924195e+01 -2.500000e+01 -1.044874e+02
     vertex  2.739743e+01 -2.500000e+01 -9.617369e+01
     vertex  1.846625e+01 -2.500000e+01 -9.828020e+01
   endloop
 endfacet
 facet normal -2.316351e-15 -1.000000e+00 -2.894669e-16
   outer loop
     vertex  1.924195e+01 -2.500000e+01 -1.044874e+02
     vertex  1.846625e+01 -2.500000e+01 -9.828020e+01
     vertex  1.244894e+01 -2.500000e+01 -9.922208e+01
   endloop
 endfacet
 facet normal  1.340987e-16 -1.000000e+00 -5.331889e-16
   outer loop
     vertex  1.924195e+01 -2.500000e+01 -1.044874e+02
     vertex  2.670649e+01 -2.500000e+01 -1.092732e+02
     vertex  3.247842e+01 -2.500000e+01 -1.011584e+02
   endloop
 endfacet
 facet normal  1.888373e-16 -1.000000e+00  2.565983e-16
   outer loop
     vertex  2.609764e+01 -2.500000e+01 -9.005090e+01
     vertex  1.962212e+01 -2.500000e+01 -8.528540e+01
     vertex  1.846625e+01 -2.500000e+01 -9.828020e+01
   endloop
 endfacet
 facet normal  3.788201e-16 -1.000000e+00  8.041907e-17
   outer loop
     vertex  2.609764e+01 -2.500000e+01 -9.005090e+01
     vertex  1.846625e+01 -2.500000e+01 -9.828020e+01
     vertex  2.739743e+01 -2.500000e+01 -9.617369e+01
   endloop
 endfacet
 facet normal -1.720178e-15 -1.000000e+00 -3.651738e-16
   outer loop
     vertex  2.609764e+01 -2.500000e+01 -9.005090e+01
     vertex  2.739743e+01 -2.500000e+01 -9.617369e+01
     vertex  3.320144e+01 -2.500000e+01 -9.432743e+01
   endloop
 endfacet
 facet normal  1.158391e-15 -1.000000e+00 -1.142833e-16
   outer loop
     vertex -3.534202e+01 -2.500000e+01 -1.393078e+02
     vertex -3.296494e+01 -2.500000e+01 -1.463003e+02
     vertex -2.572079e+01 -2.500000e+01 -1.350465e+02
   endloop
 endfacet
 facet normal  1.590863e-16 -1.000000e+00 -4.539935e-16
   outer loop
     vertex -3.534202e+01 -2.500000e+01 -1.393078e+02
     vertex -4.554786e+01 -2.500000e+01 -1.428841e+02
     vertex -3.296494e+01 -2.500000e+01 -1.463003e+02
   endloop
 endfacet
 facet normal -2.824203e-16 -1.000000e+00  8.059587e-16
   outer loop
     vertex -3.534202e+01 -2.500000e+01 -1.393078e+02
     vertex -4.561818e+01 -2.500000e+01 -1.296846e+02
     vertex -4.554786e+01 -2.500000e+01 -1.428841e+02
   endloop
 endfacet
 facet normal -8.557340e-16 -1.000000e+00  7.303793e-16
   outer loop
     vertex -3.577010e+01 -2.500000e+01 -1.327389e+02
     vertex -3.353920e+01 -2.500000e+01 -1.203967e+02
     vertex -4.561818e+01 -2.500000e+01 -1.296846e+02
   endloop
 endfacet
 facet normal  9.744295e-16 -1.000000e+00 -3.751956e-16
   outer loop
     vertex -3.577010e+01 -2.500000e+01 -1.327389e+02
     vertex -2.572079e+01 -2.500000e+01 -1.350465e+02
     vertex -2.455330e+01 -2.500000e+01 -1.225454e+02
   endloop
 endfacet
 facet normal  1.319585e-16 -1.000000e+00  5.518503e-16
   outer loop
     vertex -3.577010e+01 -2.500000e+01 -1.327389e+02
     vertex -2.455330e+01 -2.500000e+01 -1.225454e+02
     vertex -3.353920e+01 -2.500000e+01 -1.203967e+02
   endloop
 endfacet
 facet normal  1.076697e-15 -1.000000e+00  7.016502e-17
   outer loop
     vertex -3.577010e+01 -2.500000e+01 -1.327389e+02
     vertex -3.534202e+01 -2.500000e+01 -1.393078e+02
     vertex -2.572079e+01 -2.500000e+01 -1.350465e+02
   endloop
 endfacet
 facet normal -1.104580e-15 -1.000000e+00 -7.198208e-17
   outer loop
     vertex -3.577010e+01 -2.500000e+01 -1.327389e+02
     vertex -4.561818e+01 -2.500000e+01 -1.296846e+02
     vertex -3.534202e+01 -2.500000e+01 -1.393078e+02
   endloop
 endfacet
 facet normal -6.460242e-16 -1.000000e+00 -5.432824e-16
   outer loop
     vertex  2.429851e+01 -2.500000e+01 -7.755458e+01
     vertex  2.428093e+01 -2.500000e+01 -7.099432e+01
     vertex  1.991393e+01 -2.500000e+01 -7.234082e+01
   endloop
 endfacet
 facet normal  0.000000e+00 -1.000000e+00  0.000000e+00
   outer loop
     vertex  2.429851e+01 -2.500000e+01 -7.755458e+01
     vertex  1.991393e+01 -2.500000e+01 -7.234082e+01
     vertex  1.657388e+01 -2.500000e+01 -7.317830e+01
   endloop
 endfacet
 facet normal -0.000000e+00 -1.000000e+00  0.000000e+00
   outer loop
     vertex  2.429851e+01 -2.500000e+01 -7.755458e+01
     vertex  1.657388e+01 -2.500000e+01 -7.317830e+01
     vertex  1.962212e+01 -2.500000e+01 -8.528540e+01
   endloop
 endfacet
 facet normal  0.000000e+00 -1.000000e+00 -0.000000e+00
   outer loop
     vertex  2.429851e+01 -2.500000e+01 -7.755458e+01
     vertex  1.962212e+01 -2.500000e+01 -8.528540e+01
     vertex  2.609764e+01 -2.500000e+01 -9.005090e+01
   endloop
 endfacet
 facet normal  1.167753e-15 -1.000000e+00 -5.384219e-16
   outer loop
     vertex  2.429851e+01 -2.500000e+01 -7.755458e+01
     vertex  2.795198e+01 -2.500000e+01 -6.963078e+01
     vertex  2.428093e+01 -2.500000e+01 -7.099432e+01
   endloop
 endfacet
 facet normal -1.632846e-15 -1.000000e+00  9.768695e-16
   outer loop
     vertex  3.630359e+00 -2.500000e+01 -9.368602e+01
     vertex -2.306909e+00 -2.500000e+01 -9.997338e+01
     vertex  2.041194e+00 -2.500000e+01 -9.997916e+01
   endloop
 endfacet
 facet normal  3.295736e-15 -1.000000e+00  1.000549e-16
   outer loop
     vertex  3.630359e+00 -2.500000e+01 -9.368602e+01
     vertex  8.123901e+00 -2.500000e+01 -9.966946e+01
     vertex  8.819309e+00 -2.500000e+01 -8.706807e+01
   endloop
 endfacet
 facet normal  2.929258e-15 -1.000000e+00 -1.751685e-16
   outer loop
     vertex  3.630359e+00 -2.500000e+01 -9.368602e+01
     vertex  2.041194e+00 -2.500000e+01 -9.997916e+01
     vertex  8.123901e+00 -2.500000e+01 -9.966946e+01
   endloop
 endfacet
 facet normal  1.659696e-16 -1.000000e+00  5.407706e-16
   outer loop
     vertex -3.890609e+01 -2.500000e+01 -1.121798e+02
     vertex -3.977534e+01 -2.500000e+01 -1.184827e+02
     vertex -3.353920e+01 -2.500000e+01 -1.203967e+02
   endloop
 endfacet
 facet normal  1.517315e-15 -1.000000e+00  3.544031e-16
   outer loop
     vertex -3.890609e+01 -2.500000e+01 -1.121798e+02
     vertex -4.488825e+01 -2.500000e+01 -1.166417e+02
     vertex -3.977534e+01 -2.500000e+01 -1.184827e+02
   endloop
 endfacet
 facet normal  1.760518e-16 -1.000000e+00  2.152665e-15
   outer loop
     vertex -3.890609e+01 -2.500000e+01 -1.121798e+02
     vertex -4.991629e+01 -2.500000e+01 -1.145801e+02
     vertex -4.488825e+01 -2.500000e+01 -1.166417e+02
   endloop
 endfacet
 facet normal  3.775827e-15 -1.000000e+00  3.090796e-16
   outer loop
     vertex  2.695733e+00 -2.500000e+01 -8.122723e+01
     vertex  8.819309e+00 -2.500000e+01 -8.706807e+01
     vertex  5.932992e+00 -2.500000e+01 -7.479677e+01
   endloop
 endfacet
 facet normal  3.879191e-15 -1.000000e+00  2.570436e-16
   outer loop
     vertex  2.695733e+00 -2.500000e+01 -8.122723e+01
     vertex  5.932992e+00 -2.500000e+01 -7.479677e+01
     vertex  1.368539e+00 -2.500000e+01 -7.501924e+01
   endloop
 endfacet
 facet normal  3.456342e-15 -1.000000e+00 -2.587162e-17
   outer loop
     vertex  2.695733e+00 -2.500000e+01 -8.122723e+01
     vertex  3.630359e+00 -2.500000e+01 -9.368602e+01
     vertex  8.819309e+00 -2.500000e+01 -8.706807e+01
   endloop
 endfacet
 facet normal -3.639463e-15 -1.000000e+00 -1.350353e-15
   outer loop
     vertex  2.695733e+00 -2.500000e+01 -8.122723e+01
     vertex  1.368539e+00 -2.500000e+01 -7.501924e+01
     vertex -2.547542e+00 -2.500000e+01 -7.498845e+01
   endloop
 endfacet
 facet normal -8.716632e-16 -1.000000e+00 -7.386163e-16
   outer loop
     vertex  7.303105e+00 -2.500000e+01 -6.840450e+01
     vertex  1.208822e+01 -2.500000e+01 -7.405155e+01
     vertex  1.335376e+01 -2.500000e+01 -6.111518e+01
   endloop
 endfacet
 facet normal  3.905429e-15 -1.000000e+00 -2.813030e-16
   outer loop
     vertex  7.303105e+00 -2.500000e+01 -6.840450e+01
     vertex  1.368539e+00 -2.500000e+01 -7.501924e+01
     vertex  5.932992e+00 -2.500000e+01 -7.479677e+01
   endloop
 endfacet
 facet normal  5.234820e-16 -1.000000e+00  4.435799e-16
   outer loop
     vertex  7.303105e+00 -2.500000e+01 -6.840450e+01
     vertex  5.932992e+00 -2.500000e+01 -7.479677e+01
     vertex  1.208822e+01 -2.500000e+01 -7.405155e+01
   endloop
 endfacet
 facet normal  3.933394e-15 -1.000000e+00 -3.063923e-16
   outer loop
     vertex  7.303105e+00 -2.500000e+01 -6.840450e+01
     vertex  3.249076e+00 -2.500000e+01 -6.247264e+01
     vertex  1.368539e+00 -2.500000e+01 -7.501924e+01
   endloop
 endfacet
 facet normal  1.012515e-15 -1.000000e+00 -2.302617e-15
   outer loop
     vertex  7.303105e+00 -2.500000e+01 -6.840450e+01
     vertex  1.335376e+01 -2.500000e+01 -6.111518e+01
     vertex  3.249076e+00 -2.500000e+01 -6.247264e+01
   endloop
 endfacet
 facet normal  1.570693e-15 -1.000000e+00 -5.442549e-16
   outer loop
     vertex -1.707273e+01 -2.500000e+01 -9.218879e+01
     vertex -1.701237e+01 -2.500000e+01 -9.854227e+01
     vertex -1.271259e+01 -2.500000e+01 -9.918864e+01
   endloop
 endfacet
 facet normal  1.020162e-15 -1.000000e+00 -4.816897e-16
   outer loop
     vertex -1.707273e+01 -2.500000e+01 -9.218879e+01
     vertex -2.066203e+01 -2.500000e+01 -8.503946e+01
     vertex -2.297983e+01 -2.500000e+01 -9.732381e+01
   endloop
 endfacet
 facet normal  1.078613e-15 -1.000000e+00 -5.489296e-16
   outer loop
     vertex -1.707273e+01 -2.500000e+01 -9.218879e+01
     vertex -2.297983e+01 -2.500000e+01 -9.732381e+01
     vertex -1.701237e+01 -2.500000e+01 -9.854227e+01
   endloop
 endfacet
 facet normal -8.038291e-16 -1.000000e+00 -1.274957e-15
   outer loop
     vertex -5.178074e+01 -2.500000e+01 -1.068492e+02
     vertex -3.890609e+01 -2.500000e+01 -1.121798e+02
     vertex -4.336863e+01 -2.500000e+01 -1.037932e+02
   endloop
 endfacet
 facet normal  3.275732e-16 -1.000000e+00  1.457638e-15
   outer loop
     vertex -5.178074e+01 -2.500000e+01 -1.068492e+02
     vertex -4.991629e+01 -2.500000e+01 -1.145801e+02
     vertex -3.890609e+01 -2.500000e+01 -1.121798e+02
   endloop
 endfacet
 facet normal  0.000000e+00 -1.000000e+00  0.000000e+00
   outer loop
     vertex -5.178074e+01 -2.500000e+01 -1.068492e+02
     vertex -6.063470e+01 -2.500000e+01 -1.092871e+02
     vertex -5.484995e+01 -2.500000e+01 -1.123019e+02
   endloop
 endfacet
 facet normal -1.714629e-15 -1.000000e+00  9.651241e-16
   outer loop
     vertex -5.178074e+01 -2.500000e+01 -1.068492e+02
     vertex -5.484995e+01 -2.500000e+01 -1.123019e+02
     vertex -4.991629e+01 -2.500000e+01 -1.145801e+02
   endloop
 endfacet
 facet normal -5.525609e-16 -1.000000e+00  1.872957e-16
   outer loop
     vertex -3.500149e+01 -2.500000e+01 -1.003133e+02
     vertex -2.718884e+01 -2.500000e+01 -9.623288e+01
     vertex -3.299683e+01 -2.500000e+01 -9.439920e+01
   endloop
 endfacet
 facet normal  3.875503e-16 -1.000000e+00 -1.313639e-16
   outer loop
     vertex -3.500149e+01 -2.500000e+01 -1.003133e+02
     vertex -3.299683e+01 -2.500000e+01 -9.439920e+01
     vertex -4.107153e+01 -2.500000e+01 -9.117636e+01
   endloop
 endfacet
 facet normal  4.124047e-15 -1.000000e+00 -2.233251e-15
   outer loop
     vertex -1.350395e+01 -2.500000e+01 -8.014222e+01
     vertex -7.107934e+00 -2.500000e+01 -7.469428e+01
     vertex -1.034823e+01 -2.500000e+01 -7.431468e+01
   endloop
 endfacet
 facet normal  1.443989e-15 -1.000000e+00 -7.819482e-16
   outer loop
     vertex -1.350395e+01 -2.500000e+01 -8.014222e+01
     vertex -1.034823e+01 -2.500000e+01 -7.431468e+01
     vertex -1.485313e+01 -2.500000e+01 -7.354687e+01
   endloop
 endfacet
 facet normal  1.952739e-15 -1.000000e+00 -6.778755e-16
   outer loop
     vertex -1.350395e+01 -2.500000e+01 -8.014222e+01
     vertex -1.485313e+01 -2.500000e+01 -7.354687e+01
     vertex -2.066203e+01 -2.500000e+01 -8.503946e+01
   endloop
 endfacet
 facet normal -6.272851e-16 -1.000000e+00 -8.055565e-16
   outer loop
     vertex -4.734354e+01 -2.500000e+01 -9.511288e+01
     vertex -3.500149e+01 -2.500000e+01 -1.003133e+02
     vertex -4.107153e+01 -2.500000e+01 -9.117636e+01
   endloop
 endfacet
 facet normal  2.843875e-16 -1.000000e+00  1.358078e-15
   outer loop
     vertex -4.734354e+01 -2.500000e+01 -9.511288e+01
     vertex -4.336863e+01 -2.500000e+01 -1.037932e+02
     vertex -3.500149e+01 -2.500000e+01 -1.003133e+02
   endloop
 endfacet
 facet normal -1.468729e-15 -1.000000e+00  5.552890e-16
   outer loop
     vertex -4.734354e+01 -2.500000e+01 -9.511288e+01
     vertex -5.178074e+01 -2.500000e+01 -1.068492e+02
     vertex -4.336863e+01 -2.500000e+01 -1.037932e+02
   endloop
 endfacet
 facet normal  1.751039e-15 -1.000000e+00 -2.114176e-16
   outer loop
     vertex -4.734354e+01 -2.500000e+01 -9.511288e+01
     vertex -4.654594e+01 -2.500000e+01 -8.850691e+01
     vertex -5.034938e+01 -2.500000e+01 -8.639988e+01
   endloop
 endfacet
 facet normal -1.225767e-15 -1.000000e+00  1.479970e-16
   outer loop
     vertex -4.734354e+01 -2.500000e+01 -9.511288e+01
     vertex -4.107153e+01 -2.500000e+01 -9.117636e+01
     vertex -4.654594e+01 -2.500000e+01 -8.850691e+01
   endloop
 endfacet
 facet normal  4.961320e-16 -1.000000e+00 -6.683300e-16
   outer loop
     vertex -1.086601e+02 -2.500000e+01 -9.406755e+01
     vertex -1.115885e+02 -2.500000e+01 -8.029396e+01
     vertex -1.190754e+02 -2.500000e+01 -9.116763e+01
   endloop
 endfacet
 facet normal  6.315188e-16 -1.000000e+00 -1.820816e-16
   outer loop
     vertex -1.086601e+02 -2.500000e+01 -9.406755e+01
     vertex -1.190754e+02 -2.500000e+01 -9.116763e+01
     vertex -1.107067e+02 -2.500000e+01 -1.011657e+02
   endloop
 endfacet
 facet normal  3.257836e-16 -1.000000e+00 -9.393105e-17
   outer loop
     vertex -1.086601e+02 -2.500000e+01 -9.406755e+01
     vertex -1.107067e+02 -2.500000e+01 -1.011657e+02
     vertex -9.833284e+01 -2.500000e+01 -9.607166e+01
   endloop
 endfacet
 facet normal  7.351249e-16 -1.000000e+00 -7.377507e-16
   outer loop
     vertex -1.052567e+02 -2.500000e+01 -8.843154e+01
     vertex -9.637185e+01 -2.500000e+01 -7.957831e+01
     vertex -1.115885e+02 -2.500000e+01 -8.029396e+01
   endloop
 endfacet
 facet normal  2.718493e-16 -1.000000e+00 -2.728203e-16
   outer loop
     vertex -1.052567e+02 -2.500000e+01 -8.843154e+01
     vertex -9.022975e+01 -2.500000e+01 -8.648024e+01
     vertex -9.637185e+01 -2.500000e+01 -7.957831e+01
   endloop
 endfacet
 facet normal  2.655550e-16 -1.000000e+00 -2.243480e-16
   outer loop
     vertex -1.052567e+02 -2.500000e+01 -8.843154e+01
     vertex -9.833284e+01 -2.500000e+01 -9.607166e+01
     vertex -9.022975e+01 -2.500000e+01 -8.648024e+01
   endloop
 endfacet
 facet normal  3.079267e-16 -1.000000e+00 -1.859486e-16
   outer loop
     vertex -1.052567e+02 -2.500000e+01 -8.843154e+01
     vertex -1.086601e+02 -2.500000e+01 -9.406755e+01
     vertex -9.833284e+01 -2.500000e+01 -9.607166e+01
   endloop
 endfacet
 facet normal  9.477417e-16 -1.000000e+00 -5.723155e-16
   outer loop
     vertex -1.052567e+02 -2.500000e+01 -8.843154e+01
     vertex -1.115885e+02 -2.500000e+01 -8.029396e+01
     vertex -1.086601e+02 -2.500000e+01 -9.406755e+01
   endloop
 endfacet
 facet normal  2.130022e-15 -1.000000e+00 -1.905386e-16
   outer loop
     vertex -1.471564e+01 -2.500000e+01 -6.720089e+01
     vertex -1.034823e+01 -2.500000e+01 -7.431468e+01
     vertex -9.235151e+00 -2.500000e+01 -6.187164e+01
   endloop
 endfacet
 facet normal -7.235119e-16 -1.000000e+00 -5.441620e-16
   outer loop
     vertex -1.471564e+01 -2.500000e+01 -6.720089e+01
     vertex -2.087470e+01 -2.500000e+01 -7.206944e+01
     vertex -1.485313e+01 -2.500000e+01 -7.354687e+01
   endloop
 endfacet
 facet normal -1.544969e-15 -1.000000e+00  4.950378e-16
   outer loop
     vertex -1.471564e+01 -2.500000e+01 -6.720089e+01
     vertex -1.916270e+01 -2.500000e+01 -5.954980e+01
     vertex -2.087470e+01 -2.500000e+01 -7.206944e+01
   endloop
 endfacet
 facet normal  3.770540e-16 -1.000000e+00  1.612178e-15
   outer loop
     vertex -1.471564e+01 -2.500000e+01 -6.720089e+01
     vertex -9.235151e+00 -2.500000e+01 -6.187164e+01
     vertex -1.916270e+01 -2.500000e+01 -5.954980e+01
   endloop
 endfacet
 facet normal  1.476394e-15 -1.000000e+00 -5.918244e-16
   outer loop
     vertex -1.471564e+01 -2.500000e+01 -6.720089e+01
     vertex -1.485313e+01 -2.500000e+01 -7.354687e+01
     vertex -1.034823e+01 -2.500000e+01 -7.431468e+01
   endloop
 endfacet
 facet normal  8.742765e-16 -1.000000e+00  3.097125e-17
   outer loop
     vertex -5.061434e+01 -2.500000e+01 -7.892046e+01
     vertex -5.034938e+01 -2.500000e+01 -8.639988e+01
     vertex -4.257431e+01 -2.500000e+01 -7.645951e+01
   endloop
 endfacet
 facet normal -1.104302e-15 -1.000000e+00  1.272374e-15
   outer loop
     vertex -5.061434e+01 -2.500000e+01 -7.892046e+01
     vertex -5.907895e+01 -2.500000e+01 -8.068257e+01
     vertex -5.551581e+01 -2.500000e+01 -8.317448e+01
   endloop
 endfacet
 facet normal  0.000000e+00 -1.000000e+00 -0.000000e+00
   outer loop
     vertex -5.061434e+01 -2.500000e+01 -7.892046e+01
     vertex -5.551581e+01 -2.500000e+01 -8.317448e+01
     vertex -5.034938e+01 -2.500000e+01 -8.639988e+01
   endloop
 endfacet
 facet normal -4.657419e-16 -1.000000e+00 -3.299048e-16
   outer loop
     vertex -9.607630e+01 -2.500000e+01 -6.976629e+01
     vertex -1.035337e+02 -2.500000e+01 -7.000721e+01
     vertex -1.003926e+02 -2.500000e+01 -7.444163e+01
   endloop
 endfacet
 facet normal  3.654157e-16 -1.000000e+00 -1.097240e-15
   outer loop
     vertex -9.607630e+01 -2.500000e+01 -6.976629e+01
     vertex -1.003926e+02 -2.500000e+01 -7.444163e+01
     vertex -9.637185e+01 -2.500000e+01 -7.957831e+01
   endloop
 endfacet
 facet normal -5.159151e-16 -1.000000e+00  1.223155e-15
   outer loop
     vertex -9.607630e+01 -2.500000e+01 -6.976629e+01
     vertex -1.064791e+02 -2.500000e+01 -6.544042e+01
     vertex -1.035337e+02 -2.500000e+01 -7.000721e+01
   endloop
 endfacet
 facet normal -8.025209e-16 -1.000000e+00 -5.911276e-16
   outer loop
     vertex -4.425721e+01 -2.500000e+01 -6.816472e+01
     vertex -4.257431e+01 -2.500000e+01 -7.645951e+01
     vertex -3.792480e+01 -2.500000e+01 -6.474154e+01
   endloop
 endfacet
 facet normal  9.555167e-16 -1.000000e+00 -2.344445e-16
   outer loop
     vertex -4.425721e+01 -2.500000e+01 -6.816472e+01
     vertex -5.061434e+01 -2.500000e+01 -7.892046e+01
     vertex -4.257431e+01 -2.500000e+01 -7.645951e+01
   endloop
 endfacet
 facet normal -2.044944e-15 -1.000000e+00  2.530387e-16
   outer loop
     vertex -4.425721e+01 -2.500000e+01 -6.816472e+01
     vertex -4.179578e+01 -2.500000e+01 -6.231269e+01
     vertex -4.499006e+01 -2.500000e+01 -6.004708e+01
   endloop
 endfacet
 facet normal -1.027525e-15 -1.000000e+00 -1.749008e-16
   outer loop
     vertex -4.425721e+01 -2.500000e+01 -6.816472e+01
     vertex -3.792480e+01 -2.500000e+01 -6.474154e+01
     vertex -4.179578e+01 -2.500000e+01 -6.231269e+01
   endloop
 endfacet
 facet normal -1.137583e-15 -1.000000e+00 -1.073409e-16
   outer loop
     vertex -3.314547e+01 -2.500000e+01 -6.028175e+01
     vertex -3.245005e+01 -2.500000e+01 -6.765170e+01
     vertex -2.401390e+01 -2.500000e+01 -5.776435e+01
   endloop
 endfacet
 facet normal  9.395661e-16 -1.000000e+00 -5.032657e-16
   outer loop
     vertex -3.314547e+01 -2.500000e+01 -6.028175e+01
     vertex -3.307800e+01 -2.500000e+01 -5.309646e+01
     vertex -4.179578e+01 -2.500000e+01 -6.231269e+01
   endloop
 endfacet
 facet normal -1.033543e-15 -1.000000e+00 -4.847370e-16
   outer loop
     vertex -3.314547e+01 -2.500000e+01 -6.028175e+01
     vertex -2.401390e+01 -2.500000e+01 -5.776435e+01
     vertex -3.307800e+01 -2.500000e+01 -5.309646e+01
   endloop
 endfacet
 facet normal  2.049582e-15 -1.000000e+00  1.933959e-16
   outer loop
     vertex -3.314547e+01 -2.500000e+01 -6.028175e+01
     vertex -3.792480e+01 -2.500000e+01 -6.474154e+01
     vertex -3.245005e+01 -2.500000e+01 -6.765170e+01
   endloop
 endfacet
 facet normal  3.478323e-16 -1.000000e+00  2.017073e-15
   outer loop
     vertex -3.314547e+01 -2.500000e+01 -6.028175e+01
     vertex -4.179578e+01 -2.500000e+01 -6.231269e+01
     vertex -3.792480e+01 -2.500000e+01 -6.474154e+01
   endloop
 endfacet
 facet normal  3.893597e-16 -1.000000e+00  4.111578e-16
   outer loop
     vertex -6.673901e+01 -2.500000e+01 -6.584949e+01
     vertex -7.032226e+01 -2.500000e+01 -7.109698e+01
     vertex -6.716518e+01 -2.500000e+01 -7.408668e+01
   endloop
 endfacet
 facet normal  5.126520e-16 -1.000000e+00 -5.227237e-16
   outer loop
     vertex -6.673901e+01 -2.500000e+01 -6.584949e+01
     vertex -6.559470e+01 -2.500000e+01 -5.793068e+01
     vertex -7.452003e+01 -2.500000e+01 -6.668405e+01
   endloop
 endfacet
 facet normal  4.143163e-16 -1.000000e+00  3.941162e-16
   outer loop
     vertex -6.673901e+01 -2.500000e+01 -6.584949e+01
     vertex -7.452003e+01 -2.500000e+01 -6.668405e+01
     vertex -7.032226e+01 -2.500000e+01 -7.109698e+01
   endloop
 endfacet
 facet normal -1.066416e-16 -1.000000e+00  1.142593e-15
   outer loop
     vertex -1.035882e+02 -2.500000e+01 -5.803002e+01
     vertex -9.607630e+01 -2.500000e+01 -6.976629e+01
     vertex -9.494144e+01 -2.500000e+01 -6.033233e+01
   endloop
 endfacet
 facet normal -7.100084e-16 -1.000000e+00  7.564040e-16
   outer loop
     vertex -1.035882e+02 -2.500000e+01 -5.803002e+01
     vertex -1.064791e+02 -2.500000e+01 -6.544042e+01
     vertex -9.607630e+01 -2.500000e+01 -6.976629e+01
   endloop
 endfacet
 facet normal -2.850970e-16 -1.000000e+00  5.906417e-16
   outer loop
     vertex -1.035882e+02 -2.500000e+01 -5.803002e+01
     vertex -1.092231e+02 -2.500000e+01 -6.074994e+01
     vertex -1.064791e+02 -2.500000e+01 -6.544042e+01
   endloop
 endfacet
 facet normal  2.368692e-16 -1.000000e+00 -4.907270e-16
   outer loop
     vertex -1.035882e+02 -2.500000e+01 -5.803002e+01
     vertex -1.122440e+02 -2.500000e+01 -5.496840e+01
     vertex -1.092231e+02 -2.500000e+01 -6.074994e+01
   endloop
 endfacet
 facet normal  6.925703e-16 -1.000000e+00 -9.391146e-16
   outer loop
     vertex -8.608922e+01 -2.500000e+01 -6.226168e+01
     vertex -7.734836e+01 -2.500000e+01 -6.338163e+01
     vertex -8.106341e+01 -2.500000e+01 -5.855529e+01
   endloop
 endfacet
 facet normal -1.214425e-15 -1.000000e+00  1.646741e-15
   outer loop
     vertex -8.608922e+01 -2.500000e+01 -6.226168e+01
     vertex -8.106341e+01 -2.500000e+01 -5.855529e+01
     vertex -8.584303e+01 -2.500000e+01 -5.129302e+01
   endloop
 endfacet
 facet normal  3.686609e-16 -1.000000e+00 -7.335545e-16
   outer loop
     vertex -5.692343e+01 -2.500000e+01 -5.800737e+01
     vertex -5.100259e+01 -2.500000e+01 -5.503175e+01
     vertex -5.425819e+01 -2.500000e+01 -5.182476e+01
   endloop
 endfacet
 facet normal  4.030924e-16 -1.000000e+00 -7.483974e-16
   outer loop
     vertex -5.692343e+01 -2.500000e+01 -5.800737e+01
     vertex -5.425819e+01 -2.500000e+01 -5.182476e+01
     vertex -6.559470e+01 -2.500000e+01 -5.793068e+01
   endloop
 endfacet
 facet normal -5.264472e-16 -1.000000e+00  1.047515e-15
   outer loop
     vertex -5.692343e+01 -2.500000e+01 -5.800737e+01
     vertex -4.856214e+01 -2.500000e+01 -5.719682e+01
     vertex -5.100259e+01 -2.500000e+01 -5.503175e+01
   endloop
 endfacet
 facet normal  1.973952e-15 -1.000000e+00 -1.762133e-15
   outer loop
     vertex -9.323814e+01 -2.500000e+01 -5.093643e+01
     vertex -8.880640e+01 -2.500000e+01 -4.597196e+01
     vertex -9.072086e+01 -2.500000e+01 -4.206811e+01
   endloop
 endfacet
 facet normal  4.605875e-16 -1.000000e+00 -4.111632e-16
   outer loop
     vertex -9.323814e+01 -2.500000e+01 -5.093643e+01
     vertex -8.584303e+01 -2.500000e+01 -5.129302e+01
     vertex -8.880640e+01 -2.500000e+01 -4.597196e+01
   endloop
 endfacet
 facet normal -2.959120e-16 -1.000000e+00  4.317560e-16
   outer loop
     vertex -9.323814e+01 -2.500000e+01 -5.093643e+01
     vertex -1.035882e+02 -2.500000e+01 -5.803002e+01
     vertex -9.494144e+01 -2.500000e+01 -6.033233e+01
   endloop
 endfacet
 facet normal  5.579006e-16 -1.000000e+00  1.606961e-15
   outer loop
     vertex -9.323814e+01 -2.500000e+01 -5.093643e+01
     vertex -8.608922e+01 -2.500000e+01 -6.226168e+01
     vertex -8.584303e+01 -2.500000e+01 -5.129302e+01
   endloop
 endfacet
 facet normal -1.078968e-15 -1.000000e+00  5.737087e-16
   outer loop
     vertex -9.323814e+01 -2.500000e+01 -5.093643e+01
     vertex -9.494144e+01 -2.500000e+01 -6.033233e+01
     vertex -8.608922e+01 -2.500000e+01 -6.226168e+01
   endloop
 endfacet
 facet normal -8.102601e-17 -1.000000e+00  8.628872e-16
   outer loop
     vertex -1.429333e+02 -2.500000e+01 -1.502707e+01
     vertex -1.486710e+02 -2.500000e+01 -1.968309e+01
     vertex -1.356080e+02 -2.500000e+01 -2.257371e+01
   endloop
 endfacet
 facet normal -6.831996e-16 -1.000000e+00  2.882208e-16
   outer loop
     vertex -1.429333e+02 -2.500000e+01 -1.502707e+01
     vertex -1.374587e+02 -2.500000e+01 -2.050247e+00
     vertex -1.498187e+02 -2.500000e+01 -6.695647e+00
   endloop
 endfacet
 facet normal -4.362291e-17 -1.000000e+00  8.167947e-16
   outer loop
     vertex -1.429333e+02 -2.500000e+01 -1.502707e+01
     vertex -1.498187e+02 -2.500000e+01 -6.695647e+00
     vertex -1.486710e+02 -2.500000e+01 -1.968309e+01
   endloop
 endfacet
 facet normal -6.716287e-17 -1.000000e+00  3.792540e-16
   outer loop
     vertex -1.369185e+02 -2.500000e+01 -1.234670e+01
     vertex -1.234765e+02 -2.500000e+01 -1.933387e+01
     vertex -1.245674e+02 -2.500000e+01 -1.015942e+01
   endloop
 endfacet
 facet normal  2.972106e-16 -1.000000e+00  1.080240e-15
   outer loop
     vertex -1.369185e+02 -2.500000e+01 -1.234670e+01
     vertex -1.356080e+02 -2.500000e+01 -2.257371e+01
     vertex -1.234765e+02 -2.500000e+01 -1.933387e+01
   endloop
 endfacet
 facet normal  6.054172e-17 -1.000000e+00 -3.418658e-16
   outer loop
     vertex -1.369185e+02 -2.500000e+01 -1.234670e+01
     vertex -1.245674e+02 -2.500000e+01 -1.015942e+01
     vertex -1.374587e+02 -2.500000e+01 -2.050247e+00
   endloop
 endfacet
 facet normal  1.194274e-16 -1.000000e+00  1.057459e-15
   outer loop
     vertex -1.369185e+02 -2.500000e+01 -1.234670e+01
     vertex -1.429333e+02 -2.500000e+01 -1.502707e+01
     vertex -1.356080e+02 -2.500000e+01 -2.257371e+01
   endloop
 endfacet
 facet normal  7.274163e-16 -1.000000e+00 -3.068745e-16
   outer loop
     vertex -1.369185e+02 -2.500000e+01 -1.234670e+01
     vertex -1.374587e+02 -2.500000e+01 -2.050247e+00
     vertex -1.429333e+02 -2.500000e+01 -1.502707e+01
   endloop
 endfacet
 facet normal  6.348455e-16 -1.000000e+00 -4.633351e-16
   outer loop
     vertex -5.051601e+01 -2.500000e+01 -4.669735e+01
     vertex -5.425819e+01 -2.500000e+01 -5.182476e+01
     vertex -5.100259e+01 -2.500000e+01 -5.503175e+01
   endloop
 endfacet
 facet normal  4.741898e-16 -1.000000e+00 -3.460822e-16
   outer loop
     vertex -5.051601e+01 -2.500000e+01 -4.669735e+01
     vertex -5.835176e+01 -2.500000e+01 -4.716810e+01
     vertex -5.425819e+01 -2.500000e+01 -5.182476e+01
   endloop
 endfacet
 facet normal  5.461084e-16 -1.000000e+00 -4.581544e-16
   outer loop
     vertex -5.051601e+01 -2.500000e+01 -4.669735e+01
     vertex -5.100259e+01 -2.500000e+01 -5.503175e+01
     vertex -4.297319e+01 -2.500000e+01 -4.546090e+01
   endloop
 endfacet
 facet normal  5.286154e-16 -1.000000e+00 -1.252013e-15
   outer loop
     vertex -5.051601e+01 -2.500000e+01 -4.669735e+01
     vertex -4.978696e+01 -2.500000e+01 -3.787674e+01
     vertex -5.835176e+01 -2.500000e+01 -4.716810e+01
   endloop
 endfacet
 facet normal  6.782688e-16 -1.000000e+00 -1.264383e-15
   outer loop
     vertex -5.051601e+01 -2.500000e+01 -4.669735e+01
     vertex -4.297319e+01 -2.500000e+01 -4.546090e+01
     vertex -4.978696e+01 -2.500000e+01 -3.787674e+01
   endloop
 endfacet
 facet normal  1.293030e-16 -1.000000e+00 -1.213384e-15
   outer loop
     vertex -8.666067e+01 -2.500000e+01 -3.577957e+01
     vertex -9.311359e+01 -2.500000e+01 -3.646722e+01
     vertex -9.072086e+01 -2.500000e+01 -4.206811e+01
   endloop
 endfacet
 facet normal -8.925599e-17 -1.000000e+00  8.375811e-16
   outer loop
     vertex -8.666067e+01 -2.500000e+01 -3.577957e+01
     vertex -9.461079e+01 -2.500000e+01 -3.238513e+01
     vertex -9.311359e+01 -2.500000e+01 -3.646722e+01
   endloop
 endfacet
 facet normal  1.536227e-15 -1.000000e+00 -2.121760e-15
   outer loop
     vertex -8.666067e+01 -2.500000e+01 -3.577957e+01
     vertex -9.072086e+01 -2.500000e+01 -4.206811e+01
     vertex -7.865919e+01 -2.500000e+01 -3.835832e+01
   endloop
 endfacet
 facet normal -4.269126e-16 -1.000000e+00 -6.569737e-16
   outer loop
     vertex -1.187131e+02 -2.500000e+01 -2.276887e+00
     vertex -1.249682e+02 -2.500000e+01  1.787751e+00
     vertex -1.249277e+02 -2.500000e+01 -3.646217e+00
   endloop
 endfacet
 facet normal -5.647846e-16 -1.000000e+00 -3.125039e-17
   outer loop
     vertex -1.187131e+02 -2.500000e+01 -2.276887e+00
     vertex -1.249277e+02 -2.500000e+01 -3.646217e+00
     vertex -1.245674e+02 -2.500000e+01 -1.015942e+01
   endloop
 endfacet
 facet normal -1.246137e-15 -1.000000e+00 -1.917673e-15
   outer loop
     vertex -1.187131e+02 -2.500000e+01 -2.276887e+00
     vertex -1.247723e+02 -2.500000e+01  7.218332e+00
     vertex -1.249682e+02 -2.500000e+01  1.787751e+00
   endloop
 endfacet
 facet normal -9.934936e-16 -1.000000e+00  1.571036e-15
   outer loop
     vertex -7.529517e+01 -2.500000e+01 -3.059032e+01
     vertex -6.992914e+01 -2.500000e+01 -2.719695e+01
     vertex -7.125290e+01 -2.500000e+01 -2.351130e+01
   endloop
 endfacet
 facet normal  2.256096e-16 -1.000000e+00 -2.384467e-15
   outer loop
     vertex -7.529517e+01 -2.500000e+01 -3.059032e+01
     vertex -7.865919e+01 -2.500000e+01 -3.835832e+01
     vertex -6.814375e+01 -2.500000e+01 -3.140362e+01
   endloop
 endfacet
 facet normal  4.210619e-16 -1.000000e+00 -6.658358e-16
   outer loop
     vertex -7.529517e+01 -2.500000e+01 -3.059032e+01
     vertex -6.814375e+01 -2.500000e+01 -3.140362e+01
     vertex -6.992914e+01 -2.500000e+01 -2.719695e+01
   endloop
 endfacet
 facet normal  1.301412e-15 -1.000000e+00 -2.850356e-15
   outer loop
     vertex -7.529517e+01 -2.500000e+01 -3.059032e+01
     vertex -8.666067e+01 -2.500000e+01 -3.577957e+01
     vertex -7.865919e+01 -2.500000e+01 -3.835832e+01
   endloop
 endfacet
 facet normal  5.899106e-16 -1.000000e+00 -2.846368e-15
   outer loop
     vertex -6.167310e+01 -2.500000e+01 -3.047851e+01
     vertex -5.750754e+01 -2.500000e+01 -2.462257e+01
     vertex -6.992914e+01 -2.500000e+01 -2.719695e+01
   endloop
 endfacet
 facet normal  1.877844e-15 -1.000000e+00 -1.613563e-15
   outer loop
     vertex -6.167310e+01 -2.500000e+01 -3.047851e+01
     vertex -6.814375e+01 -2.500000e+01 -3.140362e+01
     vertex -6.531832e+01 -2.500000e+01 -3.692255e+01
   endloop
 endfacet
 facet normal  1.666759e-15 -1.000000e+00 -1.371386e-16
   outer loop
     vertex -6.167310e+01 -2.500000e+01 -3.047851e+01
     vertex -6.992914e+01 -2.500000e+01 -2.719695e+01
     vertex -6.814375e+01 -2.500000e+01 -3.140362e+01
   endloop
 endfacet
 facet normal  1.690504e-16 -1.000000e+00 -6.469448e-16
   outer loop
     vertex -6.167310e+01 -2.500000e+01 -3.047851e+01
     vertex -6.531832e+01 -2.500000e+01 -3.692255e+01
     vertex -5.274419e+01 -2.500000e+01 -3.363686e+01
   endloop
 endfacet
 facet normal -3.679257e-16 -1.000000e+00 -2.165021e-15
   outer loop
     vertex -6.167310e+01 -2.500000e+01 -3.047851e+01
     vertex -5.274419e+01 -2.500000e+01 -3.363686e+01
     vertex -5.750754e+01 -2.500000e+01 -2.462257e+01
   endloop
 endfacet
 facet normal  1.109103e-15 -1.000000e+00  2.290558e-16
   outer loop
     vertex -9.240951e+01 -2.500000e+01 -1.583462e+01
     vertex -9.834989e+01 -2.500000e+01 -1.809139e+01
     vertex -9.747049e+01 -2.500000e+01 -2.234951e+01
   endloop
 endfacet
 facet normal  2.204550e-16 -1.000000e+00  4.017359e-16
   outer loop
     vertex -9.240951e+01 -2.500000e+01 -1.583462e+01
     vertex -8.694130e+01 -2.500000e+01 -9.991922e+00
     vertex -9.926883e+01 -2.500000e+01 -1.207053e+01
   endloop
 endfacet
 facet normal  7.068032e-16 -1.000000e+00  1.288010e-15
   outer loop
     vertex -9.240951e+01 -2.500000e+01 -1.583462e+01
     vertex -9.926883e+01 -2.500000e+01 -1.207053e+01
     vertex -9.834989e+01 -2.500000e+01 -1.809139e+01
   endloop
 endfacet
 facet normal -1.036415e-16 -1.000000e+00 -6.475941e-16
   outer loop
     vertex -1.181624e+02 -2.500000e+01  1.164649e+01
     vertex -1.243406e+02 -2.500000e+01  1.263526e+01
     vertex -1.247723e+02 -2.500000e+01  7.218332e+00
   endloop
 endfacet
 facet normal  4.305515e-16 -1.000000e+00  2.690262e-15
   outer loop
     vertex -1.181624e+02 -2.500000e+01  1.164649e+01
     vertex -1.235120e+02 -2.500000e+01  1.910556e+01
     vertex -1.243406e+02 -2.500000e+01  1.263526e+01
   endloop
 endfacet
 facet normal -5.655763e-16 -1.000000e+00 -9.982760e-16
   outer loop
     vertex -1.181624e+02 -2.500000e+01  1.164649e+01
     vertex -1.187131e+02 -2.500000e+01 -2.276887e+00
     vertex -1.123863e+02 -2.500000e+01  4.815180e+00
   endloop
 endfacet
 facet normal  1.502580e-16 -1.000000e+00 -1.026590e-15
   outer loop
     vertex -1.181624e+02 -2.500000e+01  1.164649e+01
     vertex -1.247723e+02 -2.500000e+01  7.218332e+00
     vertex -1.187131e+02 -2.500000e+01 -2.276887e+00
   endloop
 endfacet
 facet normal  4.401689e-17 -1.000000e+00 -1.636362e-15
   outer loop
     vertex -1.062287e+02 -2.500000e+01 -1.828036e+00
     vertex -9.998621e+01 -2.500000e+01 -1.660119e+00
     vertex -9.975254e+01 -2.500000e+01  7.030589e+00
   endloop
 endfacet
 facet normal  1.568818e-17 -1.000000e+00 -5.832200e-16
   outer loop
     vertex -1.062287e+02 -2.500000e+01 -1.828036e+00
     vertex -9.969970e+01 -2.500000e+01 -7.743962e+00
     vertex -9.998621e+01 -2.500000e+01 -1.660119e+00
   endloop
 endfacet
 facet normal -3.970168e-17 -1.000000e+00  2.066668e-15
   outer loop
     vertex -7.987323e+01 -2.500000e+01 -1.501330e+01
     vertex -7.415056e+01 -2.500000e+01 -1.146526e+01
     vertex -8.694130e+01 -2.500000e+01 -9.991922e+00
   endloop
 endfacet
 facet normal  0.000000e+00 -1.000000e+00  0.000000e+00
   outer loop
     vertex -7.987323e+01 -2.500000e+01 -1.501330e+01
     vertex -7.255206e+01 -2.500000e+01 -1.912999e+01
     vertex -7.331505e+01 -2.500000e+01 -1.595810e+01
   endloop
 endfacet
 facet normal  2.341098e-16 -1.000000e+00  1.625035e-15
   outer loop
     vertex -7.987323e+01 -2.500000e+01 -1.501330e+01
     vertex -7.331505e+01 -2.500000e+01 -1.595810e+01
     vertex -7.415056e+01 -2.500000e+01 -1.146526e+01
   endloop
 endfacet
 facet normal  6.958652e-16 -1.000000e+00  1.688472e-15
   outer loop
     vertex -1.056146e+02 -2.500000e+01  1.155062e+01
     vertex -9.975254e+01 -2.500000e+01  7.030589e+00
     vertex -9.913951e+01 -2.500000e+01  1.309024e+01
   endloop
 endfacet
 facet normal  2.809772e-16 -1.000000e+00 -2.824877e-16
   outer loop
     vertex -1.056146e+02 -2.500000e+01  1.155062e+01
     vertex -1.181624e+02 -2.500000e+01  1.164649e+01
     vertex -1.123863e+02 -2.500000e+01  4.815180e+00
   endloop
 endfacet
 facet normal  7.309791e-16 -1.000000e+00  1.540794e-15
   outer loop
     vertex -1.056146e+02 -2.500000e+01  1.155062e+01
     vertex -9.913951e+01 -2.500000e+01  1.309024e+01
     vertex -9.847679e+01 -2.500000e+01  1.738738e+01
   endloop
 endfacet
 facet normal -1.178605e-15 -1.000000e+00 -7.425601e-16
   outer loop
     vertex -1.056146e+02 -2.500000e+01  1.155062e+01
     vertex -1.062287e+02 -2.500000e+01 -1.828036e+00
     vertex -9.975254e+01 -2.500000e+01  7.030589e+00
   endloop
 endfacet
 facet normal  8.302953e-16 -1.000000e+00 -8.347589e-16
   outer loop
     vertex -1.056146e+02 -2.500000e+01  1.155062e+01
     vertex -1.123863e+02 -2.500000e+01  4.815180e+00
     vertex -1.062287e+02 -2.500000e+01 -1.828036e+00
   endloop
 endfacet
 facet normal -1.354212e-15 -1.000000e+00 -1.248327e-15
   outer loop
     vertex -1.258480e+02 -2.500000e+01  6.941180e+01
     vertex -1.332192e+02 -2.500000e+01  6.887027e+01
     vertex -1.241530e+02 -2.500000e+01  5.903506e+01
   endloop
 endfacet
 facet normal -1.437234e-15 -1.000000e+00 -1.182464e-16
   outer loop
     vertex -1.258480e+02 -2.500000e+01  6.941180e+01
     vertex -1.267341e+02 -2.500000e+01  8.018078e+01
     vertex -1.332192e+02 -2.500000e+01  6.887027e+01
   endloop
 endfacet
 facet normal  5.669674e-16 -1.000000e+00  4.664644e-17
   outer loop
     vertex -1.258480e+02 -2.500000e+01  6.941180e+01
     vertex -1.139342e+02 -2.500000e+01  7.692923e+01
     vertex -1.267341e+02 -2.500000e+01  8.018078e+01
   endloop
 endfacet
 facet normal -2.826191e-16 -1.000000e+00  1.393097e-15
   outer loop
     vertex -1.193794e+02 -2.500000e+01  6.817388e+01
     vertex -1.139342e+02 -2.500000e+01  7.692923e+01
     vertex -1.258480e+02 -2.500000e+01  6.941180e+01
   endloop
 endfacet
 facet normal  6.794530e-16 -1.000000e+00  7.947608e-16
   outer loop
     vertex -1.193794e+02 -2.500000e+01  6.817388e+01
     vertex -1.079934e+02 -2.500000e+01  6.291001e+01
     vertex -1.139342e+02 -2.500000e+01  7.692923e+01
   endloop
 endfacet
 facet normal -7.302164e-17 -1.000000e+00 -8.328728e-16
   outer loop
     vertex -1.193794e+02 -2.500000e+01  6.817388e+01
     vertex -1.123456e+02 -2.500000e+01  5.476036e+01
     vertex -1.079934e+02 -2.500000e+01  6.291001e+01
   endloop
 endfacet
 facet normal -7.264717e-16 -1.000000e+00 -1.175526e-15
   outer loop
     vertex -1.193794e+02 -2.500000e+01  6.817388e+01
     vertex -1.241530e+02 -2.500000e+01  5.903506e+01
     vertex -1.123456e+02 -2.500000e+01  5.476036e+01
   endloop
 endfacet
 facet normal -7.698426e-16 -1.000000e+00 -1.152871e-15
   outer loop
     vertex -1.193794e+02 -2.500000e+01  6.817388e+01
     vertex -1.258480e+02 -2.500000e+01  6.941180e+01
     vertex -1.241530e+02 -2.500000e+01  5.903506e+01
   endloop
 endfacet
 facet normal -3.522585e-16 -1.000000e+00  2.915814e-16
   outer loop
     vertex -6.814813e+01 -2.500000e+01 -9.399077e+00
     vertex -6.250384e+01 -2.500000e+01 -2.580235e+00
     vertex -7.484400e+01 -2.500000e+01 -5.304044e+00
   endloop
 endfacet
 facet normal -7.382347e-16 -1.000000e+00  6.110725e-16
   outer loop
     vertex -6.814813e+01 -2.500000e+01 -9.399077e+00
     vertex -6.125461e+01 -2.500000e+01 -1.269884e+01
     vertex -6.250384e+01 -2.500000e+01 -2.580235e+00
   endloop
 endfacet
 facet normal -1.910855e-16 -1.000000e+00  5.551187e-16
   outer loop
     vertex -6.814813e+01 -2.500000e+01 -9.399077e+00
     vertex -7.484400e+01 -2.500000e+01 -5.304044e+00
     vertex -7.415056e+01 -2.500000e+01 -1.146526e+01
   endloop
 endfacet
 facet normal -5.116390e-16 -1.000000e+00  1.486353e-15
   outer loop
     vertex -6.814813e+01 -2.500000e+01 -9.399077e+00
     vertex -7.415056e+01 -2.500000e+01 -1.146526e+01
     vertex -7.331505e+01 -2.500000e+01 -1.595810e+01
   endloop
 endfacet
 facet normal -3.719373e-16 -1.000000e+00  1.376302e-15
   outer loop
     vertex -6.814813e+01 -2.500000e+01 -9.399077e+00
     vertex -7.331505e+01 -2.500000e+01 -1.595810e+01
     vertex -6.125461e+01 -2.500000e+01 -1.269884e+01
   endloop
 endfacet
 facet normal  2.128412e-16 -1.000000e+00 -3.023378e-15
   outer loop
     vertex -9.154883e+01 -2.500000e+01  2.022526e+01
     vertex -9.723563e+01 -2.500000e+01  2.335016e+01
     vertex -9.847679e+01 -2.500000e+01  1.738738e+01
   endloop
 endfacet
 facet normal  1.637332e-15 -1.000000e+00 -4.310412e-16
   outer loop
     vertex -9.154883e+01 -2.500000e+01  2.022526e+01
     vertex -9.612872e+01 -2.500000e+01  2.755482e+01
     vertex -9.723563e+01 -2.500000e+01  2.335016e+01
   endloop
 endfacet
 facet normal -4.502778e-16 -1.000000e+00 -1.404541e-15
   outer loop
     vertex -9.154883e+01 -2.500000e+01  2.022526e+01
     vertex -9.847679e+01 -2.500000e+01  1.738738e+01
     vertex -8.646056e+01 -2.500000e+01  1.353513e+01
   endloop
 endfacet
 facet normal  4.211931e-16 -1.000000e+00  1.020202e-15
   outer loop
     vertex -9.868131e+01 -2.500000e+01  6.603022e+01
     vertex -1.045639e+02 -2.500000e+01  6.845888e+01
     vertex -1.079934e+02 -2.500000e+01  6.291001e+01
   endloop
 endfacet
 facet normal  1.815091e-16 -1.000000e+00 -9.546318e-16
   outer loop
     vertex -9.868131e+01 -2.500000e+01  6.603022e+01
     vertex -9.822281e+01 -2.500000e+01  7.728206e+01
     vertex -1.014893e+02 -2.500000e+01  7.293942e+01
   endloop
 endfacet
 facet normal -5.101807e-16 -1.000000e+00 -1.235745e-15
   outer loop
     vertex -9.868131e+01 -2.500000e+01  6.603022e+01
     vertex -1.014893e+02 -2.500000e+01  7.293942e+01
     vertex -1.045639e+02 -2.500000e+01  6.845888e+01
   endloop
 endfacet
 facet normal -1.231546e-15 -1.000000e+00 -1.998746e-15
   outer loop
     vertex -7.925720e+01 -2.500000e+01  1.798406e+01
     vertex -9.154883e+01 -2.500000e+01  2.022526e+01
     vertex -8.646056e+01 -2.500000e+01  1.353513e+01
   endloop
 endfacet
 facet normal -7.668393e-16 -1.000000e+00 -4.605371e-15
   outer loop
     vertex -7.925720e+01 -2.500000e+01  1.798406e+01
     vertex -7.385653e+01 -2.500000e+01  1.322766e+01
     vertex -7.291428e+01 -2.500000e+01  1.769933e+01
   endloop
 endfacet
 facet normal -4.700227e-16 -1.000000e+00  2.006809e-15
   outer loop
     vertex -7.925720e+01 -2.500000e+01  1.798406e+01
     vertex -7.291428e+01 -2.500000e+01  1.769933e+01
     vertex -7.189149e+01 -2.500000e+01  2.147955e+01
   endloop
 endfacet
 facet normal -9.370072e-17 -1.000000e+00 -3.841055e-15
   outer loop
     vertex -7.925720e+01 -2.500000e+01  1.798406e+01
     vertex -8.646056e+01 -2.500000e+01  1.353513e+01
     vertex -7.385653e+01 -2.500000e+01  1.322766e+01
   endloop
 endfacet
 facet normal  9.917763e-16 -1.000000e+00  3.480127e-15
   outer loop
     vertex -6.801988e+01 -2.500000e+01  1.028628e+01
     vertex -7.469648e+01 -2.500000e+01  7.084712e+00
     vertex -6.250348e+01 -2.500000e+01  2.589058e+00
   endloop
 endfacet
 facet normal -2.042193e-15 -1.000000e+00  1.305760e-15
   outer loop
     vertex -6.801988e+01 -2.500000e+01  1.028628e+01
     vertex -6.250348e+01 -2.500000e+01  2.589058e+00
     vertex -6.125281e+01 -2.500000e+01  1.270748e+01
   endloop
 endfacet
 facet normal -1.621434e-15 -1.000000e+00 -4.425295e-15
   outer loop
     vertex -6.801988e+01 -2.500000e+01  1.028628e+01
     vertex -7.291428e+01 -2.500000e+01  1.769933e+01
     vertex -7.385653e+01 -2.500000e+01  1.322766e+01
   endloop
 endfacet
 facet normal -3.030969e-16 -1.000000e+00 -3.554874e-15
   outer loop
     vertex -6.801988e+01 -2.500000e+01  1.028628e+01
     vertex -6.125281e+01 -2.500000e+01  1.270748e+01
     vertex -7.291428e+01 -2.500000e+01  1.769933e+01
   endloop
 endfacet
 facet normal  1.660113e-15 -1.000000e+00  2.086367e-15
   outer loop
     vertex -6.801988e+01 -2.500000e+01  1.028628e+01
     vertex -7.385653e+01 -2.500000e+01  1.322766e+01
     vertex -7.469648e+01 -2.500000e+01  7.084712e+00
   endloop
 endfacet
 facet normal -6.258462e-16 -1.000000e+00 -1.323979e-15
   outer loop
     vertex -8.485510e+01 -2.500000e+01  3.987311e+01
     vertex -7.702669e+01 -2.500000e+01  4.153934e+01
     vertex -8.832931e+01 -2.500000e+01  4.688209e+01
   endloop
 endfacet
 facet normal -5.203733e-16 -1.000000e+00  2.232663e-16
   outer loop
     vertex -8.485510e+01 -2.500000e+01  3.987311e+01
     vertex -9.101956e+01 -2.500000e+01  4.141787e+01
     vertex -9.273390e+01 -2.500000e+01  3.742221e+01
   endloop
 endfacet
 facet normal -9.481307e-16 -1.000000e+00 -1.483729e-15
   outer loop
     vertex -8.485510e+01 -2.500000e+01  3.987311e+01
     vertex -8.832931e+01 -2.500000e+01  4.688209e+01
     vertex -9.101956e+01 -2.500000e+01  4.141787e+01
   endloop
 endfacet
 facet normal  1.134523e-15 -1.000000e+00  1.176883e-15
   outer loop
     vertex -9.026620e+01 -2.500000e+01  7.713629e+01
     vertex -9.039042e+01 -2.500000e+01  8.631228e+01
     vertex -9.477066e+01 -2.500000e+01  8.147861e+01
   endloop
 endfacet
 facet normal -1.127420e-15 -1.000000e+00 -1.054179e-16
   outer loop
     vertex -9.026620e+01 -2.500000e+01  7.713629e+01
     vertex -9.868131e+01 -2.500000e+01  6.603022e+01
     vertex -8.943355e+01 -2.500000e+01  6.823128e+01
   endloop
 endfacet
 facet normal -1.734105e-17 -1.000000e+00 -9.465289e-16
   outer loop
     vertex -9.026620e+01 -2.500000e+01  7.713629e+01
     vertex -9.822281e+01 -2.500000e+01  7.728206e+01
     vertex -9.868131e+01 -2.500000e+01  6.603022e+01
   endloop
 endfacet
 facet normal  0.000000e+00 -1.000000e+00  0.000000e+00
   outer loop
     vertex -9.026620e+01 -2.500000e+01  7.713629e+01
     vertex -9.477066e+01 -2.500000e+01  8.147861e+01
     vertex -9.822281e+01 -2.500000e+01  7.728206e+01
   endloop
 endfacet
 facet normal  0.000000e+00 -1.000000e+00  0.000000e+00
   outer loop
     vertex -8.818081e+01 -2.500000e+01  5.926226e+01
     vertex -8.620793e+01 -2.500000e+01  5.067734e+01
     vertex -8.296291e+01 -2.500000e+01  5.583148e+01
   endloop
 endfacet
 facet normal -8.993604e-16 -1.000000e+00 -1.367841e-15
   outer loop
     vertex -8.818081e+01 -2.500000e+01  5.926226e+01
     vertex -8.296291e+01 -2.500000e+01  5.583148e+01
     vertex -7.780016e+01 -2.500000e+01  6.282621e+01
   endloop
 endfacet
 facet normal -1.149181e-15 -1.000000e+00 -1.718162e-15
   outer loop
     vertex -7.410098e+01 -2.500000e+01  3.337927e+01
     vertex -6.737669e+01 -2.500000e+01  3.301726e+01
     vertex -7.702669e+01 -2.500000e+01  4.153934e+01
   endloop
 endfacet
 facet normal  8.005595e-16 -1.000000e+00  8.561591e-16
   outer loop
     vertex -7.410098e+01 -2.500000e+01  3.337927e+01
     vertex -7.045053e+01 -2.500000e+01  2.581629e+01
     vertex -6.926173e+01 -2.500000e+01  2.885429e+01
   endloop
 endfacet
 facet normal -1.121236e-15 -1.000000e+00 -1.199107e-15
   outer loop
     vertex -7.410098e+01 -2.500000e+01  3.337927e+01
     vertex -6.926173e+01 -2.500000e+01  2.885429e+01
     vertex -6.737669e+01 -2.500000e+01  3.301726e+01
   endloop
 endfacet
 facet normal  3.714909e-16 -1.000000e+00  3.473576e-17
   outer loop
     vertex -8.002478e+01 -2.500000e+01  6.988495e+01
     vertex -9.026620e+01 -2.500000e+01  7.713629e+01
     vertex -8.943355e+01 -2.500000e+01  6.823128e+01
   endloop
 endfacet
 facet normal -1.547167e-15 -1.000000e+00  5.190132e-16
   outer loop
     vertex -8.002478e+01 -2.500000e+01  6.988495e+01
     vertex -8.818081e+01 -2.500000e+01  5.926226e+01
     vertex -7.780016e+01 -2.500000e+01  6.282621e+01
   endloop
 endfacet
 facet normal  5.724031e-16 -1.000000e+00 -1.108379e-15
   outer loop
     vertex -8.002478e+01 -2.500000e+01  6.988495e+01
     vertex -8.943355e+01 -2.500000e+01  6.823128e+01
     vertex -8.818081e+01 -2.500000e+01  5.926226e+01
   endloop
 endfacet
 facet normal  1.762323e-15 -1.000000e+00  1.562024e-15
   outer loop
     vertex -8.002478e+01 -2.500000e+01  6.988495e+01
     vertex -7.780016e+01 -2.500000e+01  6.282621e+01
     vertex -7.383115e+01 -2.500000e+01  6.744597e+01
   endloop
 endfacet
 facet normal  1.873156e-16 -1.000000e+00 -2.437599e-15
   outer loop
     vertex -8.002478e+01 -2.500000e+01  6.988495e+01
     vertex -7.383115e+01 -2.500000e+01  6.744597e+01
     vertex -7.082961e+01 -2.500000e+01  7.059155e+01
   endloop
 endfacet
 facet normal  2.290481e-14 -1.000000e+00  1.845242e-14
   outer loop
     vertex -7.060139e+01 -2.500000e+01  9.546430e+01
     vertex -7.452304e+01 -2.500000e+01  1.003322e+02
     vertex -7.965637e+01 -2.500000e+01  9.630734e+01
   endloop
 endfacet
 facet normal -4.912878e-14 -1.000000e+00 -3.957880e-14
   outer loop
     vertex -7.060139e+01 -2.500000e+01  9.546430e+01
     vertex -6.959057e+01 -2.500000e+01  1.038142e+02
     vertex -7.452304e+01 -2.500000e+01  1.003322e+02
   endloop
 endfacet
 facet normal -7.229706e-16 -1.000000e+00 -2.012586e-15
   outer loop
     vertex -6.127075e+01 -2.500000e+01  3.127947e+01
     vertex -6.926173e+01 -2.500000e+01  2.885429e+01
     vertex -5.750408e+01 -2.500000e+01  2.463065e+01
   endloop
 endfacet
 facet normal  1.103864e-15 -1.000000e+00 -9.776548e-16
   outer loop
     vertex -6.127075e+01 -2.500000e+01  3.127947e+01
     vertex -5.750408e+01 -2.500000e+01  2.463065e+01
     vertex -5.273947e+01 -2.500000e+01  3.364426e+01
   endloop
 endfacet
 facet normal  4.983239e-16 -1.000000e+00  1.206915e-15
   outer loop
     vertex -6.127075e+01 -2.500000e+01  3.127947e+01
     vertex -5.273947e+01 -2.500000e+01  3.364426e+01
     vertex -6.442067e+01 -2.500000e+01  3.846731e+01
   endloop
 endfacet
 facet normal -9.457353e-16 -1.000000e+00 -1.278576e-15
   outer loop
     vertex -6.127075e+01 -2.500000e+01  3.127947e+01
     vertex -6.737669e+01 -2.500000e+01  3.301726e+01
     vertex -6.926173e+01 -2.500000e+01  2.885429e+01
   endloop
 endfacet
 facet normal -3.433232e-16 -1.000000e+00  8.380799e-16
   outer loop
     vertex -6.127075e+01 -2.500000e+01  3.127947e+01
     vertex -6.442067e+01 -2.500000e+01  3.846731e+01
     vertex -6.737669e+01 -2.500000e+01  3.301726e+01
   endloop
 endfacet
 facet normal -4.058078e-15 -1.000000e+00  1.492396e-14
   outer loop
     vertex -6.466088e+01 -2.500000e+01  8.430207e+01
     vertex -6.308782e+01 -2.500000e+01  7.758818e+01
     vertex -5.824742e+01 -2.500000e+01  8.128491e+01
   endloop
 endfacet
 facet normal  1.915454e-14 -1.000000e+00  2.036267e-14
   outer loop
     vertex -6.466088e+01 -2.500000e+01  8.430207e+01
     vertex -6.640078e+01 -2.500000e+01  7.477254e+01
     vertex -6.308782e+01 -2.500000e+01  7.758818e+01
   endloop
 endfacet
 facet normal  1.954274e-14 -1.000000e+00 -2.011716e-13
   outer loop
     vertex -5.843235e+01 -2.500000e+01  1.033618e+02
     vertex -6.475427e+01 -2.500000e+01  1.068977e+02
     vertex -6.959057e+01 -2.500000e+01  1.038142e+02
   endloop
 endfacet
 facet normal -5.388186e-14 -1.000000e+00  7.402838e-14
   outer loop
     vertex -5.843235e+01 -2.500000e+01  1.033618e+02
     vertex -7.060139e+01 -2.500000e+01  9.546430e+01
     vertex -6.190277e+01 -2.500000e+01  9.392506e+01
   endloop
 endfacet
 facet normal  2.572790e-14 -1.000000e+00 -4.864070e-14
   outer loop
     vertex -5.843235e+01 -2.500000e+01  1.033618e+02
     vertex -6.959057e+01 -2.500000e+01  1.038142e+02
     vertex -7.060139e+01 -2.500000e+01  9.546430e+01
   endloop
 endfacet
 facet normal  2.264635e-13 -1.000000e+00  1.687782e-13
   outer loop
     vertex -5.843235e+01 -2.500000e+01  1.033618e+02
     vertex -6.004657e+01 -2.500000e+01  1.096113e+02
     vertex -6.475427e+01 -2.500000e+01  1.068977e+02
   endloop
 endfacet
 facet normal -5.957273e-15 -1.000000e+00 -4.901340e-15
   outer loop
     vertex -6.352197e+01 -2.500000e+01  6.895802e+01
     vertex -7.082961e+01 -2.500000e+01  7.059155e+01
     vertex -6.317380e+01 -2.500000e+01  6.056154e+01
   endloop
 endfacet
 facet normal -5.620245e-15 -1.000000e+00 -3.393632e-15
   outer loop
     vertex -6.352197e+01 -2.500000e+01  6.895802e+01
     vertex -6.640078e+01 -2.500000e+01  7.477254e+01
     vertex -7.082961e+01 -2.500000e+01  7.059155e+01
   endloop
 endfacet
 facet normal  2.602770e-14 -1.000000e+00  1.227550e-14
   outer loop
     vertex -6.352197e+01 -2.500000e+01  6.895802e+01
     vertex -6.308782e+01 -2.500000e+01  7.758818e+01
     vertex -6.640078e+01 -2.500000e+01  7.477254e+01
   endloop
 endfacet
 facet normal  7.079435e-15 -1.000000e+00 -6.109954e-14
   outer loop
     vertex -5.331990e+01 -2.500000e+01  9.189592e+01
     vertex -6.190277e+01 -2.500000e+01  9.392506e+01
     vertex -6.466088e+01 -2.500000e+01  8.430207e+01
   endloop
 endfacet
 facet normal -2.046830e-14 -1.000000e+00 -1.995859e-14
   outer loop
     vertex -5.331990e+01 -2.500000e+01  9.189592e+01
     vertex -6.466088e+01 -2.500000e+01  8.430207e+01
     vertex -5.824742e+01 -2.500000e+01  8.128491e+01
   endloop
 endfacet
 facet normal -4.266597e-14 -1.000000e+00 -9.650481e-15
   outer loop
     vertex -5.331990e+01 -2.500000e+01  9.189592e+01
     vertex -5.824742e+01 -2.500000e+01  8.128491e+01
     vertex -5.055126e+01 -2.500000e+01  8.628192e+01
   endloop
 endfacet
 facet normal  4.307391e-13 -1.000000e+00  2.238170e-13
   outer loop
     vertex -5.331990e+01 -2.500000e+01  9.189592e+01
     vertex -5.055126e+01 -2.500000e+01  8.628192e+01
     vertex -4.520489e+01 -2.500000e+01  8.919931e+01
   endloop
 endfacet
 facet normal  7.789487e-15 -1.000000e+00  1.319300e-14
   outer loop
     vertex -5.491238e+01 -2.500000e+01  7.599265e+01
     vertex -6.308782e+01 -2.500000e+01  7.758818e+01
     vertex -6.352197e+01 -2.500000e+01  6.895802e+01
   endloop
 endfacet
 facet normal -1.039535e-13 -1.000000e+00  6.770188e-15
   outer loop
     vertex -5.491238e+01 -2.500000e+01  7.599265e+01
     vertex -4.716603e+01 -2.500000e+01  7.371560e+01
     vertex -5.055126e+01 -2.500000e+01  8.628192e+01
   endloop
 endfacet
 facet normal  5.647215e-15 -1.000000e+00  2.216117e-15
   outer loop
     vertex -5.491238e+01 -2.500000e+01  7.599265e+01
     vertex -5.824742e+01 -2.500000e+01  8.128491e+01
     vertex -6.308782e+01 -2.500000e+01  7.758818e+01
   endloop
 endfacet
 facet normal -3.410548e-14 -1.000000e+00 -2.283496e-14
   outer loop
     vertex -5.491238e+01 -2.500000e+01  7.599265e+01
     vertex -5.055126e+01 -2.500000e+01  8.628192e+01
     vertex -5.824742e+01 -2.500000e+01  8.128491e+01
   endloop
 endfacet
 facet normal -5.251220e-14 -1.000000e+00 -5.585070e-14
   outer loop
     vertex -5.556059e+01 -2.500000e+01  6.761398e+01
     vertex -4.301359e+01 -2.500000e+01  6.147835e+01
     vertex -4.716603e+01 -2.500000e+01  7.371560e+01
   endloop
 endfacet
 facet normal -1.022473e-13 -1.000000e+00  1.257448e-14
   outer loop
     vertex -5.556059e+01 -2.500000e+01  6.761398e+01
     vertex -4.716603e+01 -2.500000e+01  7.371560e+01
     vertex -5.491238e+01 -2.500000e+01  7.599265e+01
   endloop
 endfacet
 facet normal  1.575393e-14 -1.000000e+00  3.445419e-15
   outer loop
     vertex -5.556059e+01 -2.500000e+01  6.761398e+01
     vertex -5.491238e+01 -2.500000e+01  7.599265e+01
     vertex -6.352197e+01 -2.500000e+01  6.895802e+01
   endloop
 endfacet
 facet normal -6.053902e-14 -1.000000e+00 -7.226507e-14
   outer loop
     vertex -5.556059e+01 -2.500000e+01  6.761398e+01
     vertex -4.667650e+01 -2.500000e+01  5.874575e+01
     vertex -4.301359e+01 -2.500000e+01  6.147835e+01
   endloop
 endfacet
 facet normal  1.448795e-14 -1.000000e+00 -4.053547e-15
   outer loop
     vertex -5.556059e+01 -2.500000e+01  6.761398e+01
     vertex -6.352197e+01 -2.500000e+01  6.895802e+01
     vertex -6.317380e+01 -2.500000e+01  6.056154e+01
   endloop
 endfacet
 facet normal  3.162907e-14 -1.000000e+00  2.006793e-14
   outer loop
     vertex -5.471897e+01 -2.500000e+01  6.009130e+01
     vertex -4.667650e+01 -2.500000e+01  5.874575e+01
     vertex -5.556059e+01 -2.500000e+01  6.761398e+01
   endloop
 endfacet
 facet normal -5.341235e-15 -1.000000e+00 -5.373110e-15
   outer loop
     vertex -5.471897e+01 -2.500000e+01  6.009130e+01
     vertex -6.317380e+01 -2.500000e+01  6.056154e+01
     vertex -5.300899e+01 -2.500000e+01  5.310184e+01
   endloop
 endfacet
 facet normal  1.371066e-15 -1.000000e+00 -3.730935e-15
   outer loop
     vertex -5.471897e+01 -2.500000e+01  6.009130e+01
     vertex -5.300899e+01 -2.500000e+01  5.310184e+01
     vertex -4.967796e+01 -2.500000e+01  5.623041e+01
   endloop
 endfacet
 facet normal  3.499160e-14 -1.000000e+00  4.016613e-14
   outer loop
     vertex -5.471897e+01 -2.500000e+01  6.009130e+01
     vertex -4.967796e+01 -2.500000e+01  5.623041e+01
     vertex -4.667650e+01 -2.500000e+01  5.874575e+01
   endloop
 endfacet
 facet normal -4.148877e-15 -1.000000e+00  1.606518e-14
   outer loop
     vertex -5.471897e+01 -2.500000e+01  6.009130e+01
     vertex -5.556059e+01 -2.500000e+01  6.761398e+01
     vertex -6.317380e+01 -2.500000e+01  6.056154e+01
   endloop
 endfacet
 facet normal  1.227042e-16 -1.000000e+00  7.520584e-16
   outer loop
     vertex -4.990336e+01 -2.500000e+01  4.735151e+01
     vertex -5.721222e+01 -2.500000e+01  4.854401e+01
     vertex -4.978167e+01 -2.500000e+01  3.788368e+01
   endloop
 endfacet
 facet normal -5.626521e-15 -1.000000e+00 -1.857809e-15
   outer loop
     vertex -4.990336e+01 -2.500000e+01  4.735151e+01
     vertex -4.296685e+01 -2.500000e+01  4.546687e+01
     vertex -4.967796e+01 -2.500000e+01  5.623041e+01
   endloop
 endfacet
 facet normal -4.935088e-15 -1.000000e+00  6.870474e-16
   outer loop
     vertex -4.990336e+01 -2.500000e+01  4.735151e+01
     vertex -4.978167e+01 -2.500000e+01  3.788368e+01
     vertex -4.296685e+01 -2.500000e+01  4.546687e+01
   endloop
 endfacet
 facet normal -3.316330e-16 -1.000000e+00 -2.032590e-15
   outer loop
     vertex -4.990336e+01 -2.500000e+01  4.735151e+01
     vertex -5.300899e+01 -2.500000e+01  5.310184e+01
     vertex -5.721222e+01 -2.500000e+01  4.854401e+01
   endloop
 endfacet
 facet normal -2.602574e-16 -1.000000e+00 -1.994042e-15
   outer loop
     vertex -4.990336e+01 -2.500000e+01  4.735151e+01
     vertex -4.967796e+01 -2.500000e+01  5.623041e+01
     vertex -5.300899e+01 -2.500000e+01  5.310184e+01
   endloop
 endfacet
 facet normal -1.426576e-11 -1.000000e+00  2.936797e-12
   outer loop
     vertex -3.010757e+01 -2.500000e+01  1.148543e+02
     vertex -2.162734e+01 -2.500000e+01  1.103916e+02
     vertex -2.209046e+01 -2.500000e+01  1.230143e+02
   endloop
 endfacet
 facet normal  2.485875e-13 -1.000000e+00  4.323005e-12
   outer loop
     vertex -3.010757e+01 -2.500000e+01  1.148543e+02
     vertex -3.309215e+01 -2.500000e+01  1.205198e+02
     vertex -3.925620e+01 -2.500000e+01  1.186553e+02
   endloop
 endfacet
 facet normal -2.097364e-11 -1.000000e+00 -6.856917e-12
   outer loop
     vertex -3.010757e+01 -2.500000e+01  1.148543e+02
     vertex -2.779316e+01 -2.500000e+01  1.218530e+02
     vertex -3.309215e+01 -2.500000e+01  1.205198e+02
   endloop
 endfacet
 facet normal  4.163315e-12 -1.000000e+00 -1.516955e-11
   outer loop
     vertex -3.010757e+01 -2.500000e+01  1.148543e+02
     vertex -2.209046e+01 -2.500000e+01  1.230143e+02
     vertex -2.779316e+01 -2.500000e+01  1.218530e+02
   endloop
 endfacet
 facet normal  1.441559e-11 -1.000000e+00  1.755784e-12
   outer loop
     vertex -2.652859e+01 -2.500000e+01  1.028791e+02
     vertex -2.539443e+01 -2.500000e+01  9.672185e+01
     vertex -1.629059e+01 -2.500000e+01  9.866432e+01
   endloop
 endfacet
 facet normal -7.932089e-12 -1.000000e+00 -2.360603e-12
   outer loop
     vertex -2.652859e+01 -2.500000e+01  1.028791e+02
     vertex -3.065663e+01 -2.500000e+01  9.518499e+01
     vertex -2.539443e+01 -2.500000e+01  9.672185e+01
   endloop
 endfacet
 facet normal -6.254272e-13 -1.000000e+00  5.145346e-13
   outer loop
     vertex -3.451276e+01 -2.500000e+01  8.717282e+01
     vertex -3.520972e+01 -2.500000e+01  9.359632e+01
     vertex -4.084235e+01 -2.500000e+01  9.127924e+01
   endloop
 endfacet
 facet normal  7.690844e-12 -1.000000e+00  1.416857e-12
   outer loop
     vertex -3.451276e+01 -2.500000e+01  8.717282e+01
     vertex -3.065663e+01 -2.500000e+01  9.518499e+01
     vertex -3.520972e+01 -2.500000e+01  9.359632e+01
   endloop
 endfacet
 facet normal -1.394117e-12 -1.000000e+00 -6.703172e-13
   outer loop
     vertex -3.451276e+01 -2.500000e+01  8.717282e+01
     vertex -4.084235e+01 -2.500000e+01  9.127924e+01
     vertex -3.749655e+01 -2.500000e+01  7.907363e+01
   endloop
 endfacet
 facet normal -2.859303e-10 -1.000000e+00 -5.930898e-11
   outer loop
     vertex -8.820414e+00 -2.500000e+01  1.184078e+02
     vertex -2.498288e+00 -2.500000e+01  1.124697e+02
     vertex -4.853824e+00 -2.500000e+01  1.249000e+02
   endloop
 endfacet
 facet normal -1.815644e-10 -1.000000e+00 -1.230747e-10
   outer loop
     vertex -8.820414e+00 -2.500000e+01  1.184078e+02
     vertex -4.853824e+00 -2.500000e+01  1.249000e+02
     vertex -1.619274e+01 -2.500000e+01  1.239236e+02
   endloop
 endfacet
 facet normal -2.310043e-10 -1.000000e+00 -1.999814e-11
   outer loop
     vertex -1.188330e+01 -2.500000e+01  1.118583e+02
     vertex -8.704089e+00 -2.500000e+01  9.962047e+01
     vertex -2.498288e+00 -2.500000e+01  1.124697e+02
   endloop
 endfacet
 facet normal  6.077551e-11 -1.000000e+00  1.632025e-11
   outer loop
     vertex -1.188330e+01 -2.500000e+01  1.118583e+02
     vertex -1.619274e+01 -2.500000e+01  1.239236e+02
     vertex -2.162734e+01 -2.500000e+01  1.103916e+02
   endloop
 endfacet
 facet normal -1.276175e-10 -1.000000e+00 -5.096956e-11
   outer loop
     vertex -1.188330e+01 -2.500000e+01  1.118583e+02
     vertex -8.820414e+00 -2.500000e+01  1.184078e+02
     vertex -1.619274e+01 -2.500000e+01  1.239236e+02
   endloop
 endfacet
 facet normal -2.321718e-10 -1.000000e+00 -2.074540e-12
   outer loop
     vertex -1.188330e+01 -2.500000e+01  1.118583e+02
     vertex -2.498288e+00 -2.500000e+01  1.124697e+02
     vertex -8.820414e+00 -2.500000e+01  1.184078e+02
   endloop
 endfacet
 facet normal -2.207641e-11 -1.000000e+00  4.464757e-11
   outer loop
     vertex -1.483657e+01 -2.500000e+01  1.052027e+02
     vertex -1.629059e+01 -2.500000e+01  9.866432e+01
     vertex -8.704089e+00 -2.500000e+01  9.962047e+01
   endloop
 endfacet
 facet normal  4.268464e-11 -1.000000e+00 -4.263225e-11
   outer loop
     vertex -1.483657e+01 -2.500000e+01  1.052027e+02
     vertex -2.162734e+01 -2.500000e+01  1.103916e+02
     vertex -2.652859e+01 -2.500000e+01  1.028791e+02
   endloop
 endfacet
 facet normal  2.753181e-11 -1.000000e+00  3.361567e-11
   outer loop
     vertex -1.483657e+01 -2.500000e+01  1.052027e+02
     vertex -2.652859e+01 -2.500000e+01  1.028791e+02
     vertex -1.629059e+01 -2.500000e+01  9.866432e+01
   endloop
 endfacet
 facet normal  6.521169e-11 -1.000000e+00 -1.315081e-11
   outer loop
     vertex -1.483657e+01 -2.500000e+01  1.052027e+02
     vertex -1.188330e+01 -2.500000e+01  1.118583e+02
     vertex -2.162734e+01 -2.500000e+01  1.103916e+02
   endloop
 endfacet
 facet normal -3.443880e-11 -1.000000e+00  3.106662e-11
   outer loop
     vertex -1.483657e+01 -2.500000e+01  1.052027e+02
     vertex -8.704089e+00 -2.500000e+01  9.962047e+01
     vertex -1.188330e+01 -2.500000e+01  1.118583e+02
   endloop
 endfacet
 facet normal  2.225276e-12 -1.000000e+00  1.415680e-12
   outer loop
     vertex -2.887664e+01 -2.500000e+01  8.261242e+01
     vertex -3.049836e+01 -2.500000e+01  6.855340e+01
     vertex -2.626947e+01 -2.500000e+01  7.028296e+01
   endloop
 endfacet
 facet normal  1.232672e-12 -1.000000e+00  1.530178e-12
   outer loop
     vertex -2.887664e+01 -2.500000e+01  8.261242e+01
     vertex -3.749655e+01 -2.500000e+01  7.907363e+01
     vertex -3.049836e+01 -2.500000e+01  6.855340e+01
   endloop
 endfacet
 facet normal -8.622264e-12 -1.000000e+00  2.552248e-15
   outer loop
     vertex -2.887664e+01 -2.500000e+01  8.261242e+01
     vertex -2.539443e+01 -2.500000e+01  9.672185e+01
     vertex -3.065663e+01 -2.500000e+01  9.518499e+01
   endloop
 endfacet
 facet normal -1.563612e-11 -1.000000e+00  1.733570e-12
   outer loop
     vertex -2.887664e+01 -2.500000e+01  8.261242e+01
     vertex -1.992205e+01 -2.500000e+01  8.521451e+01
     vertex -2.539443e+01 -2.500000e+01  9.672185e+01
   endloop
 endfacet
 facet normal  2.765116e-12 -1.000000e+00 -2.202599e-12
   outer loop
     vertex -2.887664e+01 -2.500000e+01  8.261242e+01
     vertex -3.451276e+01 -2.500000e+01  8.717282e+01
     vertex -3.749655e+01 -2.500000e+01  7.907363e+01
   endloop
 endfacet
 facet normal  6.253493e-12 -1.000000e+00  2.108630e-12
   outer loop
     vertex -2.887664e+01 -2.500000e+01  8.261242e+01
     vertex -3.065663e+01 -2.500000e+01  9.518499e+01
     vertex -3.451276e+01 -2.500000e+01  8.717282e+01
   endloop
 endfacet
 facet normal -8.886610e-13 -1.000000e+00  1.392341e-13
   outer loop
     vertex -2.973829e+01 -2.500000e+01  6.203332e+01
     vertex -3.300653e+01 -2.500000e+01  5.314090e+01
     vertex -2.386511e+01 -2.500000e+01  5.782558e+01
   endloop
 endfacet
 facet normal  3.006572e-12 -1.000000e+00 -4.946380e-13
   outer loop
     vertex -2.973829e+01 -2.500000e+01  6.203332e+01
     vertex -2.626947e+01 -2.500000e+01  7.028296e+01
     vertex -3.049836e+01 -2.500000e+01  6.855340e+01
   endloop
 endfacet
 facet normal -6.031450e-13 -1.000000e+00  3.429831e-14
   outer loop
     vertex -2.973829e+01 -2.500000e+01  6.203332e+01
     vertex -3.621452e+01 -2.500000e+01  6.571362e+01
     vertex -3.300653e+01 -2.500000e+01  5.314090e+01
   endloop
 endfacet
 facet normal -1.181146e-12 -1.000000e+00 -9.828110e-13
   outer loop
     vertex -2.973829e+01 -2.500000e+01  6.203332e+01
     vertex -3.049836e+01 -2.500000e+01  6.855340e+01
     vertex -3.621452e+01 -2.500000e+01  6.571362e+01
   endloop
 endfacet
 facet normal -3.358827e-13 -1.000000e+00  9.108056e-13
   outer loop
     vertex -2.973829e+01 -2.500000e+01  6.203332e+01
     vertex -2.386511e+01 -2.500000e+01  5.782558e+01
     vertex -2.626947e+01 -2.500000e+01  7.028296e+01
   endloop
 endfacet
 facet normal  5.060440e-12 -1.000000e+00  2.015200e-12
   outer loop
     vertex -2.350577e+01 -2.500000e+01  7.779920e+01
     vertex -2.887664e+01 -2.500000e+01  8.261242e+01
     vertex -2.626947e+01 -2.500000e+01  7.028296e+01
   endloop
 endfacet
 facet normal  8.741433e-12 -1.000000e+00  6.617122e-13
   outer loop
     vertex -2.350577e+01 -2.500000e+01  7.779920e+01
     vertex -2.626947e+01 -2.500000e+01  7.028296e+01
     vertex -2.261761e+01 -2.500000e+01  7.154264e+01
   endloop
 endfacet
 facet normal -2.833358e-11 -1.000000e+00 -4.601341e-12
   outer loop
     vertex -2.350577e+01 -2.500000e+01  7.779920e+01
     vertex -2.261761e+01 -2.500000e+01  7.154264e+01
     vertex -1.865303e+01 -2.500000e+01  7.267434e+01
   endloop
 endfacet
 facet normal -1.063021e-11 -1.000000e+00 -1.549333e-11
   outer loop
     vertex -2.350577e+01 -2.500000e+01  7.779920e+01
     vertex -1.992205e+01 -2.500000e+01  8.521451e+01
     vertex -2.887664e+01 -2.500000e+01  8.261242e+01
   endloop
 endfacet
 facet normal  1.756130e-11 -1.000000e+00 -1.298742e-11
   outer loop
     vertex -1.477967e+01 -2.500000e+01  9.258508e+01
     vertex -1.629059e+01 -2.500000e+01  9.866432e+01
     vertex -2.539443e+01 -2.500000e+01  9.672185e+01
   endloop
 endfacet
 facet normal -1.382917e-11 -1.000000e+00 -2.078912e-11
   outer loop
     vertex -1.477967e+01 -2.500000e+01  9.258508e+01
     vertex -8.704089e+00 -2.500000e+01  9.962047e+01
     vertex -1.629059e+01 -2.500000e+01  9.866432e+01
   endloop
 endfacet
 facet normal  3.215574e-11 -1.000000e+00  2.446125e-11
   outer loop
     vertex -1.477967e+01 -2.500000e+01  9.258508e+01
     vertex -2.539443e+01 -2.500000e+01  9.672185e+01
     vertex -1.992205e+01 -2.500000e+01  8.521451e+01
   endloop
 endfacet
 facet normal -1.626650e-11 -1.000000e+00  3.838979e-11
   outer loop
     vertex -1.400980e+01 -2.500000e+01  8.005684e+01
     vertex -1.865303e+01 -2.500000e+01  7.267434e+01
     vertex -1.524768e+01 -2.500000e+01  7.346418e+01
   endloop
 endfacet
 facet normal  1.388533e-10 -1.000000e+00  9.263509e-12
   outer loop
     vertex -1.400980e+01 -2.500000e+01  8.005684e+01
     vertex -1.524768e+01 -2.500000e+01  7.346418e+01
     vertex -1.165019e+01 -2.500000e+01  7.412721e+01
   endloop
 endfacet
 facet normal  5.139748e-11 -1.000000e+00  1.103647e-11
   outer loop
     vertex -1.400980e+01 -2.500000e+01  8.005684e+01
     vertex -1.477967e+01 -2.500000e+01  9.258508e+01
     vertex -1.992205e+01 -2.500000e+01  8.521451e+01
   endloop
 endfacet
 facet normal  2.058855e-12 -1.000000e+00 -4.517173e-11
   outer loop
     vertex -1.400980e+01 -2.500000e+01  8.005684e+01
     vertex -1.165019e+01 -2.500000e+01  7.412721e+01
     vertex -8.806957e+00 -2.500000e+01  7.451705e+01
   endloop
 endfacet
 facet normal  1.672195e-11 -1.000000e+00 -2.871226e-11
   outer loop
     vertex -1.400980e+01 -2.500000e+01  8.005684e+01
     vertex -1.992205e+01 -2.500000e+01  8.521451e+01
     vertex -2.350577e+01 -2.500000e+01  7.779920e+01
   endloop
 endfacet
 facet normal  3.763802e-12 -1.000000e+00  2.579170e-11
   outer loop
     vertex -1.400980e+01 -2.500000e+01  8.005684e+01
     vertex -2.350577e+01 -2.500000e+01  7.779920e+01
     vertex -1.865303e+01 -2.500000e+01  7.267434e+01
   endloop
 endfacet
 facet normal  4.971951e-10 -1.000000e+00  8.594431e-12
   outer loop
     vertex -5.672133e-01 -2.500000e+01  8.125218e+01
     vertex -1.442253e+00 -2.500000e+01  6.248213e+01
     vertex  2.180969e+00 -2.500000e+01  5.004759e+01
   endloop
 endfacet
 facet normal -2.064175e-10 -1.000000e+00 -3.187287e-11
   outer loop
     vertex -5.672133e-01 -2.500000e+01  8.125218e+01
     vertex -2.498288e+00 -2.500000e+01  1.124697e+02
     vertex -8.704089e+00 -2.500000e+01  9.962047e+01
   endloop
 endfacet
 facet normal -7.064249e-11 -1.000000e+00  2.827342e-11
   outer loop
     vertex -5.672133e-01 -2.500000e+01  8.125218e+01
     vertex -8.704089e+00 -2.500000e+01  9.962047e+01
     vertex -1.477967e+01 -2.500000e+01  9.258508e+01
   endloop
 endfacet
 facet normal  1.466412e-10 -1.000000e+00  2.493688e-11
   outer loop
     vertex -5.672133e-01 -2.500000e+01  8.125218e+01
     vertex -3.988577e+00 -2.500000e+01  7.490089e+01
     vertex -1.442253e+00 -2.500000e+01  6.248213e+01
   endloop
 endfacet
 facet normal  7.924869e-10 -1.000000e+00  3.460072e-11
   outer loop
     vertex -5.672133e-01 -2.500000e+01  8.125218e+01
     vertex  2.180969e+00 -2.500000e+01  5.004759e+01
     vertex -2.180969e+00 -2.500000e+01  1.499524e+02
   endloop
 endfacet
 facet normal  9.145289e-10 -1.000000e+00  3.746747e-11
   outer loop
     vertex -5.672133e-01 -2.500000e+01  8.125218e+01
     vertex -2.180969e+00 -2.500000e+01  1.499524e+02
     vertex -2.498288e+00 -2.500000e+01  1.124697e+02
   endloop
 endfacet
 facet normal -1.246447e-11 -1.000000e+00 -3.893626e-11
   outer loop
     vertex  1.145452e+02 -2.500000e+01 -1.567024e+01
     vertex  1.183882e+02 -2.500000e+01 -9.068234e+00
     vertex  1.058393e+02 -2.500000e+01 -9.269158e+00
   endloop
 endfacet
 facet normal  4.505876e-12 -1.000000e+00 -1.585539e-11
   outer loop
     vertex  1.145452e+02 -2.500000e+01 -1.567024e+01
     vertex  1.058393e+02 -2.500000e+01 -9.269158e+00
     vertex  9.876218e+01 -2.500000e+01 -1.568536e+01
   endloop
 endfacet
 facet normal -5.374729e-12 -1.000000e+00 -4.306313e-11
   outer loop
     vertex  1.145452e+02 -2.500000e+01 -1.567024e+01
     vertex  1.238308e+02 -2.500000e+01 -1.691679e+01
     vertex  1.183882e+02 -2.500000e+01 -9.068234e+00
   endloop
 endfacet
 facet normal  3.138075e-12 -1.000000e+00  2.034880e-11
   outer loop
     vertex  1.145452e+02 -2.500000e+01 -1.567024e+01
     vertex  1.228697e+02 -2.500000e+01 -2.287507e+01
     vertex  1.238308e+02 -2.500000e+01 -1.691679e+01
   endloop
 endfacet
 facet normal -8.712557e-12 -1.000000e+00  6.656482e-12
   outer loop
     vertex  1.179211e+02 -2.500000e+01 -3.072389e+01
     vertex  1.228697e+02 -2.500000e+01 -2.287507e+01
     vertex  1.145452e+02 -2.500000e+01 -1.567024e+01
   endloop
 endfacet
 facet normal -1.023560e-13 -1.000000e+00 -2.295290e-12
   outer loop
     vertex  1.179211e+02 -2.500000e+01 -3.072389e+01
     vertex  1.124948e+02 -2.500000e+01 -3.798577e+01
     vertex  1.187364e+02 -2.500000e+01 -3.901171e+01
   endloop
 endfacet
 facet normal  1.976915e-12 -1.000000e+00 -8.313346e-14
   outer loop
     vertex  1.179211e+02 -2.500000e+01 -3.072389e+01
     vertex  1.206888e+02 -2.500000e+01 -3.247228e+01
     vertex  1.228697e+02 -2.500000e+01 -2.287507e+01
   endloop
 endfacet
 facet normal  6.246354e-13 -1.000000e+00 -2.223780e-12
   outer loop
     vertex  1.179211e+02 -2.500000e+01 -3.072389e+01
     vertex  1.187364e+02 -2.500000e+01 -3.901171e+01
     vertex  1.206888e+02 -2.500000e+01 -3.247228e+01
   endloop
 endfacet
 facet normal -1.299535e-12 -1.000000e+00 -1.400710e-12
   outer loop
     vertex  1.053364e+02 -2.500000e+01 -2.941683e+01
     vertex  1.124948e+02 -2.500000e+01 -3.798577e+01
     vertex  1.179211e+02 -2.500000e+01 -3.072389e+01
   endloop
 endfacet
 facet normal -8.269661e-13 -1.000000e+00  5.330551e-13
   outer loop
     vertex  1.053364e+02 -2.500000e+01 -2.941683e+01
     vertex  1.005929e+02 -2.500000e+01 -3.418985e+01
     vertex  1.041170e+02 -2.500000e+01 -4.258545e+01
   endloop
 endfacet
 facet normal  1.496618e-11 -1.000000e+00  1.038548e-11
   outer loop
     vertex  1.053364e+02 -2.500000e+01 -2.941683e+01
     vertex  9.876218e+01 -2.500000e+01 -1.568536e+01
     vertex  9.762410e+01 -2.500000e+01 -2.166867e+01
   endloop
 endfacet
 facet normal  3.960346e-16 -1.000000e+00 -2.891944e-13
   outer loop
     vertex  1.053364e+02 -2.500000e+01 -2.941683e+01
     vertex  9.646382e+01 -2.500000e+01 -2.635776e+01
     vertex  1.005929e+02 -2.500000e+01 -3.418985e+01
   endloop
 endfacet
 facet normal -2.659747e-13 -1.000000e+00  8.550705e-12
   outer loop
     vertex  1.053364e+02 -2.500000e+01 -2.941683e+01
     vertex  1.179211e+02 -2.500000e+01 -3.072389e+01
     vertex  1.145452e+02 -2.500000e+01 -1.567024e+01
   endloop
 endfacet
 facet normal  8.314546e-13 -1.000000e+00  3.794859e-13
   outer loop
     vertex  1.053364e+02 -2.500000e+01 -2.941683e+01
     vertex  1.041170e+02 -2.500000e+01 -4.258545e+01
     vertex  1.124948e+02 -2.500000e+01 -3.798577e+01
   endloop
 endfacet
 facet normal -2.215728e-12 -1.000000e+00 -6.716886e-12
   outer loop
     vertex  1.053364e+02 -2.500000e+01 -2.941683e+01
     vertex  9.762410e+01 -2.500000e+01 -2.166867e+01
     vertex  9.646382e+01 -2.500000e+01 -2.635776e+01
   endloop
 endfacet
 facet normal  4.485543e-12 -1.000000e+00  5.367671e-12
   outer loop
     vertex  1.053364e+02 -2.500000e+01 -2.941683e+01
     vertex  1.145452e+02 -2.500000e+01 -1.567024e+01
     vertex  9.876218e+01 -2.500000e+01 -1.568536e+01
   endloop
 endfacet
 facet normal -1.582355e-11 -1.000000e+00 -8.445060e-11
   outer loop
     vertex  9.018822e+01 -2.500000e+01 -8.986598e+00
     vertex  9.940425e+01 -2.500000e+01 -1.089927e+01
     vertex  9.988339e+01 -2.500000e+01 -4.827560e+00
   endloop
 endfacet
 facet normal  1.318694e-12 -1.000000e+00  1.388579e-11
   outer loop
     vertex  9.018822e+01 -2.500000e+01 -8.986598e+00
     vertex  8.036789e+01 -2.500000e+01 -1.208853e+01
     vertex  9.242812e+01 -2.500000e+01 -1.572560e+01
   endloop
 endfacet
 facet normal  6.816116e-12 -1.000000e+00 -3.518372e-12
   outer loop
     vertex  9.018822e+01 -2.500000e+01 -8.986598e+00
     vertex  7.484518e+01 -2.500000e+01 -5.287473e+00
     vertex  8.036789e+01 -2.500000e+01 -1.208853e+01
   endloop
 endfacet
 facet normal -1.446821e-11 -1.000000e+00 -9.180042e-11
   outer loop
     vertex  9.018822e+01 -2.500000e+01 -8.986598e+00
     vertex  7.502825e+01 -2.500000e+01 -7.212706e-01
     vertex  7.484518e+01 -2.500000e+01 -5.287473e+00
   endloop
 endfacet
 facet normal -1.346218e-11 -1.000000e+00 -8.995520e-11
   outer loop
     vertex  9.018822e+01 -2.500000e+01 -8.986598e+00
     vertex  9.988339e+01 -2.500000e+01 -4.827560e+00
     vertex  7.502825e+01 -2.500000e+01 -7.212706e-01
   endloop
 endfacet
 facet normal  4.826929e-12 -1.000000e+00  1.505185e-11
   outer loop
     vertex  9.018822e+01 -2.500000e+01 -8.986598e+00
     vertex  9.242812e+01 -2.500000e+01 -1.572560e+01
     vertex  9.940425e+01 -2.500000e+01 -1.089927e+01
   endloop
 endfacet
 facet normal -2.904563e-14 -1.000000e+00 -5.677341e-14
   outer loop
     vertex  1.015187e+02 -2.500000e+01 -5.531827e+01
     vertex  1.096755e+02 -2.500000e+01 -5.992935e+01
     vertex  1.072084e+02 -2.500000e+01 -5.103279e+01
   endloop
 endfacet
 facet normal  1.157980e-13 -1.000000e+00 -2.490780e-13
   outer loop
     vertex  1.015187e+02 -2.500000e+01 -5.531827e+01
     vertex  1.072084e+02 -2.500000e+01 -5.103279e+01
     vertex  1.041170e+02 -2.500000e+01 -4.258545e+01
   endloop
 endfacet
 facet normal  5.538915e-14 -1.000000e+00  9.258702e-14
   outer loop
     vertex  1.015187e+02 -2.500000e+01 -5.531827e+01
     vertex  1.069667e+02 -2.500000e+01 -6.464020e+01
     vertex  1.096755e+02 -2.500000e+01 -5.992935e+01
   endloop
 endfacet
 facet normal -2.546843e-13 -1.000000e+00 -1.734775e-13
   outer loop
     vertex  1.015187e+02 -2.500000e+01 -5.531827e+01
     vertex  1.041170e+02 -2.500000e+01 -4.258545e+01
     vertex  9.549239e+01 -2.500000e+01 -4.657333e+01
   endloop
 endfacet
 facet normal -4.448555e-15 -1.000000e+00  5.761606e-14
   outer loop
     vertex  9.559235e+01 -2.500000e+01 -6.502513e+01
     vertex  1.069667e+02 -2.500000e+01 -6.464020e+01
     vertex  1.015187e+02 -2.500000e+01 -5.531827e+01
   endloop
 endfacet
 facet normal -3.199735e-15 -1.000000e+00  2.071396e-14
   outer loop
     vertex  9.559235e+01 -2.500000e+01 -6.502513e+01
     vertex  1.049486e+02 -2.500000e+01 -6.786766e+01
     vertex  1.069667e+02 -2.500000e+01 -6.464020e+01
   endloop
 endfacet
 facet normal -1.662690e-14 -1.000000e+00 -2.348193e-14
   outer loop
     vertex  9.559235e+01 -2.500000e+01 -6.502513e+01
     vertex  1.018993e+02 -2.500000e+01 -7.236553e+01
     vertex  1.049486e+02 -2.500000e+01 -6.786766e+01
   endloop
 endfacet
 facet normal -2.096518e-14 -1.000000e+00 -2.720944e-14
   outer loop
     vertex  9.459105e+01 -2.500000e+01 -6.647329e+01
     vertex  1.018993e+02 -2.500000e+01 -7.236553e+01
     vertex  9.559235e+01 -2.500000e+01 -6.502513e+01
   endloop
 endfacet
 facet normal  6.430170e-15 -1.000000e+00 -9.707875e-15
   outer loop
     vertex  9.459105e+01 -2.500000e+01 -6.647329e+01
     vertex  8.449704e+01 -2.500000e+01 -7.425711e+01
     vertex  9.311470e+01 -2.500000e+01 -7.367254e+01
   endloop
 endfacet
 facet normal -1.355379e-14 -1.000000e+00 -3.233384e-14
   outer loop
     vertex  9.459105e+01 -2.500000e+01 -6.647329e+01
     vertex  9.559235e+01 -2.500000e+01 -6.502513e+01
     vertex  8.454103e+01 -2.500000e+01 -6.434814e+01
   endloop
 endfacet
 facet normal -4.969821e-15 -1.000000e+00 -7.370065e-15
   outer loop
     vertex  9.459105e+01 -2.500000e+01 -6.647329e+01
     vertex  9.311470e+01 -2.500000e+01 -7.367254e+01
     vertex  1.018993e+02 -2.500000e+01 -7.236553e+01
   endloop
 endfacet
 facet normal -5.498359e-15 -1.000000e+00  5.760971e-15
   outer loop
     vertex  9.459105e+01 -2.500000e+01 -6.647329e+01
     vertex  8.454103e+01 -2.500000e+01 -6.434814e+01
     vertex  8.449704e+01 -2.500000e+01 -7.425711e+01
   endloop
 endfacet
 facet normal  5.502477e-14 -1.000000e+00  3.995013e-14
   outer loop
     vertex  9.045438e+01 -2.500000e+01 -5.573039e+01
     vertex  1.015187e+02 -2.500000e+01 -5.531827e+01
     vertex  9.549239e+01 -2.500000e+01 -4.657333e+01
   endloop
 endfacet
 facet normal  5.573540e-14 -1.000000e+00  2.087164e-14
   outer loop
     vertex  9.045438e+01 -2.500000e+01 -5.573039e+01
     vertex  9.559235e+01 -2.500000e+01 -6.502513e+01
     vertex  1.015187e+02 -2.500000e+01 -5.531827e+01
   endloop
 endfacet
 facet normal -1.842425e-15 -1.000000e+00  3.601198e-14
   outer loop
     vertex  9.045438e+01 -2.500000e+01 -5.573039e+01
     vertex  8.683115e+01 -2.500000e+01 -4.960192e+01
     vertex  8.365044e+01 -2.500000e+01 -5.479599e+01
   endloop
 endfacet
 facet normal  2.901926e-14 -1.000000e+00  5.425779e-14
   outer loop
     vertex  9.045438e+01 -2.500000e+01 -5.573039e+01
     vertex  9.549239e+01 -2.500000e+01 -4.657333e+01
     vertex  8.683115e+01 -2.500000e+01 -4.960192e+01
   endloop
 endfacet
 facet normal -9.411339e-15 -1.000000e+00 -1.910194e-14
   outer loop
     vertex  9.045438e+01 -2.500000e+01 -5.573039e+01
     vertex  8.365044e+01 -2.500000e+01 -5.479599e+01
     vertex  8.454103e+01 -2.500000e+01 -6.434814e+01
   endloop
 endfacet
 facet normal -1.260882e-14 -1.000000e+00 -1.690788e-14
   outer loop
     vertex  9.045438e+01 -2.500000e+01 -5.573039e+01
     vertex  8.454103e+01 -2.500000e+01 -6.434814e+01
     vertex  9.559235e+01 -2.500000e+01 -6.502513e+01
   endloop
 endfacet
 facet normal  5.792219e-14 -1.000000e+00  8.598973e-14
   outer loop
     vertex  8.078679e+01 -2.500000e+01 -4.108730e+01
     vertex  6.625122e+01 -2.500000e+01 -3.522121e+01
     vertex  6.398416e+01 -2.500000e+01 -3.918909e+01
   endloop
 endfacet
 facet normal  6.634982e-14 -1.000000e+00  1.155292e-13
   outer loop
     vertex  8.078679e+01 -2.500000e+01 -4.108730e+01
     vertex  8.683115e+01 -2.500000e+01 -4.960192e+01
     vertex  8.890521e+01 -2.500000e+01 -4.578056e+01
   endloop
 endfacet
 facet normal -2.335803e-13 -1.000000e+00 -1.493646e-13
   outer loop
     vertex  8.078679e+01 -2.500000e+01 -4.108730e+01
     vertex  8.582520e+01 -2.500000e+01 -3.773972e+01
     vertex  8.212906e+01 -2.500000e+01 -3.022327e+01
   endloop
 endfacet
 facet normal -1.550841e-13 -1.000000e+00 -2.675082e-13
   outer loop
     vertex  8.078679e+01 -2.500000e+01 -4.108730e+01
     vertex  8.890521e+01 -2.500000e+01 -4.578056e+01
     vertex  8.582520e+01 -2.500000e+01 -3.773972e+01
   endloop
 endfacet
 facet normal -6.755880e-14 -1.000000e+00 -1.698768e-13
   outer loop
     vertex  8.078679e+01 -2.500000e+01 -4.108730e+01
     vertex  8.212906e+01 -2.500000e+01 -3.022327e+01
     vertex  7.417725e+01 -2.500000e+01 -3.320945e+01
   endloop
 endfacet
 facet normal -3.396165e-14 -1.000000e+00 -1.416887e-13
   outer loop
     vertex  8.078679e+01 -2.500000e+01 -4.108730e+01
     vertex  7.417725e+01 -2.500000e+01 -3.320945e+01
     vertex  6.625122e+01 -2.500000e+01 -3.522121e+01
   endloop
 endfacet
 facet normal -1.184832e-14 -1.000000e+00  6.001790e-14
   outer loop
     vertex  7.382091e+01 -2.500000e+01 -5.258468e+01
     vertex  8.683115e+01 -2.500000e+01 -4.960192e+01
     vertex  8.078679e+01 -2.500000e+01 -4.108730e+01
   endloop
 endfacet
 facet normal -2.796623e-14 -1.000000e+00 -3.565365e-14
   outer loop
     vertex  7.382091e+01 -2.500000e+01 -5.258468e+01
     vertex  6.398416e+01 -2.500000e+01 -3.918909e+01
     vertex  6.276106e+01 -2.500000e+01 -4.111942e+01
   endloop
 endfacet
 facet normal -7.080005e-15 -1.000000e+00  3.921933e-14
   outer loop
     vertex  7.382091e+01 -2.500000e+01 -5.258468e+01
     vertex  8.365044e+01 -2.500000e+01 -5.479599e+01
     vertex  8.683115e+01 -2.500000e+01 -4.960192e+01
   endloop
 endfacet
 facet normal -4.944889e-15 -1.000000e+00 -1.344634e-14
   outer loop
     vertex  7.382091e+01 -2.500000e+01 -5.258468e+01
     vertex  6.276106e+01 -2.500000e+01 -4.111942e+01
     vertex  6.435637e+01 -2.500000e+01 -4.963252e+01
   endloop
 endfacet
 facet normal  5.070652e-14 -1.000000e+00  2.211793e-14
   outer loop
     vertex  7.382091e+01 -2.500000e+01 -5.258468e+01
     vertex  8.078679e+01 -2.500000e+01 -4.108730e+01
     vertex  6.398416e+01 -2.500000e+01 -3.918909e+01
   endloop
 endfacet
 facet normal -2.227368e-14 -1.000000e+00 -2.831826e-14
   outer loop
     vertex  7.382091e+01 -2.500000e+01 -5.258468e+01
     vertex  8.118946e+01 -2.500000e+01 -5.838040e+01
     vertex  8.365044e+01 -2.500000e+01 -5.479599e+01
   endloop
 endfacet
 facet normal  4.903272e-15 -1.000000e+00 -8.409984e-17
   outer loop
     vertex  7.382091e+01 -2.500000e+01 -5.258468e+01
     vertex  6.502351e+01 -2.500000e+01 -5.857107e+01
     vertex  7.298895e+01 -2.500000e+01 -5.884610e+01
   endloop
 endfacet
 facet normal  4.040574e-16 -1.000000e+00  5.137098e-16
   outer loop
     vertex  7.382091e+01 -2.500000e+01 -5.258468e+01
     vertex  7.298895e+01 -2.500000e+01 -5.884610e+01
     vertex  8.118946e+01 -2.500000e+01 -5.838040e+01
   endloop
 endfacet
 facet normal  1.008379e-15 -1.000000e+00  5.639702e-15
   outer loop
     vertex  7.382091e+01 -2.500000e+01 -5.258468e+01
     vertex  6.435637e+01 -2.500000e+01 -4.963252e+01
     vertex  6.502351e+01 -2.500000e+01 -5.857107e+01
   endloop
 endfacet
 facet normal  3.114218e-16 -1.000000e+00  2.652167e-16
   outer loop
     vertex  7.416340e+01 -2.500000e+01 -8.457930e+01
     vertex  7.147186e+01 -2.500000e+01 -9.481436e+01
     vertex  8.226329e+01 -2.500000e+01 -9.409032e+01
   endloop
 endfacet
 facet normal -8.763754e-16 -1.000000e+00 -5.633770e-16
   outer loop
     vertex  7.416340e+01 -2.500000e+01 -8.457930e+01
     vertex  7.577405e+01 -2.500000e+01 -7.447258e+01
     vertex  6.732493e+01 -2.500000e+01 -7.394154e+01
   endloop
 endfacet
 facet normal  3.661580e-17 -1.000000e+00 -4.089772e-16
   outer loop
     vertex  7.416340e+01 -2.500000e+01 -8.457930e+01
     vertex  6.404717e+01 -2.500000e+01 -7.679818e+01
     vertex  6.295613e+01 -2.500000e+01 -8.558268e+01
   endloop
 endfacet
 facet normal -3.182633e-17 -1.000000e+00  3.554816e-16
   outer loop
     vertex  7.416340e+01 -2.500000e+01 -8.457930e+01
     vertex  6.295613e+01 -2.500000e+01 -8.558268e+01
     vertex  7.147186e+01 -2.500000e+01 -9.481436e+01
   endloop
 endfacet
 facet normal  6.946827e-16 -1.000000e+00  4.465760e-16
   outer loop
     vertex  7.416340e+01 -2.500000e+01 -8.457930e+01
     vertex  6.732493e+01 -2.500000e+01 -7.394154e+01
     vertex  6.404717e+01 -2.500000e+01 -7.679818e+01
   endloop
 endfacet
 facet normal  3.701766e-17 -1.000000e+00 -7.089393e-16
   outer loop
     vertex  7.416340e+01 -2.500000e+01 -8.457930e+01
     vertex  8.384255e+01 -2.500000e+01 -8.407389e+01
     vertex  7.577405e+01 -2.500000e+01 -7.447258e+01
   endloop
 endfacet
 facet normal  0.000000e+00 -1.000000e+00  0.000000e+00
   outer loop
     vertex  7.416340e+01 -2.500000e+01 -8.457930e+01
     vertex  8.226329e+01 -2.500000e+01 -9.409032e+01
     vertex  8.384255e+01 -2.500000e+01 -8.407389e+01
   endloop
 endfacet
 facet normal -5.932060e-17 -1.000000e+00 -3.342813e-16
   outer loop
     vertex  5.163439e+01 -2.500000e+01 -1.034411e+02
     vertex  6.104702e+01 -2.500000e+01 -9.448348e+01
     vertex  5.168930e+01 -2.500000e+01 -9.282289e+01
   endloop
 endfacet
 facet normal -5.893267e-16 -1.000000e+00 -2.831385e-16
   outer loop
     vertex  5.163439e+01 -2.500000e+01 -1.034411e+02
     vertex  5.077589e+01 -2.500000e+01 -1.142018e+02
     vertex  5.569204e+01 -2.500000e+01 -1.118867e+02
   endloop
 endfacet
 facet normal -1.022961e-15 -1.000000e+00  6.783137e-16
   outer loop
     vertex  5.163439e+01 -2.500000e+01 -1.034411e+02
     vertex  5.875387e+01 -2.500000e+01 -1.031793e+02
     vertex  6.104702e+01 -2.500000e+01 -9.448348e+01
   endloop
 endfacet
 facet normal -9.807051e-16 -1.000000e+00 -4.711740e-16
   outer loop
     vertex  5.163439e+01 -2.500000e+01 -1.034411e+02
     vertex  5.569204e+01 -2.500000e+01 -1.118867e+02
     vertex  5.875387e+01 -2.500000e+01 -1.031793e+02
   endloop
 endfacet
 facet normal  9.057084e-16 -1.000000e+00  2.554926e-16
   outer loop
     vertex  4.118865e+01 -2.500000e+01 -1.080262e+02
     vertex  4.727455e+01 -2.500000e+01 -1.156951e+02
     vertex  5.077589e+01 -2.500000e+01 -1.142018e+02
   endloop
 endfacet
 facet normal  1.746743e-15 -1.000000e+00  9.229241e-16
   outer loop
     vertex  4.118865e+01 -2.500000e+01 -1.080262e+02
     vertex  4.220083e+01 -2.500000e+01 -1.176407e+02
     vertex  4.727455e+01 -2.500000e+01 -1.156951e+02
   endloop
 endfacet
 facet normal  5.026344e-16 -1.000000e+00 -3.702558e-16
   outer loop
     vertex  4.118865e+01 -2.500000e+01 -1.080262e+02
     vertex  5.077589e+01 -2.500000e+01 -1.142018e+02
     vertex  5.163439e+01 -2.500000e+01 -1.034411e+02
   endloop
 endfacet
 facet normal  3.055608e-15 -1.000000e+00  3.358035e-15
   outer loop
     vertex  3.953883e+01 -2.500000e+01 -1.086409e+02
     vertex  4.118865e+01 -2.500000e+01 -1.080262e+02
     vertex  3.247842e+01 -2.500000e+01 -1.011584e+02
   endloop
 endfacet
 facet normal  3.879264e-15 -1.000000e+00  1.147428e-15
   outer loop
     vertex  3.953883e+01 -2.500000e+01 -1.086409e+02
     vertex  4.220083e+01 -2.500000e+01 -1.176407e+02
     vertex  4.118865e+01 -2.500000e+01 -1.080262e+02
   endloop
 endfacet
 facet normal -5.177038e-16 -1.000000e+00 -1.531290e-16
   outer loop
     vertex  3.953883e+01 -2.500000e+01 -1.086409e+02
     vertex  3.417579e+01 -2.500000e+01 -1.137102e+02
     vertex  4.220083e+01 -2.500000e+01 -1.176407e+02
   endloop
 endfacet
 facet normal -5.477328e-16 -1.000000e+00 -1.213599e-16
   outer loop
     vertex  3.953883e+01 -2.500000e+01 -1.086409e+02
     vertex  2.670649e+01 -2.500000e+01 -1.092732e+02
     vertex  3.417579e+01 -2.500000e+01 -1.137102e+02
   endloop
 endfacet
 facet normal -5.514679e-16 -1.000000e+00 -4.555574e-17
   outer loop
     vertex  3.953883e+01 -2.500000e+01 -1.086409e+02
     vertex  3.247842e+01 -2.500000e+01 -1.011584e+02
     vertex  2.670649e+01 -2.500000e+01 -1.092732e+02
   endloop
 endfacet
 facet normal  4.693783e-17 -1.000000e+00  6.678999e-16
   outer loop
     vertex  4.228973e+01 -2.500000e+01 -9.746512e+01
     vertex  4.118865e+01 -2.500000e+01 -1.080262e+02
     vertex  5.163439e+01 -2.500000e+01 -1.034411e+02
   endloop
 endfacet
 facet normal -5.921987e-16 -1.000000e+00 -3.315257e-16
   outer loop
     vertex  4.228973e+01 -2.500000e+01 -9.746512e+01
     vertex  5.163439e+01 -2.500000e+01 -1.034411e+02
     vertex  5.168930e+01 -2.500000e+01 -9.282289e+01
   endloop
 endfacet
 facet normal  8.670812e-16 -1.000000e+00  5.823928e-16
   outer loop
     vertex  4.228973e+01 -2.500000e+01 -9.746512e+01
     vertex  3.247842e+01 -2.500000e+01 -1.011584e+02
     vertex  4.118865e+01 -2.500000e+01 -1.080262e+02
   endloop
 endfacet
 facet normal  6.594258e-16 -1.000000e+00 -5.198397e-17
   outer loop
     vertex  4.228973e+01 -2.500000e+01 -9.746512e+01
     vertex  4.285031e+01 -2.500000e+01 -9.035403e+01
     vertex  3.727030e+01 -2.500000e+01 -9.279506e+01
   endloop
 endfacet
 facet normal -7.865549e-16 -1.000000e+00  6.200583e-17
   outer loop
     vertex  4.228973e+01 -2.500000e+01 -9.746512e+01
     vertex  5.168930e+01 -2.500000e+01 -9.282289e+01
     vertex  4.285031e+01 -2.500000e+01 -9.035403e+01
   endloop
 endfacet
 facet normal  9.772792e-16 -1.000000e+00  2.896486e-16
   outer loop
     vertex  4.228973e+01 -2.500000e+01 -9.746512e+01
     vertex  3.727030e+01 -2.500000e+01 -9.279506e+01
     vertex  3.247842e+01 -2.500000e+01 -1.011584e+02
   endloop
 endfacet
 facet normal -7.402311e-16 -1.000000e+00 -3.467154e-16
   outer loop
     vertex  4.275986e+01 -2.500000e+01 -7.991413e+01
     vertex  4.285031e+01 -2.500000e+01 -9.035403e+01
     vertex  4.673734e+01 -2.500000e+01 -8.840598e+01
   endloop
 endfacet
 facet normal -1.187226e-15 -1.000000e+00 -5.560823e-16
   outer loop
     vertex  4.275986e+01 -2.500000e+01 -7.991413e+01
     vertex  4.673734e+01 -2.500000e+01 -8.840598e+01
     vertex  4.880837e+01 -2.500000e+01 -8.004994e+01
   endloop
 endfacet
 facet normal  7.825864e-16 -1.000000e+00 -3.335205e-16
   outer loop
     vertex  4.275986e+01 -2.500000e+01 -7.991413e+01
     vertex  3.727030e+01 -2.500000e+01 -9.279506e+01
     vertex  4.285031e+01 -2.500000e+01 -9.035403e+01
   endloop
 endfacet
 facet normal  7.023027e-16 -1.000000e+00 -6.309030e-16
   outer loop
     vertex  4.275986e+01 -2.500000e+01 -7.991413e+01
     vertex  5.007450e+01 -2.500000e+01 -7.177167e+01
     vertex  4.184234e+01 -2.500000e+01 -6.967317e+01
   endloop
 endfacet
 facet normal -1.151511e-15 -1.000000e+00  1.034442e-15
   outer loop
     vertex  4.275986e+01 -2.500000e+01 -7.991413e+01
     vertex  4.880837e+01 -2.500000e+01 -8.004994e+01
     vertex  5.007450e+01 -2.500000e+01 -7.177167e+01
   endloop
 endfacet
 facet normal -2.192177e-15 -1.000000e+00 -8.902281e-16
   outer loop
     vertex  4.275986e+01 -2.500000e+01 -7.991413e+01
     vertex  4.184234e+01 -2.500000e+01 -6.967317e+01
     vertex  3.418889e+01 -2.500000e+01 -6.678980e+01
   endloop
 endfacet
 facet normal  1.117965e-15 -1.000000e+00  1.271491e-15
   outer loop
     vertex  4.275986e+01 -2.500000e+01 -7.991413e+01
     vertex  3.418889e+01 -2.500000e+01 -6.678980e+01
     vertex  3.005947e+01 -2.500000e+01 -6.874726e+01
   endloop
 endfacet
 facet normal  2.280656e-15 -1.000000e+00  4.800443e-16
   outer loop
     vertex  1.212097e+01 -2.500000e+01 -1.212536e+02
     vertex  3.548367e+00 -2.500000e+01 -1.249306e+02
     vertex  1.276790e+01 -2.500000e+01 -1.243271e+02
   endloop
 endfacet
 facet normal -1.760407e-15 -1.000000e+00 -8.354492e-16
   outer loop
     vertex  1.212097e+01 -2.500000e+01 -1.212536e+02
     vertex  1.923742e+01 -2.500000e+01 -1.234915e+02
     vertex  2.019525e+01 -2.500000e+01 -1.170049e+02
   endloop
 endfacet
 facet normal -1.603840e-15 -1.000000e+00 -3.375845e-16
   outer loop
     vertex  1.212097e+01 -2.500000e+01 -1.212536e+02
     vertex  1.276790e+01 -2.500000e+01 -1.243271e+02
     vertex  1.923742e+01 -2.500000e+01 -1.234915e+02
   endloop
 endfacet
 facet normal -7.305180e-16 -1.000000e+00  3.368238e-16
   outer loop
     vertex  3.041780e+01 -2.500000e+01 -8.537817e+01
     vertex  2.795198e+01 -2.500000e+01 -6.963078e+01
     vertex  2.429851e+01 -2.500000e+01 -7.755458e+01
   endloop
 endfacet
 facet normal  2.992531e-15 -1.000000e+00  1.327802e-15
   outer loop
     vertex  3.041780e+01 -2.500000e+01 -8.537817e+01
     vertex  3.320144e+01 -2.500000e+01 -9.432743e+01
     vertex  3.727030e+01 -2.500000e+01 -9.279506e+01
   endloop
 endfacet
 facet normal  5.743630e-16 -1.000000e+00  6.532385e-16
   outer loop
     vertex  3.041780e+01 -2.500000e+01 -8.537817e+01
     vertex  4.275986e+01 -2.500000e+01 -7.991413e+01
     vertex  3.005947e+01 -2.500000e+01 -6.874726e+01
   endloop
 endfacet
 facet normal -1.551963e-15 -1.000000e+00 -8.574923e-17
   outer loop
     vertex  3.041780e+01 -2.500000e+01 -8.537817e+01
     vertex  2.609764e+01 -2.500000e+01 -9.005090e+01
     vertex  3.320144e+01 -2.500000e+01 -9.432743e+01
   endloop
 endfacet
 facet normal -1.423103e-15 -1.000000e+00 -2.048875e-16
   outer loop
     vertex  3.041780e+01 -2.500000e+01 -8.537817e+01
     vertex  2.429851e+01 -2.500000e+01 -7.755458e+01
     vertex  2.609764e+01 -2.500000e+01 -9.005090e+01
   endloop
 endfacet
 facet normal  1.064388e-15 -1.000000e+00 -4.536179e-16
   outer loop
     vertex  3.041780e+01 -2.500000e+01 -8.537817e+01
     vertex  3.727030e+01 -2.500000e+01 -9.279506e+01
     vertex  4.275986e+01 -2.500000e+01 -7.991413e+01
   endloop
 endfacet
 facet normal  1.404399e-15 -1.000000e+00  6.711225e-16
   outer loop
     vertex  3.041780e+01 -2.500000e+01 -8.537817e+01
     vertex  3.005947e+01 -2.500000e+01 -6.874726e+01
     vertex  2.795198e+01 -2.500000e+01 -6.963078e+01
   endloop
 endfacet
 facet normal -7.559324e-16 -1.000000e+00  1.096108e-15
   outer loop
     vertex  1.372514e+01 -2.500000e+01 -1.085022e+02
     vertex  2.019525e+01 -2.500000e+01 -1.170049e+02
     vertex  2.670649e+01 -2.500000e+01 -1.092732e+02
   endloop
 endfacet
 facet normal -9.534545e-16 -1.000000e+00 -2.229479e-15
   outer loop
     vertex  1.372514e+01 -2.500000e+01 -1.085022e+02
     vertex  2.670649e+01 -2.500000e+01 -1.092732e+02
     vertex  1.924195e+01 -2.500000e+01 -1.044874e+02
   endloop
 endfacet
 facet normal  8.099086e-16 -1.000000e+00  1.113793e-16
   outer loop
     vertex  1.372514e+01 -2.500000e+01 -1.085022e+02
     vertex  1.244894e+01 -2.500000e+01 -9.922208e+01
     vertex  8.123901e+00 -2.500000e+01 -9.966946e+01
   endloop
 endfacet
 facet normal -2.341580e-15 -1.000000e+00 -3.220161e-16
   outer loop
     vertex  1.372514e+01 -2.500000e+01 -1.085022e+02
     vertex  1.924195e+01 -2.500000e+01 -1.044874e+02
     vertex  1.244894e+01 -2.500000e+01 -9.922208e+01
   endloop
 endfacet
 facet normal -5.955099e-16 -1.000000e+00 -2.705775e-18
   outer loop
     vertex -2.349478e+00 -2.500000e+01 -9.060438e+01
     vertex -2.306909e+00 -2.500000e+01 -9.997338e+01
     vertex  3.630359e+00 -2.500000e+01 -9.368602e+01
   endloop
 endfacet
 facet normal -7.708695e-16 -1.000000e+00 -3.429859e-16
   outer loop
     vertex -2.349478e+00 -2.500000e+01 -9.060438e+01
     vertex  3.630359e+00 -2.500000e+01 -9.368602e+01
     vertex  2.695733e+00 -2.500000e+01 -8.122723e+01
   endloop
 endfacet
 facet normal -2.337165e-15 -1.000000e+00 -1.061921e-17
   outer loop
     vertex -2.349478e+00 -2.500000e+01 -9.060438e+01
     vertex -8.388771e+00 -2.500000e+01 -9.964752e+01
     vertex -2.306909e+00 -2.500000e+01 -9.997338e+01
   endloop
 endfacet
 facet normal -5.686103e-16 -1.000000e+00  2.180247e-16
   outer loop
     vertex -3.055501e+01 -2.500000e+01 -1.050119e+02
     vertex -2.718884e+01 -2.500000e+01 -9.623288e+01
     vertex -3.500149e+01 -2.500000e+01 -1.003133e+02
   endloop
 endfacet
 facet normal  2.071655e-16 -1.000000e+00 -7.370022e-16
   outer loop
     vertex -3.055501e+01 -2.500000e+01 -1.050119e+02
     vertex -4.336863e+01 -2.500000e+01 -1.037932e+02
     vertex -3.890609e+01 -2.500000e+01 -1.121798e+02
   endloop
 endfacet
 facet normal  3.837117e-16 -1.000000e+00  1.119258e-15
   outer loop
     vertex -3.055501e+01 -2.500000e+01 -1.050119e+02
     vertex -3.500149e+01 -2.500000e+01 -1.003133e+02
     vertex -4.336863e+01 -2.500000e+01 -1.037932e+02
   endloop
 endfacet
 facet normal -7.677715e-16 -1.000000e+00  2.943899e-16
   outer loop
     vertex -3.055501e+01 -2.500000e+01 -1.050119e+02
     vertex -2.297983e+01 -2.500000e+01 -9.732381e+01
     vertex -2.718884e+01 -2.500000e+01 -9.623288e+01
   endloop
 endfacet
 facet normal  1.988386e-15 -1.000000e+00 -2.840776e-16
   outer loop
     vertex -1.138790e+01 -2.500000e+01 -8.991656e+01
     vertex -1.707273e+01 -2.500000e+01 -9.218879e+01
     vertex -1.271259e+01 -2.500000e+01 -9.918864e+01
   endloop
 endfacet
 facet normal  1.892351e-15 -1.000000e+00 -4.381007e-17
   outer loop
     vertex -1.138790e+01 -2.500000e+01 -8.991656e+01
     vertex -2.066203e+01 -2.500000e+01 -8.503946e+01
     vertex -1.707273e+01 -2.500000e+01 -9.218879e+01
   endloop
 endfacet
 facet normal  1.730066e-15 -1.000000e+00 -3.524045e-16
   outer loop
     vertex -1.138790e+01 -2.500000e+01 -8.991656e+01
     vertex -1.350395e+01 -2.500000e+01 -8.014222e+01
     vertex -2.066203e+01 -2.500000e+01 -8.503946e+01
   endloop
 endfacet
 facet normal -1.235975e-15 -1.000000e+00 -7.460279e-16
   outer loop
     vertex -1.138790e+01 -2.500000e+01 -8.991656e+01
     vertex -8.388771e+00 -2.500000e+01 -9.964752e+01
     vertex -2.349478e+00 -2.500000e+01 -9.060438e+01
   endloop
 endfacet
 facet normal  8.093889e-16 -1.000000e+00 -1.156361e-16
   outer loop
     vertex -1.138790e+01 -2.500000e+01 -8.991656e+01
     vertex -1.271259e+01 -2.500000e+01 -9.918864e+01
     vertex -8.388771e+00 -2.500000e+01 -9.964752e+01
   endloop
 endfacet
 facet normal -2.631374e-15 -1.000000e+00 -5.031232e-16
   outer loop
     vertex -5.431271e+00 -2.500000e+01 -8.109027e+01
     vertex  2.695733e+00 -2.500000e+01 -8.122723e+01
     vertex -2.547542e+00 -2.500000e+01 -7.498845e+01
   endloop
 endfacet
 facet normal  1.429515e-15 -1.000000e+00  9.301958e-16
   outer loop
     vertex -5.431271e+00 -2.500000e+01 -8.109027e+01
     vertex -7.107934e+00 -2.500000e+01 -7.469428e+01
     vertex -1.350395e+01 -2.500000e+01 -8.014222e+01
   endloop
 endfacet
 facet normal -2.611982e-15 -1.000000e+00  6.475931e-16
   outer loop
     vertex -5.431271e+00 -2.500000e+01 -8.109027e+01
     vertex -2.349478e+00 -2.500000e+01 -9.060438e+01
     vertex  2.695733e+00 -2.500000e+01 -8.122723e+01
   endloop
 endfacet
 facet normal  1.267116e-15 -1.000000e+00 -4.526286e-16
   outer loop
     vertex -5.431271e+00 -2.500000e+01 -8.109027e+01
     vertex -1.350395e+01 -2.500000e+01 -8.014222e+01
     vertex -1.138790e+01 -2.500000e+01 -8.991656e+01
   endloop
 endfacet
 facet normal -1.092467e-15 -1.000000e+00  1.139792e-15
   outer loop
     vertex -5.431271e+00 -2.500000e+01 -8.109027e+01
     vertex -1.138790e+01 -2.500000e+01 -8.991656e+01
     vertex -2.349478e+00 -2.500000e+01 -9.060438e+01
   endloop
 endfacet
 facet normal -3.133300e-15 -1.000000e+00 -2.659123e-16
   outer loop
     vertex -5.431271e+00 -2.500000e+01 -8.109027e+01
     vertex -2.547542e+00 -2.500000e+01 -7.498845e+01
     vertex -7.107934e+00 -2.500000e+01 -7.469428e+01
   endloop
 endfacet
 facet normal  7.464651e-16 -1.000000e+00 -2.516776e-16
   outer loop
     vertex -5.758741e+01 -2.500000e+01 -1.002490e+02
     vertex -6.854253e+01 -2.500000e+01 -1.045091e+02
     vertex -6.063470e+01 -2.500000e+01 -1.092871e+02
   endloop
 endfacet
 facet normal  0.000000e+00 -1.000000e+00  0.000000e+00
   outer loop
     vertex -5.758741e+01 -2.500000e+01 -1.002490e+02
     vertex -5.178074e+01 -2.500000e+01 -1.068492e+02
     vertex -4.734354e+01 -2.500000e+01 -9.511288e+01
   endloop
 endfacet
 facet normal  0.000000e+00 -1.000000e+00 -0.000000e+00
   outer loop
     vertex -5.758741e+01 -2.500000e+01 -1.002490e+02
     vertex -6.063470e+01 -2.500000e+01 -1.092871e+02
     vertex -5.178074e+01 -2.500000e+01 -1.068492e+02
   endloop
 endfacet
 facet normal  0.000000e+00 -1.000000e+00  0.000000e+00
   outer loop
     vertex -5.375718e+01 -2.500000e+01 -7.297149e+01
     vertex -6.388114e+01 -2.500000e+01 -7.693634e+01
     vertex -5.907895e+01 -2.500000e+01 -8.068257e+01
   endloop
 endfacet
 facet normal -9.802622e-16 -1.000000e+00  6.765244e-16
   outer loop
     vertex -5.375718e+01 -2.500000e+01 -7.297149e+01
     vertex -5.907895e+01 -2.500000e+01 -8.068257e+01
     vertex -5.061434e+01 -2.500000e+01 -7.892046e+01
   endloop
 endfacet
 facet normal -7.719589e-16 -1.000000e+00  7.865712e-16
   outer loop
     vertex -5.375718e+01 -2.500000e+01 -7.297149e+01
     vertex -5.061434e+01 -2.500000e+01 -7.892046e+01
     vertex -4.425721e+01 -2.500000e+01 -6.816472e+01
   endloop
 endfacet
 facet normal  7.504377e-16 -1.000000e+00 -4.330867e-16
   outer loop
     vertex -8.512876e+01 -2.500000e+01 -6.866002e+01
     vertex -7.452003e+01 -2.500000e+01 -6.668405e+01
     vertex -7.734836e+01 -2.500000e+01 -6.338163e+01
   endloop
 endfacet
 facet normal  2.129457e-16 -1.000000e+00  1.104148e-15
   outer loop
     vertex -8.512876e+01 -2.500000e+01 -6.866002e+01
     vertex -9.494144e+01 -2.500000e+01 -6.033233e+01
     vertex -9.607630e+01 -2.500000e+01 -6.976629e+01
   endloop
 endfacet
 facet normal -1.369844e-15 -1.000000e+00 -7.608839e-16
   outer loop
     vertex -8.512876e+01 -2.500000e+01 -6.866002e+01
     vertex -8.608922e+01 -2.500000e+01 -6.226168e+01
     vertex -9.494144e+01 -2.500000e+01 -6.033233e+01
   endloop
 endfacet
 facet normal  7.562996e-16 -1.000000e+00 -4.417272e-16
   outer loop
     vertex -8.512876e+01 -2.500000e+01 -6.866002e+01
     vertex -7.734836e+01 -2.500000e+01 -6.338163e+01
     vertex -8.608922e+01 -2.500000e+01 -6.226168e+01
   endloop
 endfacet
 facet normal  5.979375e-16 -1.000000e+00 -5.576311e-16
   outer loop
     vertex -6.077718e+01 -2.500000e+01 -6.723695e+01
     vertex -6.716518e+01 -2.500000e+01 -7.408668e+01
     vertex -6.388114e+01 -2.500000e+01 -7.693634e+01
   endloop
 endfacet
 facet normal -4.896409e-16 -1.000000e+00  4.566346e-16
   outer loop
     vertex -6.077718e+01 -2.500000e+01 -6.723695e+01
     vertex -6.673901e+01 -2.500000e+01 -6.584949e+01
     vertex -6.716518e+01 -2.500000e+01 -7.408668e+01
   endloop
 endfacet
 facet normal -6.775336e-16 -1.000000e+00 -3.507346e-16
   outer loop
     vertex -6.077718e+01 -2.500000e+01 -6.723695e+01
     vertex -6.559470e+01 -2.500000e+01 -5.793068e+01
     vertex -6.673901e+01 -2.500000e+01 -6.584949e+01
   endloop
 endfacet
 facet normal  4.115953e-16 -1.000000e+00  2.130679e-16
   outer loop
     vertex -6.077718e+01 -2.500000e+01 -6.723695e+01
     vertex -5.692343e+01 -2.500000e+01 -5.800737e+01
     vertex -6.559470e+01 -2.500000e+01 -5.793068e+01
   endloop
 endfacet
 facet normal  1.640008e-16 -1.000000e+00 -4.187648e-16
   outer loop
     vertex -6.077718e+01 -2.500000e+01 -6.723695e+01
     vertex -6.388114e+01 -2.500000e+01 -7.693634e+01
     vertex -5.375718e+01 -2.500000e+01 -7.297149e+01
   endloop
 endfacet
 facet normal -3.830649e-16 -1.000000e+00 -4.315578e-16
   outer loop
     vertex -5.084460e+01 -2.500000e+01 -6.340314e+01
     vertex -4.856214e+01 -2.500000e+01 -5.719682e+01
     vertex -5.692343e+01 -2.500000e+01 -5.800737e+01
   endloop
 endfacet
 facet normal -2.385359e-16 -1.000000e+00  4.161186e-16
   outer loop
     vertex -5.084460e+01 -2.500000e+01 -6.340314e+01
     vertex -4.425721e+01 -2.500000e+01 -6.816472e+01
     vertex -4.499006e+01 -2.500000e+01 -6.004708e+01
   endloop
 endfacet
 facet normal  4.158011e-16 -1.000000e+00 -7.253521e-16
   outer loop
     vertex -5.084460e+01 -2.500000e+01 -6.340314e+01
     vertex -4.499006e+01 -2.500000e+01 -6.004708e+01
     vertex -4.856214e+01 -2.500000e+01 -5.719682e+01
   endloop
 endfacet
 facet normal -4.420558e-16 -1.000000e+00  1.345603e-16
   outer loop
     vertex -5.084460e+01 -2.500000e+01 -6.340314e+01
     vertex -5.375718e+01 -2.500000e+01 -7.297149e+01
     vertex -4.425721e+01 -2.500000e+01 -6.816472e+01
   endloop
 endfacet
 facet normal  2.492832e-16 -1.000000e+00  2.808404e-16
   outer loop
     vertex -5.084460e+01 -2.500000e+01 -6.340314e+01
     vertex -5.692343e+01 -2.500000e+01 -5.800737e+01
     vertex -6.077718e+01 -2.500000e+01 -6.723695e+01
   endloop
 endfacet
 facet normal  4.053027e-16 -1.000000e+00 -1.233728e-16
   outer loop
     vertex -5.084460e+01 -2.500000e+01 -6.340314e+01
     vertex -6.077718e+01 -2.500000e+01 -6.723695e+01
     vertex -5.375718e+01 -2.500000e+01 -7.297149e+01
   endloop
 endfacet
 facet normal  1.286008e-15 -1.000000e+00 -1.111474e-15
   outer loop
     vertex -1.045768e+02 -2.500000e+01 -4.929362e+01
     vertex -1.159980e+02 -2.500000e+01 -4.652632e+01
     vertex -1.122440e+02 -2.500000e+01 -5.496840e+01
   endloop
 endfacet
 facet normal  4.275557e-16 -1.000000e+00  4.838232e-17
   outer loop
     vertex -1.045768e+02 -2.500000e+01 -4.929362e+01
     vertex -1.122440e+02 -2.500000e+01 -5.496840e+01
     vertex -1.035882e+02 -2.500000e+01 -5.803002e+01
   endloop
 endfacet
 facet normal  0.000000e+00 -1.000000e+00  0.000000e+00
   outer loop
     vertex -1.045768e+02 -2.500000e+01 -4.929362e+01
     vertex -1.035882e+02 -2.500000e+01 -5.803002e+01
     vertex -9.323814e+01 -2.500000e+01 -5.093643e+01
   endloop
 endfacet
 facet normal -4.096034e-16 -1.000000e+00  1.094508e-15
   outer loop
     vertex -8.583584e+01 -2.500000e+01 -2.910123e+01
     vertex -9.640685e+01 -2.500000e+01 -2.656538e+01
     vertex -9.461079e+01 -2.500000e+01 -3.238513e+01
   endloop
 endfacet
 facet normal -2.087320e-16 -1.000000e+00  5.577562e-16
   outer loop
     vertex -8.583584e+01 -2.500000e+01 -2.910123e+01
     vertex -9.461079e+01 -2.500000e+01 -3.238513e+01
     vertex -8.666067e+01 -2.500000e+01 -3.577957e+01
   endloop
 endfacet
 facet normal -2.574042e-16 -1.000000e+00  5.637676e-16
   outer loop
     vertex -8.583584e+01 -2.500000e+01 -2.910123e+01
     vertex -8.666067e+01 -2.500000e+01 -3.577957e+01
     vertex -7.529517e+01 -2.500000e+01 -3.059032e+01
   endloop
 endfacet
 facet normal  1.023430e-17 -1.000000e+00  8.221590e-16
   outer loop
     vertex -1.091006e+02 -2.500000e+01 -7.626939e+00
     vertex -9.926883e+01 -2.500000e+01 -1.207053e+01
     vertex -9.969970e+01 -2.500000e+01 -7.743962e+00
   endloop
 endfacet
 facet normal -7.579625e-18 -1.000000e+00 -6.088989e-16
   outer loop
     vertex -1.091006e+02 -2.500000e+01 -7.626939e+00
     vertex -9.969970e+01 -2.500000e+01 -7.743962e+00
     vertex -1.062287e+02 -2.500000e+01 -1.828036e+00
   endloop
 endfacet
 facet normal -3.119486e-16 -1.000000e+00 -1.224537e-15
   outer loop
     vertex -1.091006e+02 -2.500000e+01 -7.626939e+00
     vertex -1.123863e+02 -2.500000e+01  4.815180e+00
     vertex -1.187131e+02 -2.500000e+01 -2.276887e+00
   endloop
 endfacet
 facet normal  6.973299e-16 -1.000000e+00 -9.580054e-16
   outer loop
     vertex -1.091006e+02 -2.500000e+01 -7.626939e+00
     vertex -1.062287e+02 -2.500000e+01 -1.828036e+00
     vertex -1.123863e+02 -2.500000e+01  4.815180e+00
   endloop
 endfacet
 facet normal  0.000000e+00 -1.000000e+00  0.000000e+00
   outer loop
     vertex -8.831336e+01 -2.500000e+01 -2.038191e+01
     vertex -9.747049e+01 -2.500000e+01 -2.234951e+01
     vertex -9.640685e+01 -2.500000e+01 -2.656538e+01
   endloop
 endfacet
 facet normal -2.813012e-16 -1.000000e+00  1.309169e-15
   outer loop
     vertex -8.831336e+01 -2.500000e+01 -2.038191e+01
     vertex -9.240951e+01 -2.500000e+01 -1.583462e+01
     vertex -9.747049e+01 -2.500000e+01 -2.234951e+01
   endloop
 endfacet
 facet normal -5.196849e-16 -1.000000e+00  1.094436e-15
   outer loop
     vertex -8.831336e+01 -2.500000e+01 -2.038191e+01
     vertex -8.694130e+01 -2.500000e+01 -9.991922e+00
     vertex -9.240951e+01 -2.500000e+01 -1.583462e+01
   endloop
 endfacet
 facet normal -5.115443e-16 -1.000000e+00  6.695549e-16
   outer loop
     vertex -8.831336e+01 -2.500000e+01 -2.038191e+01
     vertex -9.640685e+01 -2.500000e+01 -2.656538e+01
     vertex -8.583584e+01 -2.500000e+01 -2.910123e+01
   endloop
 endfacet
 facet normal -7.123320e-16 -1.000000e+00  1.119877e-15
   outer loop
     vertex -8.831336e+01 -2.500000e+01 -2.038191e+01
     vertex -7.987323e+01 -2.500000e+01 -1.501330e+01
     vertex -8.694130e+01 -2.500000e+01 -9.991922e+00
   endloop
 endfacet
 facet normal -4.185857e-16 -1.000000e+00  1.242752e-15
   outer loop
     vertex -7.797415e+01 -2.500000e+01 -2.291642e+01
     vertex -7.529517e+01 -2.500000e+01 -3.059032e+01
     vertex -7.125290e+01 -2.500000e+01 -2.351130e+01
   endloop
 endfacet
 facet normal -4.691218e-16 -1.000000e+00  6.717735e-16
   outer loop
     vertex -7.797415e+01 -2.500000e+01 -2.291642e+01
     vertex -7.125290e+01 -2.500000e+01 -2.351130e+01
     vertex -7.255206e+01 -2.500000e+01 -1.912999e+01
   endloop
 endfacet
 facet normal  0.000000e+00 -1.000000e+00  0.000000e+00
   outer loop
     vertex -7.797415e+01 -2.500000e+01 -2.291642e+01
     vertex -7.255206e+01 -2.500000e+01 -1.912999e+01
     vertex -7.987323e+01 -2.500000e+01 -1.501330e+01
   endloop
 endfacet
 facet normal -1.481461e-16 -1.000000e+00  1.337163e-15
   outer loop
     vertex -7.797415e+01 -2.500000e+01 -2.291642e+01
     vertex -8.583584e+01 -2.500000e+01 -2.910123e+01
     vertex -7.529517e+01 -2.500000e+01 -3.059032e+01
   endloop
 endfacet
 facet normal  2.147182e-16 -1.000000e+00  8.759165e-16
   outer loop
     vertex -7.797415e+01 -2.500000e+01 -2.291642e+01
     vertex -8.831336e+01 -2.500000e+01 -2.038191e+01
     vertex -8.583584e+01 -2.500000e+01 -2.910123e+01
   endloop
 endfacet
 facet normal  0.000000e+00 -1.000000e+00  0.000000e+00
   outer loop
     vertex -7.797415e+01 -2.500000e+01 -2.291642e+01
     vertex -7.987323e+01 -2.500000e+01 -1.501330e+01
     vertex -8.831336e+01 -2.500000e+01 -2.038191e+01
   endloop
 endfacet
 facet normal  2.994479e-16 -1.000000e+00  2.134988e-15
   outer loop
     vertex -1.139763e+02 -2.500000e+01  1.937958e+01
     vertex -1.181624e+02 -2.500000e+01  1.164649e+01
     vertex -1.056146e+02 -2.500000e+01  1.155062e+01
   endloop
 endfacet
 facet normal  2.263207e-17 -1.000000e+00 -7.875885e-16
   outer loop
     vertex -1.139763e+02 -2.500000e+01  1.937958e+01
     vertex -1.217631e+02 -2.500000e+01  2.817757e+01
     vertex -1.235120e+02 -2.500000e+01  1.910556e+01
   endloop
 endfacet
 facet normal -6.705190e-17 -1.000000e+00  2.333383e-15
   outer loop
     vertex -1.139763e+02 -2.500000e+01  1.937958e+01
     vertex -1.235120e+02 -2.500000e+01  1.910556e+01
     vertex -1.181624e+02 -2.500000e+01  1.164649e+01
   endloop
 endfacet
 facet normal  4.345498e-16 -1.000000e+00  1.698285e-15
   outer loop
     vertex -8.705175e+01 -2.500000e+01  2.523224e+01
     vertex -9.427296e+01 -2.500000e+01  3.335580e+01
     vertex -9.612872e+01 -2.500000e+01  2.755482e+01
   endloop
 endfacet
 facet normal -4.428872e-16 -1.000000e+00 -1.730869e-15
   outer loop
     vertex -8.705175e+01 -2.500000e+01  2.523224e+01
     vertex -9.612872e+01 -2.500000e+01  2.755482e+01
     vertex -9.154883e+01 -2.500000e+01  2.022526e+01
   endloop
 endfacet
 facet normal -1.078596e-15 -1.000000e+00 -1.159901e-15
   outer loop
     vertex -8.705175e+01 -2.500000e+01  2.523224e+01
     vertex -9.154883e+01 -2.500000e+01  2.022526e+01
     vertex -7.925720e+01 -2.500000e+01  1.798406e+01
   endloop
 endfacet
 facet normal  6.059956e-16 -1.000000e+00 -1.103687e-15
   outer loop
     vertex -9.385409e+01 -2.500000e+01  5.614727e+01
     vertex -8.818081e+01 -2.500000e+01  5.926226e+01
     vertex -8.943355e+01 -2.500000e+01  6.823128e+01
   endloop
 endfacet
 facet normal -1.032481e-15 -1.000000e+00 -5.043042e-16
   outer loop
     vertex -9.385409e+01 -2.500000e+01  5.614727e+01
     vertex -8.943355e+01 -2.500000e+01  6.823128e+01
     vertex -9.868131e+01 -2.500000e+01  6.603022e+01
   endloop
 endfacet
 facet normal  0.000000e+00 -1.000000e+00  0.000000e+00
   outer loop
     vertex -9.385409e+01 -2.500000e+01  5.614727e+01
     vertex -8.620793e+01 -2.500000e+01  5.067734e+01
     vertex -8.818081e+01 -2.500000e+01  5.926226e+01
   endloop
 endfacet
 facet normal  9.567558e-16 -1.000000e+00  1.337405e-15
   outer loop
     vertex -9.385409e+01 -2.500000e+01  5.614727e+01
     vertex -8.832931e+01 -2.500000e+01  4.688209e+01
     vertex -8.620793e+01 -2.500000e+01  5.067734e+01
   endloop
 endfacet
 facet normal  2.807471e-16 -1.000000e+00  1.561567e-15
   outer loop
     vertex -8.409607e+01 -2.500000e+01  3.380124e+01
     vertex -9.427296e+01 -2.500000e+01  3.335580e+01
     vertex -8.705175e+01 -2.500000e+01  2.523224e+01
   endloop
 endfacet
 facet normal -2.588415e-16 -1.000000e+00 -6.174673e-16
   outer loop
     vertex -8.409607e+01 -2.500000e+01  3.380124e+01
     vertex -8.485510e+01 -2.500000e+01  3.987311e+01
     vertex -9.273390e+01 -2.500000e+01  3.742221e+01
   endloop
 endfacet
 facet normal -5.598877e-17 -1.000000e+00 -1.326209e-15
   outer loop
     vertex -8.409607e+01 -2.500000e+01  3.380124e+01
     vertex -7.410098e+01 -2.500000e+01  3.337927e+01
     vertex -7.702669e+01 -2.500000e+01  4.153934e+01
   endloop
 endfacet
 facet normal  3.160923e-16 -1.000000e+00  7.540392e-16
   outer loop
     vertex -8.409607e+01 -2.500000e+01  3.380124e+01
     vertex -9.273390e+01 -2.500000e+01  3.742221e+01
     vertex -9.427296e+01 -2.500000e+01  3.335580e+01
   endloop
 endfacet
 facet normal -7.628139e-16 -1.000000e+00 -6.804673e-16
   outer loop
     vertex -8.409607e+01 -2.500000e+01  3.380124e+01
     vertex -7.702669e+01 -2.500000e+01  4.153934e+01
     vertex -8.485510e+01 -2.500000e+01  3.987311e+01
   endloop
 endfacet
 facet normal  3.898949e-17 -1.000000e+00  9.235461e-16
   outer loop
     vertex -7.706449e+01 -2.500000e+01  2.581075e+01
     vertex -7.410098e+01 -2.500000e+01  3.337927e+01
     vertex -8.409607e+01 -2.500000e+01  3.380124e+01
   endloop
 endfacet
 facet normal  5.939990e-17 -1.000000e+00  8.912050e-16
   outer loop
     vertex -7.706449e+01 -2.500000e+01  2.581075e+01
     vertex -7.925720e+01 -2.500000e+01  1.798406e+01
     vertex -7.189149e+01 -2.500000e+01  2.147955e+01
   endloop
 endfacet
 facet normal  6.697312e-16 -1.000000e+00  7.202160e-16
   outer loop
     vertex -7.706449e+01 -2.500000e+01  2.581075e+01
     vertex -8.705175e+01 -2.500000e+01  2.523224e+01
     vertex -7.925720e+01 -2.500000e+01  1.798406e+01
   endloop
 endfacet
 facet normal  6.279332e-16 -1.000000e+00  1.441813e-15
   outer loop
     vertex -7.706449e+01 -2.500000e+01  2.581075e+01
     vertex -8.409607e+01 -2.500000e+01  3.380124e+01
     vertex -8.705175e+01 -2.500000e+01  2.523224e+01
   endloop
 endfacet
 facet normal  5.365431e-16 -1.000000e+00  7.287254e-16
   outer loop
     vertex -7.706449e+01 -2.500000e+01  2.581075e+01
     vertex -7.045053e+01 -2.500000e+01  2.581629e+01
     vertex -7.410098e+01 -2.500000e+01  3.337927e+01
   endloop
 endfacet
 facet normal  5.359301e-16 -1.000000e+00  1.460352e-15
   outer loop
     vertex -7.706449e+01 -2.500000e+01  2.581075e+01
     vertex -7.189149e+01 -2.500000e+01  2.147955e+01
     vertex -7.045053e+01 -2.500000e+01  2.581629e+01
   endloop
 endfacet
 facet normal  3.181941e-16 -1.000000e+00  1.165832e-15
   outer loop
     vertex -8.240851e+01 -2.500000e+01  8.108639e+01
     vertex -9.039042e+01 -2.500000e+01  8.631228e+01
     vertex -9.026620e+01 -2.500000e+01  7.713629e+01
   endloop
 endfacet
 facet normal  6.728434e-16 -1.000000e+00  4.603509e-16
   outer loop
     vertex -8.240851e+01 -2.500000e+01  8.108639e+01
     vertex -9.026620e+01 -2.500000e+01  7.713629e+01
     vertex -8.002478e+01 -2.500000e+01  6.988495e+01
   endloop
 endfacet
 facet normal -2.855824e-15 -1.000000e+00 -3.682093e-15
   outer loop
     vertex -8.240851e+01 -2.500000e+01  8.108639e+01
     vertex -8.376736e+01 -2.500000e+01  9.275380e+01
     vertex -9.039042e+01 -2.500000e+01  8.631228e+01
   endloop
 endfacet
 facet normal  3.163584e-15 -1.000000e+00 -2.981041e-15
   outer loop
     vertex -7.396242e+01 -2.500000e+01  8.885790e+01
     vertex -8.376736e+01 -2.500000e+01  9.275380e+01
     vertex -8.240851e+01 -2.500000e+01  8.108639e+01
   endloop
 endfacet
 facet normal -5.664784e-14 -1.000000e+00  5.839712e-14
   outer loop
     vertex -7.396242e+01 -2.500000e+01  8.885790e+01
     vertex -6.190277e+01 -2.500000e+01  9.392506e+01
     vertex -7.060139e+01 -2.500000e+01  9.546430e+01
   endloop
 endfacet
 facet normal  2.285787e-14 -1.000000e+00  1.794824e-14
   outer loop
     vertex -7.396242e+01 -2.500000e+01  8.885790e+01
     vertex -7.060139e+01 -2.500000e+01  9.546430e+01
     vertex -7.965637e+01 -2.500000e+01  9.630734e+01
   endloop
 endfacet
 facet normal -8.289217e-15 -1.000000e+00 -5.669463e-14
   outer loop
     vertex -7.396242e+01 -2.500000e+01  8.885790e+01
     vertex -6.466088e+01 -2.500000e+01  8.430207e+01
     vertex -6.190277e+01 -2.500000e+01  9.392506e+01
   endloop
 endfacet
 facet normal  6.516735e-15 -1.000000e+00  5.457952e-15
   outer loop
     vertex -7.396242e+01 -2.500000e+01  8.885790e+01
     vertex -7.965637e+01 -2.500000e+01  9.630734e+01
     vertex -8.376736e+01 -2.500000e+01  9.275380e+01
   endloop
 endfacet
 facet normal -1.703218e-15 -1.000000e+00  2.308205e-15
   outer loop
     vertex -7.270109e+01 -2.500000e+01  7.747530e+01
     vertex -7.396242e+01 -2.500000e+01  8.885790e+01
     vertex -8.240851e+01 -2.500000e+01  8.108639e+01
   endloop
 endfacet
 facet normal  2.189049e-14 -1.000000e+00  4.922679e-15
   outer loop
     vertex -7.270109e+01 -2.500000e+01  7.747530e+01
     vertex -6.466088e+01 -2.500000e+01  8.430207e+01
     vertex -7.396242e+01 -2.500000e+01  8.885790e+01
   endloop
 endfacet
 facet normal  2.330872e-16 -1.000000e+00 -3.033239e-15
   outer loop
     vertex -7.270109e+01 -2.500000e+01  7.747530e+01
     vertex -8.002478e+01 -2.500000e+01  6.988495e+01
     vertex -7.082961e+01 -2.500000e+01  7.059155e+01
   endloop
 endfacet
 facet normal  6.877453e-15 -1.000000e+00  2.260422e-14
   outer loop
     vertex -7.270109e+01 -2.500000e+01  7.747530e+01
     vertex -6.640078e+01 -2.500000e+01  7.477254e+01
     vertex -6.466088e+01 -2.500000e+01  8.430207e+01
   endloop
 endfacet
 facet normal -2.653964e-15 -1.000000e+00 -2.476136e-16
   outer loop
     vertex -7.270109e+01 -2.500000e+01  7.747530e+01
     vertex -8.240851e+01 -2.500000e+01  8.108639e+01
     vertex -8.002478e+01 -2.500000e+01  6.988495e+01
   endloop
 endfacet
 facet normal -4.695515e-15 -1.000000e+00 -4.373175e-15
   outer loop
     vertex -7.270109e+01 -2.500000e+01  7.747530e+01
     vertex -7.082961e+01 -2.500000e+01  7.059155e+01
     vertex -6.640078e+01 -2.500000e+01  7.477254e+01
   endloop
 endfacet
 facet normal  9.595838e-14 -1.000000e+00  2.770825e-13
   outer loop
     vertex -5.202678e+01 -2.500000e+01  1.101933e+02
     vertex -5.397239e+01 -2.500000e+01  1.127262e+02
     vertex -6.004657e+01 -2.500000e+01  1.096113e+02
   endloop
 endfacet
 facet normal -1.068777e-12 -1.000000e+00 -6.175705e-13
   outer loop
     vertex -5.202678e+01 -2.500000e+01  1.101933e+02
     vertex -4.493309e+01 -2.500000e+01  1.166247e+02
     vertex -5.397239e+01 -2.500000e+01  1.127262e+02
   endloop
 endfacet
 facet normal  1.060736e-13 -1.000000e+00  1.376822e-13
   outer loop
     vertex -5.202678e+01 -2.500000e+01  1.101933e+02
     vertex -6.004657e+01 -2.500000e+01  1.096113e+02
     vertex -5.843235e+01 -2.500000e+01  1.033618e+02
   endloop
 endfacet
 facet normal  2.697308e-13 -1.000000e+00 -1.577147e-14
   outer loop
     vertex -4.927039e+01 -2.500000e+01  9.763977e+01
     vertex -5.202678e+01 -2.500000e+01  1.101933e+02
     vertex -5.843235e+01 -2.500000e+01  1.033618e+02
   endloop
 endfacet
 facet normal  1.203496e-13 -1.000000e+00  4.180120e-13
   outer loop
     vertex -4.927039e+01 -2.500000e+01  9.763977e+01
     vertex -6.190277e+01 -2.500000e+01  9.392506e+01
     vertex -5.331990e+01 -2.500000e+01  9.189592e+01
   endloop
 endfacet
 facet normal  2.548948e-13 -1.000000e+00 -3.952672e-14
   outer loop
     vertex -4.927039e+01 -2.500000e+01  9.763977e+01
     vertex -5.843235e+01 -2.500000e+01  1.033618e+02
     vertex -6.190277e+01 -2.500000e+01  9.392506e+01
   endloop
 endfacet
 facet normal  4.241068e-13 -1.000000e+00  2.038580e-13
   outer loop
     vertex -4.927039e+01 -2.500000e+01  9.763977e+01
     vertex -5.331990e+01 -2.500000e+01  9.189592e+01
     vertex -4.520489e+01 -2.500000e+01  8.919931e+01
   endloop
 endfacet
 facet normal -1.149555e-12 -1.000000e+00 -5.541253e-13
   outer loop
     vertex -4.927039e+01 -2.500000e+01  9.763977e+01
     vertex -4.520489e+01 -2.500000e+01  8.919931e+01
     vertex -4.084235e+01 -2.500000e+01  9.127924e+01
   endloop
 endfacet
 facet normal -2.019426e-12 -1.000000e+00  3.903222e-12
   outer loop
     vertex -3.313294e+01 -2.500000e+01  1.042270e+02
     vertex -4.084235e+01 -2.500000e+01  9.127924e+01
     vertex -3.520972e+01 -2.500000e+01  9.359632e+01
   endloop
 endfacet
 facet normal  7.470147e-12 -1.000000e+00  2.049367e-12
   outer loop
     vertex -3.313294e+01 -2.500000e+01  1.042270e+02
     vertex -3.520972e+01 -2.500000e+01  9.359632e+01
     vertex -3.065663e+01 -2.500000e+01  9.518499e+01
   endloop
 endfacet
 facet normal -8.168765e-12 -1.000000e+00 -2.233623e-12
   outer loop
     vertex -3.313294e+01 -2.500000e+01  1.042270e+02
     vertex -3.065663e+01 -2.500000e+01  9.518499e+01
     vertex -2.652859e+01 -2.500000e+01  1.028791e+02
   endloop
 endfacet
 facet normal -9.469300e-12 -1.000000e+00 -8.606175e-12
   outer loop
     vertex -3.313294e+01 -2.500000e+01  1.042270e+02
     vertex -2.652859e+01 -2.500000e+01  1.028791e+02
     vertex -2.162734e+01 -2.500000e+01  1.103916e+02
   endloop
 endfacet
 facet normal -1.495361e-11 -1.000000e+00  1.629709e-12
   outer loop
     vertex -3.313294e+01 -2.500000e+01  1.042270e+02
     vertex -2.162734e+01 -2.500000e+01  1.103916e+02
     vertex -3.010757e+01 -2.500000e+01  1.148543e+02
   endloop
 endfacet
 facet normal -1.914863e-11 -1.000000e+00  9.285128e-11
   outer loop
     vertex -5.269843e+00 -2.500000e+01  7.796095e+01
     vertex -5.672133e-01 -2.500000e+01  8.125218e+01
     vertex -1.477967e+01 -2.500000e+01  9.258508e+01
   endloop
 endfacet
 facet normal -1.654551e-10 -1.000000e+00 -2.289359e-12
   outer loop
     vertex -5.269843e+00 -2.500000e+01  7.796095e+01
     vertex -1.477967e+01 -2.500000e+01  9.258508e+01
     vertex -1.400980e+01 -2.500000e+01  8.005684e+01
   endloop
 endfacet
 facet normal -4.423564e-10 -1.000000e+00 -3.994332e-11
   outer loop
     vertex -5.269843e+00 -2.500000e+01  7.796095e+01
     vertex -8.806957e+00 -2.500000e+01  7.451705e+01
     vertex -3.988577e+00 -2.500000e+01  7.490089e+01
   endloop
 endfacet
 facet normal -2.274224e-10 -1.000000e+00 -2.606950e-10
   outer loop
     vertex -5.269843e+00 -2.500000e+01  7.796095e+01
     vertex -1.400980e+01 -2.500000e+01  8.005684e+01
     vertex -8.806957e+00 -2.500000e+01  7.451705e+01
   endloop
 endfacet
 facet normal -4.318358e-11 -1.000000e+00  1.271932e-10
   outer loop
     vertex -5.269843e+00 -2.500000e+01  7.796095e+01
     vertex -3.988577e+00 -2.500000e+01  7.490089e+01
     vertex -5.672133e-01 -2.500000e+01  8.125218e+01
   endloop
 endfacet
 facet normal -9.373800e-16 -1.000000e+00  9.580363e-16
   outer loop
     vertex  9.007085e+00 -2.500000e+01 -1.168268e+02
     vertex  2.019525e+01 -2.500000e+01 -1.170049e+02
     vertex  1.372514e+01 -2.500000e+01 -1.085022e+02
   endloop
 endfacet
 facet normal -9.892453e-16 -1.000000e+00 -2.300976e-15
   outer loop
     vertex  9.007085e+00 -2.500000e+01 -1.168268e+02
     vertex  1.212097e+01 -2.500000e+01 -1.212536e+02
     vertex  2.019525e+01 -2.500000e+01 -1.170049e+02
   endloop
 endfacet
 facet normal  1.436927e-15 -1.000000e+00 -5.943415e-16
   outer loop
     vertex  6.465077e+00 -2.500000e+01 -1.169950e+02
     vertex  1.212097e+01 -2.500000e+01 -1.212536e+02
     vertex  9.007085e+00 -2.500000e+01 -1.168268e+02
   endloop
 endfacet
 facet normal  2.268033e-15 -1.000000e+00  5.094740e-16
   outer loop
     vertex  6.465077e+00 -2.500000e+01 -1.169950e+02
     vertex  3.548367e+00 -2.500000e+01 -1.249306e+02
     vertex  1.212097e+01 -2.500000e+01 -1.212536e+02
   endloop
 endfacet
 facet normal  1.275338e-15 -1.000000e+00 -2.963035e-16
   outer loop
     vertex -2.544148e+01 -2.500000e+01 -1.143782e+02
     vertex -2.455330e+01 -2.500000e+01 -1.225454e+02
     vertex -1.920296e+01 -2.500000e+01 -1.234969e+02
   endloop
 endfacet
 facet normal  1.016926e-16 -1.000000e+00  4.348279e-16
   outer loop
     vertex -2.792211e+01 -2.500000e+01 -1.137980e+02
     vertex -2.544148e+01 -2.500000e+01 -1.143782e+02
     vertex -3.055501e+01 -2.500000e+01 -1.050119e+02
   endloop
 endfacet
 facet normal -6.144450e-16 -1.000000e+00  2.202265e-16
   outer loop
     vertex -2.792211e+01 -2.500000e+01 -1.137980e+02
     vertex -3.055501e+01 -2.500000e+01 -1.050119e+02
     vertex -3.890609e+01 -2.500000e+01 -1.121798e+02
   endloop
 endfacet
 facet normal -1.043868e-16 -1.000000e+00 -4.463481e-16
   outer loop
     vertex -2.792211e+01 -2.500000e+01 -1.137980e+02
     vertex -2.455330e+01 -2.500000e+01 -1.225454e+02
     vertex -2.544148e+01 -2.500000e+01 -1.143782e+02
   endloop
 endfacet
 facet normal -1.069686e-16 -1.000000e+00 -4.473424e-16
   outer loop
     vertex -2.792211e+01 -2.500000e+01 -1.137980e+02
     vertex -3.353920e+01 -2.500000e+01 -1.203967e+02
     vertex -2.455330e+01 -2.500000e+01 -1.225454e+02
   endloop
 endfacet
 facet normal -6.452847e-16 -1.000000e+00  1.089773e-17
   outer loop
     vertex -2.792211e+01 -2.500000e+01 -1.137980e+02
     vertex -3.890609e+01 -2.500000e+01 -1.121798e+02
     vertex -3.353920e+01 -2.500000e+01 -1.203967e+02
   endloop
 endfacet
 facet normal  3.285377e-16 -1.000000e+00 -7.021574e-16
   outer loop
     vertex -5.880384e+01 -2.500000e+01 -9.035570e+01
     vertex -4.734354e+01 -2.500000e+01 -9.511288e+01
     vertex -5.034938e+01 -2.500000e+01 -8.639988e+01
   endloop
 endfacet
 facet normal  3.391865e-16 -1.000000e+00 -6.765039e-16
   outer loop
     vertex -5.880384e+01 -2.500000e+01 -9.035570e+01
     vertex -5.758741e+01 -2.500000e+01 -1.002490e+02
     vertex -4.734354e+01 -2.500000e+01 -9.511288e+01
   endloop
 endfacet
 facet normal -1.510476e-15 -1.000000e+00  6.915937e-16
   outer loop
     vertex -5.880384e+01 -2.500000e+01 -9.035570e+01
     vertex -5.551581e+01 -2.500000e+01 -8.317448e+01
     vertex -5.907895e+01 -2.500000e+01 -8.068257e+01
   endloop
 endfacet
 facet normal  0.000000e+00 -1.000000e+00  0.000000e+00
   outer loop
     vertex -5.880384e+01 -2.500000e+01 -9.035570e+01
     vertex -5.034938e+01 -2.500000e+01 -8.639988e+01
     vertex -5.551581e+01 -2.500000e+01 -8.317448e+01
   endloop
 endfacet
 facet normal -3.184015e-16 -1.000000e+00 -3.187384e-16
   outer loop
     vertex -8.628947e+01 -2.500000e+01 -7.927018e+01
     vertex -9.022975e+01 -2.500000e+01 -8.648024e+01
     vertex -8.638514e+01 -2.500000e+01 -9.032078e+01
   endloop
 endfacet
 facet normal  1.096623e-16 -1.000000e+00 -4.171523e-16
   outer loop
     vertex -8.799243e+01 -2.500000e+01 -7.737550e+01
     vertex -9.637185e+01 -2.500000e+01 -7.957831e+01
     vertex -9.022975e+01 -2.500000e+01 -8.648024e+01
   endloop
 endfacet
 facet normal -3.409272e-16 -1.000000e+00 -3.064281e-16
   outer loop
     vertex -8.799243e+01 -2.500000e+01 -7.737550e+01
     vertex -9.022975e+01 -2.500000e+01 -8.648024e+01
     vertex -8.628947e+01 -2.500000e+01 -7.927018e+01
   endloop
 endfacet
 facet normal  2.878314e-16 -1.000000e+00 -1.094903e-15
   outer loop
     vertex -8.799243e+01 -2.500000e+01 -7.737550e+01
     vertex -9.607630e+01 -2.500000e+01 -6.976629e+01
     vertex -9.637185e+01 -2.500000e+01 -7.957831e+01
   endloop
 endfacet
 facet normal  4.208800e-16 -1.000000e+00 -9.535545e-16
   outer loop
     vertex -8.799243e+01 -2.500000e+01 -7.737550e+01
     vertex -8.512876e+01 -2.500000e+01 -6.866002e+01
     vertex -9.607630e+01 -2.500000e+01 -6.976629e+01
   endloop
 endfacet
 facet normal -6.642320e-16 -1.000000e+00 -5.970171e-16
   outer loop
     vertex -8.799243e+01 -2.500000e+01 -7.737550e+01
     vertex -8.628947e+01 -2.500000e+01 -7.927018e+01
     vertex -8.512876e+01 -2.500000e+01 -6.866002e+01
   endloop
 endfacet
 facet normal  5.976211e-16 -1.000000e+00 -1.013316e-15
   outer loop
     vertex -9.991714e+01 -2.500000e+01 -4.047973e+01
     vertex -9.072086e+01 -2.500000e+01 -4.206811e+01
     vertex -9.311359e+01 -2.500000e+01 -3.646722e+01
   endloop
 endfacet
 facet normal -4.220015e-16 -1.000000e+00  7.155386e-16
   outer loop
     vertex -9.991714e+01 -2.500000e+01 -4.047973e+01
     vertex -9.311359e+01 -2.500000e+01 -3.646722e+01
     vertex -9.461079e+01 -2.500000e+01 -3.238513e+01
   endloop
 endfacet
 facet normal  5.386537e-16 -1.000000e+00 -1.354721e-15
   outer loop
     vertex -9.991714e+01 -2.500000e+01 -4.047973e+01
     vertex -9.323814e+01 -2.500000e+01 -5.093643e+01
     vertex -9.072086e+01 -2.500000e+01 -4.206811e+01
   endloop
 endfacet
 facet normal -2.712287e-16 -1.000000e+00 -1.872017e-15
   outer loop
     vertex -9.991714e+01 -2.500000e+01 -4.047973e+01
     vertex -1.045768e+02 -2.500000e+01 -4.929362e+01
     vertex -9.323814e+01 -2.500000e+01 -5.093643e+01
   endloop
 endfacet
 facet normal -6.075754e-16 -1.000000e+00  1.219603e-15
   outer loop
     vertex -1.161211e+02 -2.500000e+01 -1.566958e+01
     vertex -1.234765e+02 -2.500000e+01 -1.933387e+01
     vertex -1.225193e+02 -2.500000e+01 -2.468305e+01
   endloop
 endfacet
 facet normal -3.082801e-16 -1.000000e+00  3.505842e-16
   outer loop
     vertex -1.164343e+02 -2.500000e+01 -1.314142e+01
     vertex -1.245674e+02 -2.500000e+01 -1.015942e+01
     vertex -1.234765e+02 -2.500000e+01 -1.933387e+01
   endloop
 endfacet
 facet normal  4.431543e-16 -1.000000e+00  5.490202e-17
   outer loop
     vertex -1.164343e+02 -2.500000e+01 -1.314142e+01
     vertex -1.161211e+02 -2.500000e+01 -1.566958e+01
     vertex -1.091006e+02 -2.500000e+01 -7.626939e+00
   endloop
 endfacet
 facet normal -4.732147e-16 -1.000000e+00 -9.925789e-17
   outer loop
     vertex -1.164343e+02 -2.500000e+01 -1.314142e+01
     vertex -1.187131e+02 -2.500000e+01 -2.276887e+00
     vertex -1.245674e+02 -2.500000e+01 -1.015942e+01
   endloop
 endfacet
 facet normal  0.000000e+00 -1.000000e+00 -0.000000e+00
   outer loop
     vertex -1.164343e+02 -2.500000e+01 -1.314142e+01
     vertex -1.234765e+02 -2.500000e+01 -1.933387e+01
     vertex -1.161211e+02 -2.500000e+01 -1.566958e+01
   endloop
 endfacet
 facet normal  4.184405e-16 -1.000000e+00  8.776886e-17
   outer loop
     vertex -1.164343e+02 -2.500000e+01 -1.314142e+01
     vertex -1.091006e+02 -2.500000e+01 -7.626939e+00
     vertex -1.187131e+02 -2.500000e+01 -2.276887e+00
   endloop
 endfacet
 facet normal -1.554514e-15 -1.000000e+00 -2.655500e-15
   outer loop
     vertex -1.051122e+02 -2.500000e+01  2.394742e+01
     vertex -9.847679e+01 -2.500000e+01  1.738738e+01
     vertex -9.723563e+01 -2.500000e+01  2.335016e+01
   endloop
 endfacet
 facet normal -1.326669e-15 -1.000000e+00  3.492566e-16
   outer loop
     vertex -1.051122e+02 -2.500000e+01  2.394742e+01
     vertex -9.723563e+01 -2.500000e+01  2.335016e+01
     vertex -9.612872e+01 -2.500000e+01  2.755482e+01
   endloop
 endfacet
 facet normal  1.574410e-15 -1.000000e+00  5.093492e-16
   outer loop
     vertex -1.051122e+02 -2.500000e+01  2.394742e+01
     vertex -1.056146e+02 -2.500000e+01  1.155062e+01
     vertex -9.847679e+01 -2.500000e+01  1.738738e+01
   endloop
 endfacet
 facet normal -1.120356e-15 -1.000000e+00  6.185790e-16
   outer loop
     vertex -1.051122e+02 -2.500000e+01  2.394742e+01
     vertex -1.139763e+02 -2.500000e+01  1.937958e+01
     vertex -1.056146e+02 -2.500000e+01  1.155062e+01
   endloop
 endfacet
 facet normal -5.084594e-16 -1.000000e+00 -4.855631e-16
   outer loop
     vertex -1.042146e+02 -2.500000e+01  5.356260e+01
     vertex -1.123456e+02 -2.500000e+01  5.476036e+01
     vertex -1.146198e+02 -2.500000e+01  4.982507e+01
   endloop
 endfacet
 facet normal  8.479624e-16 -1.000000e+00 -2.024481e-15
   outer loop
     vertex -1.030255e+02 -2.500000e+01  5.581551e+01
     vertex -1.042146e+02 -2.500000e+01  5.356260e+01
     vertex -9.385409e+01 -2.500000e+01  5.614727e+01
   endloop
 endfacet
 facet normal  7.612823e-16 -1.000000e+00  3.718401e-16
   outer loop
     vertex -1.030255e+02 -2.500000e+01  5.581551e+01
     vertex -9.385409e+01 -2.500000e+01  5.614727e+01
     vertex -9.868131e+01 -2.500000e+01  6.603022e+01
   endloop
 endfacet
 facet normal  6.180260e-16 -1.000000e+00  4.327659e-16
   outer loop
     vertex -1.030255e+02 -2.500000e+01  5.581551e+01
     vertex -9.868131e+01 -2.500000e+01  6.603022e+01
     vertex -1.079934e+02 -2.500000e+01  6.291001e+01
   endloop
 endfacet
 facet normal -6.209506e-16 -1.000000e+00 -1.249211e-15
   outer loop
     vertex -1.030255e+02 -2.500000e+01  5.581551e+01
     vertex -1.123456e+02 -2.500000e+01  5.476036e+01
     vertex -1.042146e+02 -2.500000e+01  5.356260e+01
   endloop
 endfacet
 facet normal -7.063783e-16 -1.000000e+00 -4.946336e-16
   outer loop
     vertex -1.030255e+02 -2.500000e+01  5.581551e+01
     vertex -1.079934e+02 -2.500000e+01  6.291001e+01
     vertex -1.123456e+02 -2.500000e+01  5.476036e+01
   endloop
 endfacet
 facet normal -1.107385e-12 -1.000000e+00 -4.982476e-13
   outer loop
     vertex -4.227543e+01 -2.500000e+01  1.076057e+02
     vertex -4.927039e+01 -2.500000e+01  9.763977e+01
     vertex -4.084235e+01 -2.500000e+01  9.127924e+01
   endloop
 endfacet
 facet normal  4.540174e-12 -1.000000e+00 -2.525112e-15
   outer loop
     vertex -4.227543e+01 -2.500000e+01  1.076057e+02
     vertex -4.084235e+01 -2.500000e+01  9.127924e+01
     vertex -3.313294e+01 -2.500000e+01  1.042270e+02
   endloop
 endfacet
 facet normal  3.230323e-12 -1.000000e+00 -3.546862e-12
   outer loop
     vertex -4.227543e+01 -2.500000e+01  1.076057e+02
     vertex -3.313294e+01 -2.500000e+01  1.042270e+02
     vertex -3.010757e+01 -2.500000e+01  1.148543e+02
   endloop
 endfacet
 facet normal -1.302836e-12 -1.000000e+00 -3.610623e-13
   outer loop
     vertex -4.227543e+01 -2.500000e+01  1.076057e+02
     vertex -5.202678e+01 -2.500000e+01  1.101933e+02
     vertex -4.927039e+01 -2.500000e+01  9.763977e+01
   endloop
 endfacet
 facet normal  4.380409e-12 -1.000000e+00  1.314824e-12
   outer loop
     vertex -4.227543e+01 -2.500000e+01  1.076057e+02
     vertex -3.925620e+01 -2.500000e+01  1.186553e+02
     vertex -4.493309e+01 -2.500000e+01  1.166247e+02
   endloop
 endfacet
 facet normal -1.302497e-12 -1.000000e+00 -3.597840e-13
   outer loop
     vertex -4.227543e+01 -2.500000e+01  1.076057e+02
     vertex -4.493309e+01 -2.500000e+01  1.166247e+02
     vertex -5.202678e+01 -2.500000e+01  1.101933e+02
   endloop
 endfacet
 facet normal -4.525684e-13 -1.000000e+00  2.635399e-12
   outer loop
     vertex -4.227543e+01 -2.500000e+01  1.076057e+02
     vertex -3.010757e+01 -2.500000e+01  1.148543e+02
     vertex -3.925620e+01 -2.500000e+01  1.186553e+02
   endloop
 endfacet
 facet normal  1.778564e-15 -1.000000e+00 -5.812436e-16
   outer loop
     vertex  1.717011e+00 -2.500000e+01 -1.085726e+02
     vertex  9.007085e+00 -2.500000e+01 -1.168268e+02
     vertex  1.372514e+01 -2.500000e+01 -1.085022e+02
   endloop
 endfacet
 facet normal  1.454970e-15 -1.000000e+00 -8.670400e-16
   outer loop
     vertex  1.717011e+00 -2.500000e+01 -1.085726e+02
     vertex  6.465077e+00 -2.500000e+01 -1.169950e+02
     vertex  9.007085e+00 -2.500000e+01 -1.168268e+02
   endloop
 endfacet
 facet normal  1.770924e-15 -1.000000e+00  7.208051e-16
   outer loop
     vertex  1.717011e+00 -2.500000e+01 -1.085726e+02
     vertex  1.372514e+01 -2.500000e+01 -1.085022e+02
     vertex  8.123901e+00 -2.500000e+01 -9.966946e+01
   endloop
 endfacet
 facet normal  2.925959e-15 -1.000000e+00 -1.103799e-16
   outer loop
     vertex  1.717011e+00 -2.500000e+01 -1.085726e+02
     vertex  8.123901e+00 -2.500000e+01 -9.966946e+01
     vertex  2.041194e+00 -2.500000e+01 -9.997916e+01
   endloop
 endfacet
 facet normal -1.634325e-15 -1.000000e+00 -1.361944e-16
   outer loop
     vertex -1.590140e+00 -2.500000e+01 -1.085746e+02
     vertex  2.041194e+00 -2.500000e+01 -9.997916e+01
     vertex -2.306909e+00 -2.500000e+01 -9.997338e+01
   endloop
 endfacet
 facet normal -2.347075e-15 -1.000000e+00 -1.955905e-16
   outer loop
     vertex -1.590140e+00 -2.500000e+01 -1.085746e+02
     vertex -2.306909e+00 -2.500000e+01 -9.997338e+01
     vertex -8.388771e+00 -2.500000e+01 -9.964752e+01
   endloop
 endfacet
 facet normal -2.148552e-15 -1.000000e+00  8.105273e-17
   outer loop
     vertex -1.590140e+00 -2.500000e+01 -1.085746e+02
     vertex  1.717011e+00 -2.500000e+01 -1.085726e+02
     vertex  2.041194e+00 -2.500000e+01 -9.997916e+01
   endloop
 endfacet
 facet normal  1.608428e-15 -1.000000e+00 -2.932352e-16
   outer loop
     vertex -1.640739e+01 -2.500000e+01 -1.073395e+02
     vertex -1.271259e+01 -2.500000e+01 -9.918864e+01
     vertex -1.701237e+01 -2.500000e+01 -9.854227e+01
   endloop
 endfacet
 facet normal -3.703554e-16 -1.000000e+00  1.309833e-15
   outer loop
     vertex -1.640739e+01 -2.500000e+01 -1.073395e+02
     vertex -1.590140e+00 -2.500000e+01 -1.085746e+02
     vertex -8.388771e+00 -2.500000e+01 -9.964752e+01
   endloop
 endfacet
 facet normal  8.280817e-16 -1.000000e+00  6.049881e-17
   outer loop
     vertex -1.640739e+01 -2.500000e+01 -1.073395e+02
     vertex -8.388771e+00 -2.500000e+01 -9.964752e+01
     vertex -1.271259e+01 -2.500000e+01 -9.918864e+01
   endloop
 endfacet
 facet normal  3.989195e-16 -1.000000e+00  5.970990e-16
   outer loop
     vertex -1.873713e+01 -2.500000e+01 -1.069574e+02
     vertex -3.055501e+01 -2.500000e+01 -1.050119e+02
     vertex -2.544148e+01 -2.500000e+01 -1.143782e+02
   endloop
 endfacet
 facet normal  1.475352e-15 -1.000000e+00 -3.023868e-16
   outer loop
     vertex -1.873713e+01 -2.500000e+01 -1.069574e+02
     vertex -1.640739e+01 -2.500000e+01 -1.073395e+02
     vertex -1.701237e+01 -2.500000e+01 -9.854227e+01
   endloop
 endfacet
 facet normal  1.932077e-16 -1.000000e+00 -6.524779e-16
   outer loop
     vertex -1.873713e+01 -2.500000e+01 -1.069574e+02
     vertex -2.297983e+01 -2.500000e+01 -9.732381e+01
     vertex -3.055501e+01 -2.500000e+01 -1.050119e+02
   endloop
 endfacet
 facet normal  1.464921e-15 -1.000000e+00 -3.659895e-16
   outer loop
     vertex -1.873713e+01 -2.500000e+01 -1.069574e+02
     vertex -2.544148e+01 -2.500000e+01 -1.143782e+02
     vertex -1.640739e+01 -2.500000e+01 -1.073395e+02
   endloop
 endfacet
 facet normal  1.142867e-15 -1.000000e+00 -2.342411e-16
   outer loop
     vertex -1.873713e+01 -2.500000e+01 -1.069574e+02
     vertex -1.701237e+01 -2.500000e+01 -9.854227e+01
     vertex -2.297983e+01 -2.500000e+01 -9.732381e+01
   endloop
 endfacet
 facet normal  3.827297e-16 -1.000000e+00  6.836782e-16
   outer loop
     vertex -6.826679e+01 -2.500000e+01 -9.427055e+01
     vertex -6.854253e+01 -2.500000e+01 -1.045091e+02
     vertex -5.758741e+01 -2.500000e+01 -1.002490e+02
   endloop
 endfacet
 facet normal -1.089438e-15 -1.000000e+00  7.233256e-16
   outer loop
     vertex -6.826679e+01 -2.500000e+01 -9.427055e+01
     vertex -7.302079e+01 -2.500000e+01 -1.014308e+02
     vertex -6.854253e+01 -2.500000e+01 -1.045091e+02
   endloop
 endfacet
 facet normal -4.317801e-16 -1.000000e+00 -7.712980e-16
   outer loop
     vertex -6.826679e+01 -2.500000e+01 -9.427055e+01
     vertex -5.758741e+01 -2.500000e+01 -1.002490e+02
     vertex -5.880384e+01 -2.500000e+01 -9.035570e+01
   endloop
 endfacet
 facet normal  0.000000e+00 -1.000000e+00  0.000000e+00
   outer loop
     vertex -7.030012e+01 -2.500000e+01 -9.276412e+01
     vertex -5.907895e+01 -2.500000e+01 -8.068257e+01
     vertex -6.388114e+01 -2.500000e+01 -7.693634e+01
   endloop
 endfacet
 facet normal  0.000000e+00 -1.000000e+00  0.000000e+00
   outer loop
     vertex -7.030012e+01 -2.500000e+01 -9.276412e+01
     vertex -7.821357e+01 -2.500000e+01 -9.748269e+01
     vertex -7.302079e+01 -2.500000e+01 -1.014308e+02
   endloop
 endfacet
 facet normal  0.000000e+00 -1.000000e+00 -0.000000e+00
   outer loop
     vertex -7.030012e+01 -2.500000e+01 -9.276412e+01
     vertex -7.302079e+01 -2.500000e+01 -1.014308e+02
     vertex -6.826679e+01 -2.500000e+01 -9.427055e+01
   endloop
 endfacet
 facet normal  3.545544e-16 -1.000000e+00 -5.946186e-16
   outer loop
     vertex -7.030012e+01 -2.500000e+01 -9.276412e+01
     vertex -8.237723e+01 -2.500000e+01 -9.399059e+01
     vertex -7.821357e+01 -2.500000e+01 -9.748269e+01
   endloop
 endfacet
 facet normal -7.673765e-16 -1.000000e+00  7.127278e-16
   outer loop
     vertex -7.030012e+01 -2.500000e+01 -9.276412e+01
     vertex -5.880384e+01 -2.500000e+01 -9.035570e+01
     vertex -5.907895e+01 -2.500000e+01 -8.068257e+01
   endloop
 endfacet
 facet normal -4.818194e-16 -1.000000e+00 -6.503430e-16
   outer loop
     vertex -7.030012e+01 -2.500000e+01 -9.276412e+01
     vertex -6.826679e+01 -2.500000e+01 -9.427055e+01
     vertex -5.880384e+01 -2.500000e+01 -9.035570e+01
   endloop
 endfacet
 facet normal  1.658990e-16 -1.000000e+00 -1.055526e-15
   outer loop
     vertex -7.485569e+01 -2.500000e+01 -7.866123e+01
     vertex -6.388114e+01 -2.500000e+01 -7.693634e+01
     vertex -6.716518e+01 -2.500000e+01 -7.408668e+01
   endloop
 endfacet
 facet normal -2.837366e-16 -1.000000e+00 -2.996214e-16
   outer loop
     vertex -7.485569e+01 -2.500000e+01 -7.866123e+01
     vertex -6.716518e+01 -2.500000e+01 -7.408668e+01
     vertex -7.032226e+01 -2.500000e+01 -7.109698e+01
   endloop
 endfacet
 facet normal -4.652116e-16 -1.000000e+00  4.600206e-16
   outer loop
     vertex -7.485569e+01 -2.500000e+01 -7.866123e+01
     vertex -8.638514e+01 -2.500000e+01 -9.032078e+01
     vertex -8.237723e+01 -2.500000e+01 -9.399059e+01
   endloop
 endfacet
 facet normal  3.279947e-16 -1.000000e+00 -3.243349e-16
   outer loop
     vertex -7.485569e+01 -2.500000e+01 -7.866123e+01
     vertex -8.628947e+01 -2.500000e+01 -7.927018e+01
     vertex -8.638514e+01 -2.500000e+01 -9.032078e+01
   endloop
 endfacet
 facet normal  0.000000e+00 -1.000000e+00  0.000000e+00
   outer loop
     vertex -7.485569e+01 -2.500000e+01 -7.866123e+01
     vertex -7.030012e+01 -2.500000e+01 -9.276412e+01
     vertex -6.388114e+01 -2.500000e+01 -7.693634e+01
   endloop
 endfacet
 facet normal  2.848255e-16 -1.000000e+00  9.200558e-17
   outer loop
     vertex -7.485569e+01 -2.500000e+01 -7.866123e+01
     vertex -8.237723e+01 -2.500000e+01 -9.399059e+01
     vertex -7.030012e+01 -2.500000e+01 -9.276412e+01
   endloop
 endfacet
 facet normal  0.000000e+00 -1.000000e+00  0.000000e+00
   outer loop
     vertex -7.654812e+01 -2.500000e+01 -7.701527e+01
     vertex -7.032226e+01 -2.500000e+01 -7.109698e+01
     vertex -7.452003e+01 -2.500000e+01 -6.668405e+01
   endloop
 endfacet
 facet normal  1.037611e-15 -1.000000e+00 -1.091536e-15
   outer loop
     vertex -7.654812e+01 -2.500000e+01 -7.701527e+01
     vertex -7.485569e+01 -2.500000e+01 -7.866123e+01
     vertex -7.032226e+01 -2.500000e+01 -7.109698e+01
   endloop
 endfacet
 facet normal  6.951904e-16 -1.000000e+00 -1.364708e-16
   outer loop
     vertex -7.654812e+01 -2.500000e+01 -7.701527e+01
     vertex -7.452003e+01 -2.500000e+01 -6.668405e+01
     vertex -8.512876e+01 -2.500000e+01 -6.866002e+01
   endloop
 endfacet
 facet normal  4.035766e-16 -1.000000e+00 -1.743470e-15
   outer loop
     vertex -7.654812e+01 -2.500000e+01 -7.701527e+01
     vertex -8.628947e+01 -2.500000e+01 -7.927018e+01
     vertex -7.485569e+01 -2.500000e+01 -7.866123e+01
   endloop
 endfacet
 facet normal  1.590446e-16 -1.000000e+00 -6.870799e-16
   outer loop
     vertex -7.654812e+01 -2.500000e+01 -7.701527e+01
     vertex -8.512876e+01 -2.500000e+01 -6.866002e+01
     vertex -8.628947e+01 -2.500000e+01 -7.927018e+01
   endloop
 endfacet
 facet normal -2.402569e-16 -1.000000e+00  6.081228e-16
   outer loop
     vertex -1.099172e+02 -2.500000e+01 -3.828182e+01
     vertex -1.179109e+02 -2.500000e+01 -4.143995e+01
     vertex -1.159980e+02 -2.500000e+01 -4.652632e+01
   endloop
 endfacet
 facet normal  1.408088e-15 -1.000000e+00 -6.076270e-16
   outer loop
     vertex -1.099172e+02 -2.500000e+01 -3.828182e+01
     vertex -1.159980e+02 -2.500000e+01 -4.652632e+01
     vertex -1.045768e+02 -2.500000e+01 -4.929362e+01
   endloop
 endfacet
 facet normal -7.151388e-16 -1.000000e+00 -1.637334e-15
   outer loop
     vertex -1.099172e+02 -2.500000e+01 -3.828182e+01
     vertex -1.045768e+02 -2.500000e+01 -4.929362e+01
     vertex -9.991714e+01 -2.500000e+01 -4.047973e+01
   endloop
 endfacet
 facet normal -3.836091e-16 -1.000000e+00 -1.289423e-16
   outer loop
     vertex -1.107235e+02 -2.500000e+01 -3.588317e+01
     vertex -1.099172e+02 -2.500000e+01 -3.828182e+01
     vertex -9.991714e+01 -2.500000e+01 -4.047973e+01
   endloop
 endfacet
 facet normal -2.484161e-16 -1.000000e+00  1.144253e-15
   outer loop
     vertex -1.107235e+02 -2.500000e+01 -3.588317e+01
     vertex -9.461079e+01 -2.500000e+01 -3.238513e+01
     vertex -9.640685e+01 -2.500000e+01 -2.656538e+01
   endloop
 endfacet
 facet normal -7.082808e-16 -1.000000e+00  9.161242e-16
   outer loop
     vertex -1.107235e+02 -2.500000e+01 -3.588317e+01
     vertex -1.199124e+02 -2.500000e+01 -3.523142e+01
     vertex -1.179109e+02 -2.500000e+01 -4.143995e+01
   endloop
 endfacet
 facet normal -7.883762e-16 -1.000000e+00 -2.131296e-16
   outer loop
     vertex -1.107235e+02 -2.500000e+01 -3.588317e+01
     vertex -1.213306e+02 -2.500000e+01 -2.998558e+01
     vertex -1.199124e+02 -2.500000e+01 -3.523142e+01
   endloop
 endfacet
 facet normal  0.000000e+00 -1.000000e+00 -0.000000e+00
   outer loop
     vertex -1.107235e+02 -2.500000e+01 -3.588317e+01
     vertex -1.179109e+02 -2.500000e+01 -4.143995e+01
     vertex -1.099172e+02 -2.500000e+01 -3.828182e+01
   endloop
 endfacet
 facet normal -1.110953e-16 -1.000000e+00  5.117265e-16
   outer loop
     vertex -1.107235e+02 -2.500000e+01 -3.588317e+01
     vertex -9.991714e+01 -2.500000e+01 -4.047973e+01
     vertex -9.461079e+01 -2.500000e+01 -3.238513e+01
   endloop
 endfacet
 facet normal  0.000000e+00 -1.000000e+00  0.000000e+00
   outer loop
     vertex -1.063946e+02 -2.500000e+01 -2.170617e+01
     vertex -9.640685e+01 -2.500000e+01 -2.656538e+01
     vertex -9.747049e+01 -2.500000e+01 -2.234951e+01
   endloop
 endfacet
 facet normal  0.000000e+00 -1.000000e+00  0.000000e+00
   outer loop
     vertex -1.063946e+02 -2.500000e+01 -2.170617e+01
     vertex -1.225193e+02 -2.500000e+01 -2.468305e+01
     vertex -1.213306e+02 -2.500000e+01 -2.998558e+01
   endloop
 endfacet
 facet normal -1.674839e-16 -1.000000e+00  9.072015e-16
   outer loop
     vertex -1.063946e+02 -2.500000e+01 -2.170617e+01
     vertex -1.161211e+02 -2.500000e+01 -1.566958e+01
     vertex -1.225193e+02 -2.500000e+01 -2.468305e+01
   endloop
 endfacet
 facet normal  0.000000e+00 -1.000000e+00  0.000000e+00
   outer loop
     vertex -1.063946e+02 -2.500000e+01 -2.170617e+01
     vertex -9.747049e+01 -2.500000e+01 -2.234951e+01
     vertex -9.834989e+01 -2.500000e+01 -1.809139e+01
   endloop
 endfacet
 facet normal -3.344315e-16 -1.000000e+00  6.033110e-16
   outer loop
     vertex -1.063946e+02 -2.500000e+01 -2.170617e+01
     vertex -1.213306e+02 -2.500000e+01 -2.998558e+01
     vertex -1.107235e+02 -2.500000e+01 -3.588317e+01
   endloop
 endfacet
 facet normal  2.123014e-16 -1.000000e+00  4.363683e-16
   outer loop
     vertex -1.063946e+02 -2.500000e+01 -2.170617e+01
     vertex -1.107235e+02 -2.500000e+01 -3.588317e+01
     vertex -9.640685e+01 -2.500000e+01 -2.656538e+01
   endloop
 endfacet
 facet normal -8.297735e-16 -1.000000e+00 -1.599157e-16
   outer loop
     vertex -1.068413e+02 -2.500000e+01 -1.938803e+01
     vertex -1.161211e+02 -2.500000e+01 -1.566958e+01
     vertex -1.063946e+02 -2.500000e+01 -2.170617e+01
   endloop
 endfacet
 facet normal  0.000000e+00 -1.000000e+00  0.000000e+00
   outer loop
     vertex -1.068413e+02 -2.500000e+01 -1.938803e+01
     vertex -1.063946e+02 -2.500000e+01 -2.170617e+01
     vertex -9.834989e+01 -2.500000e+01 -1.809139e+01
   endloop
 endfacet
 facet normal  5.281223e-17 -1.000000e+00  9.163656e-16
   outer loop
     vertex -1.068413e+02 -2.500000e+01 -1.938803e+01
     vertex -9.926883e+01 -2.500000e+01 -1.207053e+01
     vertex -1.091006e+02 -2.500000e+01 -7.626939e+00
   endloop
 endfacet
 facet normal -1.761017e-16 -1.000000e+00  1.153257e-15
   outer loop
     vertex -1.068413e+02 -2.500000e+01 -1.938803e+01
     vertex -9.834989e+01 -2.500000e+01 -1.809139e+01
     vertex -9.926883e+01 -2.500000e+01 -1.207053e+01
   endloop
 endfacet
 facet normal -4.361364e-16 -1.000000e+00  8.224414e-16
   outer loop
     vertex -1.068413e+02 -2.500000e+01 -1.938803e+01
     vertex -1.091006e+02 -2.500000e+01 -7.626939e+00
     vertex -1.161211e+02 -2.500000e+01 -1.566958e+01
   endloop
 endfacet
 facet normal -3.008740e-16 -1.000000e+00 -1.272676e-15
   outer loop
     vertex -1.120587e+02 -2.500000e+01  3.146641e+01
     vertex -1.204232e+02 -2.500000e+01  3.344386e+01
     vertex -1.217631e+02 -2.500000e+01  2.817757e+01
   endloop
 endfacet
 facet normal -3.526917e-16 -1.000000e+00 -1.119776e-15
   outer loop
     vertex -1.120587e+02 -2.500000e+01  3.146641e+01
     vertex -1.217631e+02 -2.500000e+01  2.817757e+01
     vertex -1.139763e+02 -2.500000e+01  1.937958e+01
   endloop
 endfacet
 facet normal -2.131444e-16 -1.000000e+00 -1.141915e-15
   outer loop
     vertex -1.120587e+02 -2.500000e+01  3.146641e+01
     vertex -1.139763e+02 -2.500000e+01  1.937958e+01
     vertex -1.051122e+02 -2.500000e+01  2.394742e+01
   endloop
 endfacet
 facet normal -6.041069e-16 -1.000000e+00 -1.450126e-15
   outer loop
     vertex -1.113482e+02 -2.500000e+01  3.389508e+01
     vertex -1.051122e+02 -2.500000e+01  2.394742e+01
     vertex -9.612872e+01 -2.500000e+01  2.755482e+01
   endloop
 endfacet
 facet normal -4.256889e-16 -1.000000e+00 -1.338279e-15
   outer loop
     vertex -1.113482e+02 -2.500000e+01  3.389508e+01
     vertex -1.120587e+02 -2.500000e+01  3.146641e+01
     vertex -1.051122e+02 -2.500000e+01  2.394742e+01
   endloop
 endfacet
 facet normal  6.753908e-16 -1.000000e+00  1.621239e-15
   outer loop
     vertex -1.113482e+02 -2.500000e+01  3.389508e+01
     vertex -9.612872e+01 -2.500000e+01  2.755482e+01
     vertex -9.427296e+01 -2.500000e+01  3.335580e+01
   endloop
 endfacet
 facet normal -3.975306e-16 -1.000000e+00  1.216629e-16
   outer loop
     vertex -1.113482e+02 -2.500000e+01  3.389508e+01
     vertex -1.185142e+02 -2.500000e+01  3.968142e+01
     vertex -1.204232e+02 -2.500000e+01  3.344386e+01
   endloop
 endfacet
 facet normal  5.051042e-17 -1.000000e+00  6.765371e-16
   outer loop
     vertex -1.113482e+02 -2.500000e+01  3.389508e+01
     vertex -1.166773e+02 -2.500000e+01  4.479559e+01
     vertex -1.185142e+02 -2.500000e+01  3.968142e+01
   endloop
 endfacet
 facet normal -3.234546e-16 -1.000000e+00 -1.368190e-15
   outer loop
     vertex -1.113482e+02 -2.500000e+01  3.389508e+01
     vertex -1.204232e+02 -2.500000e+01  3.344386e+01
     vertex -1.120587e+02 -2.500000e+01  3.146641e+01
   endloop
 endfacet
 facet normal  5.107756e-16 -1.000000e+00  9.015560e-16
   outer loop
     vertex -9.968730e+01 -2.500000e+01  4.305121e+01
     vertex -1.166773e+02 -2.500000e+01  4.479559e+01
     vertex -1.113482e+02 -2.500000e+01  3.389508e+01
   endloop
 endfacet
 facet normal  6.471752e-16 -1.000000e+00  7.278432e-16
   outer loop
     vertex -9.968730e+01 -2.500000e+01  4.305121e+01
     vertex -1.113482e+02 -2.500000e+01  3.389508e+01
     vertex -9.427296e+01 -2.500000e+01  3.335580e+01
   endloop
 endfacet
 facet normal  0.000000e+00 -1.000000e+00  0.000000e+00
   outer loop
     vertex -9.968730e+01 -2.500000e+01  4.305121e+01
     vertex -9.273390e+01 -2.500000e+01  3.742221e+01
     vertex -9.101956e+01 -2.500000e+01  4.141787e+01
   endloop
 endfacet
 facet normal  5.405567e-16 -1.000000e+00  1.191620e-15
   outer loop
     vertex -9.968730e+01 -2.500000e+01  4.305121e+01
     vertex -1.146198e+02 -2.500000e+01  4.982507e+01
     vertex -1.166773e+02 -2.500000e+01  4.479559e+01
   endloop
 endfacet
 facet normal  5.413901e-16 -1.000000e+00  6.687682e-16
   outer loop
     vertex -9.968730e+01 -2.500000e+01  4.305121e+01
     vertex -9.427296e+01 -2.500000e+01  3.335580e+01
     vertex -9.273390e+01 -2.500000e+01  3.742221e+01
   endloop
 endfacet
 facet normal -3.811041e-16 -1.000000e+00 -8.401177e-16
   outer loop
     vertex -9.968730e+01 -2.500000e+01  4.305121e+01
     vertex -1.042146e+02 -2.500000e+01  5.356260e+01
     vertex -1.146198e+02 -2.500000e+01  4.982507e+01
   endloop
 endfacet
 facet normal -1.047837e-15 -1.000000e+00  1.420758e-16
   outer loop
     vertex -9.872783e+01 -2.500000e+01  4.520820e+01
     vertex -8.832931e+01 -2.500000e+01  4.688209e+01
     vertex -9.385409e+01 -2.500000e+01  5.614727e+01
   endloop
 endfacet
 facet normal  4.769430e-16 -1.000000e+00 -5.372681e-16
   outer loop
     vertex -9.872783e+01 -2.500000e+01  4.520820e+01
     vertex -9.385409e+01 -2.500000e+01  5.614727e+01
     vertex -1.042146e+02 -2.500000e+01  5.356260e+01
   endloop
 endfacet
 facet normal  0.000000e+00 -1.000000e+00 -0.000000e+00
   outer loop
     vertex -9.872783e+01 -2.500000e+01  4.520820e+01
     vertex -9.968730e+01 -2.500000e+01  4.305121e+01
     vertex -9.101956e+01 -2.500000e+01  4.141787e+01
   endloop
 endfacet
 facet normal  7.720823e-16 -1.000000e+00 -3.434347e-16
   outer loop
     vertex -9.872783e+01 -2.500000e+01  4.520820e+01
     vertex -1.042146e+02 -2.500000e+01  5.356260e+01
     vertex -9.968730e+01 -2.500000e+01  4.305121e+01
   endloop
 endfacet
 facet normal -7.721802e-16 -1.000000e+00 -1.570356e-15
   outer loop
     vertex -9.872783e+01 -2.500000e+01  4.520820e+01
     vertex -9.101956e+01 -2.500000e+01  4.141787e+01
     vertex -8.832931e+01 -2.500000e+01  4.688209e+01
   endloop
 endfacet
 facet normal  1.297093e-15 -1.000000e+00 -1.649526e-16
   outer loop
     vertex -1.278199e+01 -2.500000e+01 -1.160816e+02
     vertex -1.920296e+01 -2.500000e+01 -1.234969e+02
     vertex -1.381631e+01 -2.500000e+01 -1.242149e+02
   endloop
 endfacet
 facet normal -5.668835e-16 -1.000000e+00 -1.047872e-15
   outer loop
     vertex -1.278199e+01 -2.500000e+01 -1.160816e+02
     vertex -1.590140e+00 -2.500000e+01 -1.085746e+02
     vertex -1.640739e+01 -2.500000e+01 -1.073395e+02
   endloop
 endfacet
 facet normal  1.372231e-15 -1.000000e+00 -2.300150e-16
   outer loop
     vertex -1.278199e+01 -2.500000e+01 -1.160816e+02
     vertex -2.544148e+01 -2.500000e+01 -1.143782e+02
     vertex -1.920296e+01 -2.500000e+01 -1.234969e+02
   endloop
 endfacet
 facet normal  1.370280e-15 -1.000000e+00 -2.445183e-16
   outer loop
     vertex -1.278199e+01 -2.500000e+01 -1.160816e+02
     vertex -1.640739e+01 -2.500000e+01 -1.073395e+02
     vertex -2.544148e+01 -2.500000e+01 -1.143782e+02
   endloop
 endfacet
 facet normal -1.297980e-15 -1.000000e+00  1.650653e-16
   outer loop
     vertex -1.278199e+01 -2.500000e+01 -1.160816e+02
     vertex -1.381631e+01 -2.500000e+01 -1.242149e+02
     vertex -8.403537e+00 -2.500000e+01 -1.246981e+02
   endloop
 endfacet
 facet normal  6.471858e-16 -1.000000e+00  9.893806e-16
   outer loop
     vertex -3.185349e+00 -2.500000e+01 -1.169350e+02
     vertex -1.885819e+00 -2.500000e+01 -1.249667e+02
     vertex  3.548367e+00 -2.500000e+01 -1.249306e+02
   endloop
 endfacet
 facet normal -1.474096e-15 -1.000000e+00  7.557291e-17
   outer loop
     vertex -3.185349e+00 -2.500000e+01 -1.169350e+02
     vertex -1.278199e+01 -2.500000e+01 -1.160816e+02
     vertex -8.403537e+00 -2.500000e+01 -1.246981e+02
   endloop
 endfacet
 facet normal  7.283359e-16 -1.000000e+00 -1.276675e-15
   outer loop
     vertex -3.185349e+00 -2.500000e+01 -1.169350e+02
     vertex  6.465077e+00 -2.500000e+01 -1.169950e+02
     vertex  1.717011e+00 -2.500000e+01 -1.085726e+02
   endloop
 endfacet
 facet normal -2.148745e-15 -1.000000e+00  4.099917e-16
   outer loop
     vertex -3.185349e+00 -2.500000e+01 -1.169350e+02
     vertex  1.717011e+00 -2.500000e+01 -1.085726e+02
     vertex -1.590140e+00 -2.500000e+01 -1.085746e+02
   endloop
 endfacet
 facet normal  7.429404e-16 -1.000000e+00  1.070023e-15
   outer loop
     vertex -3.185349e+00 -2.500000e+01 -1.169350e+02
     vertex  3.548367e+00 -2.500000e+01 -1.249306e+02
     vertex  6.465077e+00 -2.500000e+01 -1.169950e+02
   endloop
 endfacet
 facet normal -1.456109e-15 -1.000000e+00  2.778333e-16
   outer loop
     vertex -3.185349e+00 -2.500000e+01 -1.169350e+02
     vertex -1.590140e+00 -2.500000e+01 -1.085746e+02
     vertex -1.278199e+01 -2.500000e+01 -1.160816e+02
   endloop
 endfacet
 facet normal -2.158273e-15 -1.000000e+00  5.354604e-16
   outer loop
     vertex -3.185349e+00 -2.500000e+01 -1.169350e+02
     vertex -8.403537e+00 -2.500000e+01 -1.246981e+02
     vertex -1.885819e+00 -2.500000e+01 -1.249667e+02
   endloop
 endfacet
 facet normal -9.998492e-01  0.000000e+00  1.736518e-02
   outer loop
     vertex  4.994167e+01  2.500000e+01 -3.917448e+00
     vertex  5.004759e+01 -2.500000e+01  2.180969e+00
     vertex  5.004759e+01  2.500000e+01  2.180969e+00
   endloop
 endfacet
 facet normal -9.998492e-01  0.000000e+00  1.736518e-02
   outer loop
     vertex  4.994167e+01  2.500000e+01 -3.917448e+00
     vertex  4.994167e+01 -2.500000e+01 -3.917448e+00
     vertex  5.004759e+01 -2.500000e+01  2.180969e+00
   endloop
 endfacet
 facet normal -9.903280e-01  0.000000e+00  1.387458e-01
   outer loop
     vertex  4.909542e+01  2.500000e+01 -9.957793e+00
     vertex  4.994167e+01 -2.500000e+01 -3.917448e+00
     vertex  4.994167e+01  2.500000e+01 -3.917448e+00
   endloop
 endfacet
 facet normal -9.903280e-01  0.000000e+00  1.387458e-01
   outer loop
     vertex  4.909542e+01  2.500000e+01 -9.957793e+00
     vertex  4.909542e+01 -2.500000e+01 -9.957793e+00
     vertex  4.994167e+01 -2.500000e+01 -3.917448e+00
   endloop
 endfacet
 facet normal -9.661257e-01  0.000000e+00  2.580719e-01
   outer loop
     vertex  4.909542e+01  2.500000e+01 -9.957793e+00
     vertex  4.752135e+01 -2.500000e+01 -1.585052e+01
     vertex  4.909542e+01 -2.500000e+01 -9.957793e+00
   endloop
 endfacet
 facet normal -9.661257e-01  0.000000e+00  2.580719e-01
   outer loop
     vertex  4.752135e+01  2.500000e+01 -1.585052e+01
     vertex  4.752135e+01 -2.500000e+01 -1.585052e+01
     vertex  4.909542e+01  2.500000e+01 -9.957793e+00
   endloop
 endfacet
 facet normal -9.276010e-01  0.000000e+00  3.735724e-01
   outer loop
     vertex  4.524280e+01  2.500000e+01 -2.150827e+01
     vertex  4.752135e+01 -2.500000e+01 -1.585052e+01
     vertex  4.752135e+01  2.500000e+01 -1.585052e+01
   endloop
 endfacet
 facet normal -9.276010e-01  0.000000e+00  3.735724e-01
   outer loop
     vertex  4.524280e+01  2.500000e+01 -2.150827e+01
     vertex  4.524280e+01 -2.500000e+01 -2.150827e+01
     vertex  4.752135e+01 -2.500000e+01 -1.585052e+01
   endloop
 endfacet
 facet normal  2.090561e-02  0.000000e+00 -9.997815e-01
   outer loop
     vertex -2.143608e+00  0.000000e+00  4.995716e+01
     vertex  2.180969e+00  2.500000e+01  5.004759e+01
     vertex  2.180969e+00 -2.500000e+01  5.004759e+01
   endloop
 endfacet
 facet normal  4.179128e-01  6.776259e-03 -9.084619e-01
   outer loop
     vertex -1.920359e+01 -1.666667e+01  4.626809e+01
     vertex -1.812026e+01 -2.500000e+01  4.670429e+01
     vertex -2.365896e+01 -2.500000e+01  4.415637e+01
   endloop
 endfacet
 facet normal  3.086489e-01  9.474440e-03 -9.511289e-01
   outer loop
     vertex -1.538912e+01 -1.666667e+01  4.767358e+01
     vertex -1.287521e+01 -2.500000e+01  4.840635e+01
     vertex -1.812026e+01 -2.500000e+01  4.670429e+01
   endloop
 endfacet
 facet normal  3.457356e-01 -4.169794e-03 -9.383227e-01
   outer loop
     vertex -1.538912e+01 -1.666667e+01  4.767358e+01
     vertex -1.812026e+01 -2.500000e+01  4.670429e+01
     vertex -1.920359e+01 -1.666667e+01  4.626809e+01
   endloop
 endfacet
 facet normal  3.457218e-01  9.850268e-03 -9.382854e-01
   outer loop
     vertex -1.690982e+01 -1.250000e+01  4.715700e+01
     vertex -1.538912e+01 -1.666667e+01  4.767358e+01
     vertex -1.920359e+01 -1.666667e+01  4.626809e+01
   endloop
 endfacet
 facet normal  2.688057e-01 -3.605350e-03 -9.631877e-01
   outer loop
     vertex -1.164746e+01 -1.666667e+01  4.871780e+01
     vertex -1.287521e+01 -2.500000e+01  4.840635e+01
     vertex -1.538912e+01 -1.666667e+01  4.767358e+01
   endloop
 endfacet
 facet normal  3.068878e-01 -5.989422e-03 -9.517269e-01
   outer loop
     vertex -1.398968e+01 -1.250000e+01  4.809861e+01
     vertex -1.538912e+01 -1.666667e+01  4.767358e+01
     vertex -1.690982e+01 -1.250000e+01  4.715700e+01
   endloop
 endfacet
 facet normal  2.687989e-01  7.969923e-03 -9.631633e-01
   outer loop
     vertex -1.398968e+01 -1.250000e+01  4.809861e+01
     vertex -1.164746e+01 -1.666667e+01  4.871780e+01
     vertex -1.538912e+01 -1.666667e+01  4.767358e+01
   endloop
 endfacet
 facet normal  2.505754e-01 -3.006603e-03 -9.680924e-01
   outer loop
     vertex -1.104121e+01 -1.250000e+01  4.886178e+01
     vertex -1.164746e+01 -1.666667e+01  4.871780e+01
     vertex -1.398968e+01 -1.250000e+01  4.809861e+01
   endloop
 endfacet
 facet normal  2.003335e-01  4.705286e-03 -9.797165e-01
   outer loop
     vertex -8.440287e+00 -1.250000e+01  4.939362e+01
     vertex -1.164746e+01 -1.666667e+01  4.871780e+01
     vertex -1.104121e+01 -1.250000e+01  4.886178e+01
   endloop
 endfacet
 facet normal  4.179128e-01 -6.776259e-03 -9.084619e-01
   outer loop
     vertex -1.920359e+01  1.666667e+01  4.626809e+01
     vertex -2.365896e+01  2.500000e+01  4.415637e+01
     vertex -1.812026e+01  2.500000e+01  4.670429e+01
   endloop
 endfacet
 facet normal  3.068878e-01  5.989422e-03 -9.517269e-01
   outer loop
     vertex -1.538912e+01  1.666667e+01  4.767358e+01
     vertex -1.398968e+01  1.250000e+01  4.809861e+01
     vertex -1.690982e+01  1.250000e+01  4.715700e+01
   endloop
 endfacet
 facet normal  3.086489e-01 -9.474440e-03 -9.511289e-01
   outer loop
     vertex -1.538912e+01  1.666667e+01  4.767358e+01
     vertex -1.812026e+01  2.500000e+01  4.670429e+01
     vertex -1.287521e+01  2.500000e+01  4.840635e+01
   endloop
 endfacet
 facet normal  3.457218e-01 -9.850268e-03 -9.382854e-01
   outer loop
     vertex -1.538912e+01  1.666667e+01  4.767358e+01
     vertex -1.690982e+01  1.250000e+01  4.715700e+01
     vertex -1.920359e+01  1.666667e+01  4.626809e+01
   endloop
 endfacet
 facet normal  3.457356e-01  4.169794e-03 -9.383227e-01
   outer loop
     vertex -1.538912e+01  1.666667e+01  4.767358e+01
     vertex -1.920359e+01  1.666667e+01  4.626809e+01
     vertex -1.812026e+01  2.500000e+01  4.670429e+01
   endloop
 endfacet
 facet normal  2.688057e-01  3.605350e-03 -9.631877e-01
   outer loop
     vertex -1.164746e+01  1.666667e+01  4.871780e+01
     vertex -1.538912e+01  1.666667e+01  4.767358e+01
     vertex -1.287521e+01  2.500000e+01  4.840635e+01
   endloop
 endfacet
 facet normal  2.687989e-01 -7.969923e-03 -9.631633e-01
   outer loop
     vertex -1.164746e+01  1.666667e+01  4.871780e+01
     vertex -1.398968e+01  1.250000e+01  4.809861e+01
     vertex -1.538912e+01  1.666667e+01  4.767358e+01
   endloop
 endfacet
 facet normal  2.003335e-01 -4.705286e-03 -9.797165e-01
   outer loop
     vertex -1.164746e+01  1.666667e+01  4.871780e+01
     vertex -8.440287e+00  1.250000e+01  4.939362e+01
     vertex -1.104121e+01  1.250000e+01  4.886178e+01
   endloop
 endfacet
 facet normal  2.505754e-01  3.006603e-03 -9.680924e-01
   outer loop
     vertex -1.164746e+01  1.666667e+01  4.871780e+01
     vertex -1.104121e+01  1.250000e+01  4.886178e+01
     vertex -1.398968e+01  1.250000e+01  4.809861e+01
   endloop
 endfacet
 facet normal  7.148619e-01  6.438919e-03 -6.992360e-01
   outer loop
     vertex -3.439738e+01 -1.666667e+01  3.641891e+01
     vertex -3.361287e+01 -2.500000e+01  3.714422e+01
     vertex -3.787784e+01 -2.500000e+01  3.278394e+01
   endloop
 endfacet
 facet normal  6.565597e-01 -3.839190e-03 -7.542643e-01
   outer loop
     vertex -3.132932e+01 -1.666667e+01  3.908955e+01
     vertex -3.361287e+01 -2.500000e+01  3.714422e+01
     vertex -3.439738e+01 -1.666667e+01  3.641891e+01
   endloop
 endfacet
 facet normal  6.245490e-01  1.115185e-02 -7.809060e-01
   outer loop
     vertex -3.132932e+01 -1.666667e+01  3.908955e+01
     vertex -2.884950e+01 -2.500000e+01  4.095384e+01
     vertex -3.361287e+01 -2.500000e+01  3.714422e+01
   endloop
 endfacet
 facet normal  6.565358e-01  9.354219e-03 -7.542369e-01
   outer loop
     vertex -3.252467e+01 -1.250000e+01  3.810072e+01
     vertex -3.132932e+01 -1.666667e+01  3.908955e+01
     vertex -3.439738e+01 -1.666667e+01  3.641891e+01
   endloop
 endfacet
 facet normal  5.931798e-01 -3.586979e-03 -8.050620e-01
   outer loop
     vertex -2.805451e+01 -1.666667e+01  4.150247e+01
     vertex -2.884950e+01 -2.500000e+01  4.095384e+01
     vertex -3.132932e+01 -1.666667e+01  3.908955e+01
   endloop
 endfacet
 facet normal  5.250802e-01  5.936050e-03 -8.510320e-01
   outer loop
     vertex -2.805451e+01 -1.666667e+01  4.150247e+01
     vertex -2.365896e+01 -2.500000e+01  4.415637e+01
     vertex -2.884950e+01 -2.500000e+01  4.095384e+01
   endloop
 endfacet
 facet normal  4.738620e-01 -3.032964e-02 -8.800767e-01
   outer loop
     vertex -2.805451e+01 -1.666667e+01  4.150247e+01
     vertex -1.920359e+01 -1.666667e+01  4.626809e+01
     vertex -2.365896e+01 -2.500000e+01  4.415637e+01
   endloop
 endfacet
 facet normal  5.931584e-01  9.229908e-03 -8.050329e-01
   outer loop
     vertex -3.014482e+01 -1.250000e+01  4.001007e+01
     vertex -2.805451e+01 -1.666667e+01  4.150247e+01
     vertex -3.132932e+01 -1.666667e+01  3.908955e+01
   endloop
 endfacet
 facet normal  6.257798e-01 -5.578552e-03 -7.799798e-01
   outer loop
     vertex -3.014482e+01 -1.250000e+01  4.001007e+01
     vertex -3.132932e+01 -1.666667e+01  3.908955e+01
     vertex -3.252467e+01 -1.250000e+01  3.810072e+01
   endloop
 endfacet
 facet normal  5.771364e-01 -2.966154e-03 -8.166424e-01
   outer loop
     vertex -2.765312e+01 -1.250000e+01  4.177101e+01
     vertex -2.805451e+01 -1.666667e+01  4.150247e+01
     vertex -3.014482e+01 -1.250000e+01  4.001007e+01
   endloop
 endfacet
 facet normal  6.132274e-02 -1.070981e-03 -9.981174e-01
   outer loop
     vertex -2.941148e+00 -1.875000e+01  4.992828e+01
     vertex -5.803638e+00 -1.250000e+01  4.974571e+01
     vertex -2.143608e+00  0.000000e+00  4.995716e+01
   endloop
 endfacet
 facet normal  2.392342e-02  5.222757e-04 -9.997137e-01
   outer loop
     vertex -2.941148e+00 -1.875000e+01  4.992828e+01
     vertex -2.143608e+00  0.000000e+00  4.995716e+01
     vertex  2.180969e+00 -2.500000e+01  5.004759e+01
   endloop
 endfacet
 facet normal  7.148619e-01 -6.438919e-03 -6.992360e-01
   outer loop
     vertex -3.439738e+01  1.666667e+01  3.641891e+01
     vertex -3.787784e+01  2.500000e+01  3.278394e+01
     vertex -3.361287e+01  2.500000e+01  3.714422e+01
   endloop
 endfacet
 facet normal  6.565597e-01  3.839190e-03 -7.542643e-01
   outer loop
     vertex -3.132932e+01  1.666667e+01  3.908955e+01
     vertex -3.439738e+01  1.666667e+01  3.641891e+01
     vertex -3.361287e+01  2.500000e+01  3.714422e+01
   endloop
 endfacet
 facet normal  6.565358e-01 -9.354219e-03 -7.542369e-01
   outer loop
     vertex -3.132932e+01  1.666667e+01  3.908955e+01
     vertex -3.252467e+01  1.250000e+01  3.810072e+01
     vertex -3.439738e+01  1.666667e+01  3.641891e+01
   endloop
 endfacet
 facet normal  6.245490e-01 -1.115185e-02 -7.809060e-01
   outer loop
     vertex -3.132932e+01  1.666667e+01  3.908955e+01
     vertex -3.361287e+01  2.500000e+01  3.714422e+01
     vertex -2.884950e+01  2.500000e+01  4.095384e+01
   endloop
 endfacet
 facet normal  6.257798e-01  5.578552e-03 -7.799798e-01
   outer loop
     vertex -3.132932e+01  1.666667e+01  3.908955e+01
     vertex -3.014482e+01  1.250000e+01  4.001007e+01
     vertex -3.252467e+01  1.250000e+01  3.810072e+01
   endloop
 endfacet
 facet normal  3.068898e-01 -4.781114e-03 -9.517330e-01
   outer loop
     vertex -1.305036e+01 -4.166667e+00  4.835963e+01
     vertex -1.398968e+01 -1.250000e+01  4.809861e+01
     vertex -1.690982e+01 -1.250000e+01  4.715700e+01
   endloop
 endfacet
 facet normal  2.505760e-01  2.078967e-03 -9.680947e-01
   outer loop
     vertex -1.305036e+01 -4.166667e+00  4.835963e+01
     vertex -1.104121e+01 -1.250000e+01  4.886178e+01
     vertex -1.398968e+01 -1.250000e+01  4.809861e+01
   endloop
 endfacet
 facet normal  3.328500e-01 -1.809249e-02 -9.428062e-01
   outer loop
     vertex -1.305036e+01 -4.166667e+00  4.835963e+01
     vertex -1.690982e+01 -1.250000e+01  4.715700e+01
     vertex -2.106467e+01  0.000000e+00  4.545029e+01
   endloop
 endfacet
 facet normal  2.003352e-01  2.258906e-03 -9.797248e-01
   outer loop
     vertex -8.993830e+00 -6.250000e+00  4.929484e+01
     vertex -8.440287e+00 -1.250000e+01  4.939362e+01
     vertex -1.104121e+01 -1.250000e+01  4.886178e+01
   endloop
 endfacet
 facet normal  2.221096e-01 -5.200787e-03 -9.750078e-01
   outer loop
     vertex -8.993830e+00 -6.250000e+00  4.929484e+01
     vertex -1.104121e+01 -1.250000e+01  4.886178e+01
     vertex -1.305036e+01 -4.166667e+00  4.835963e+01
   endloop
 endfacet
 facet normal  1.323619e-01  3.516908e-03 -9.911952e-01
   outer loop
     vertex -7.483502e+00 -6.250000e+00  4.954356e+01
     vertex -5.803638e+00 -1.250000e+01  4.974571e+01
     vertex -8.440287e+00 -1.250000e+01  4.939362e+01
   endloop
 endfacet
 facet normal  1.624918e-01 -1.203161e-03 -9.867092e-01
   outer loop
     vertex -7.483502e+00 -6.250000e+00  4.954356e+01
     vertex -8.440287e+00 -1.250000e+01  4.939362e+01
     vertex -8.993830e+00 -6.250000e+00  4.929484e+01
   endloop
 endfacet
 facet normal  5.250802e-01 -5.936050e-03 -8.510320e-01
   outer loop
     vertex -2.805451e+01  1.666667e+01  4.150247e+01
     vertex -2.884950e+01  2.500000e+01  4.095384e+01
     vertex -2.365896e+01  2.500000e+01  4.415637e+01
   endloop
 endfacet
 facet normal  5.931798e-01  3.586979e-03 -8.050620e-01
   outer loop
     vertex -2.805451e+01  1.666667e+01  4.150247e+01
     vertex -3.132932e+01  1.666667e+01  3.908955e+01
     vertex -2.884950e+01  2.500000e+01  4.095384e+01
   endloop
 endfacet
 facet normal  5.931584e-01 -9.229908e-03 -8.050329e-01
   outer loop
     vertex -2.805451e+01  1.666667e+01  4.150247e+01
     vertex -3.014482e+01  1.250000e+01  4.001007e+01
     vertex -3.132932e+01  1.666667e+01  3.908955e+01
   endloop
 endfacet
 facet normal  5.771364e-01  2.966154e-03 -8.166424e-01
   outer loop
     vertex -2.805451e+01  1.666667e+01  4.150247e+01
     vertex -2.765312e+01  1.250000e+01  4.177101e+01
     vertex -3.014482e+01  1.250000e+01  4.001007e+01
   endloop
 endfacet
 facet normal  4.738620e-01  3.032964e-02 -8.800767e-01
   outer loop
     vertex -2.805451e+01  1.666667e+01  4.150247e+01
     vertex -2.365896e+01  2.500000e+01  4.415637e+01
     vertex -1.920359e+01  1.666667e+01  4.626809e+01
   endloop
 endfacet
 facet normal  3.366513e-01 -9.922676e-03 -9.415771e-01
   outer loop
     vertex -1.258137e+01  0.000000e+00  4.848341e+01
     vertex -1.305036e+01 -4.166667e+00  4.835963e+01
     vertex -2.106467e+01  0.000000e+00  4.545029e+01
   endloop
 endfacet
 facet normal  6.130950e-02 -1.067090e-03 -9.981182e-01
   outer loop
     vertex -5.978800e+00 -6.250000e+00  4.972827e+01
     vertex -2.143608e+00  0.000000e+00  4.995716e+01
     vertex -5.803638e+00 -1.250000e+01  4.974571e+01
   endloop
 endfacet
 facet normal  1.218393e-01  6.448479e-04 -9.925496e-01
   outer loop
     vertex -5.978800e+00 -6.250000e+00  4.972827e+01
     vertex -5.803638e+00 -1.250000e+01  4.974571e+01
     vertex -7.483502e+00 -6.250000e+00  4.954356e+01
   endloop
 endfacet
 facet normal  3.068898e-01  4.781114e-03 -9.517330e-01
   outer loop
     vertex -1.305036e+01  4.166667e+00  4.835963e+01
     vertex -1.690982e+01  1.250000e+01  4.715700e+01
     vertex -1.398968e+01  1.250000e+01  4.809861e+01
   endloop
 endfacet
 facet normal  3.366513e-01  9.922676e-03 -9.415771e-01
   outer loop
     vertex -1.305036e+01  4.166667e+00  4.835963e+01
     vertex -1.258137e+01  0.000000e+00  4.848341e+01
     vertex -2.106467e+01  0.000000e+00  4.545029e+01
   endloop
 endfacet
 facet normal  2.505760e-01 -2.078967e-03 -9.680947e-01
   outer loop
     vertex -1.305036e+01  4.166667e+00  4.835963e+01
     vertex -1.398968e+01  1.250000e+01  4.809861e+01
     vertex -1.104121e+01  1.250000e+01  4.886178e+01
   endloop
 endfacet
 facet normal  3.328500e-01  1.809249e-02 -9.428062e-01
   outer loop
     vertex -1.305036e+01  4.166667e+00  4.835963e+01
     vertex -2.106467e+01  0.000000e+00  4.545029e+01
     vertex -1.690982e+01  1.250000e+01  4.715700e+01
   endloop
 endfacet
 facet normal  2.003352e-01 -2.258906e-03 -9.797248e-01
   outer loop
     vertex -8.993830e+00  6.250000e+00  4.929484e+01
     vertex -1.104121e+01  1.250000e+01  4.886178e+01
     vertex -8.440287e+00  1.250000e+01  4.939362e+01
   endloop
 endfacet
 facet normal  2.221096e-01  5.200787e-03 -9.750078e-01
   outer loop
     vertex -8.993830e+00  6.250000e+00  4.929484e+01
     vertex -1.305036e+01  4.166667e+00  4.835963e+01
     vertex -1.104121e+01  1.250000e+01  4.886178e+01
   endloop
 endfacet
 facet normal  1.323619e-01 -3.516908e-03 -9.911952e-01
   outer loop
     vertex -7.483502e+00  6.250000e+00  4.954356e+01
     vertex -8.440287e+00  1.250000e+01  4.939362e+01
     vertex -5.803638e+00  1.250000e+01  4.974571e+01
   endloop
 endfacet
 facet normal  1.624918e-01  1.203161e-03 -9.867092e-01
   outer loop
     vertex -7.483502e+00  6.250000e+00  4.954356e+01
     vertex -8.993830e+00  6.250000e+00  4.929484e+01
     vertex -8.440287e+00  1.250000e+01  4.939362e+01
   endloop
 endfacet
 facet normal  6.130950e-02  1.067090e-03 -9.981182e-01
   outer loop
     vertex -5.978800e+00  6.250000e+00  4.972827e+01
     vertex -5.803638e+00  1.250000e+01  4.974571e+01
     vertex -2.143608e+00  0.000000e+00  4.995716e+01
   endloop
 endfacet
 facet normal  1.218393e-01 -6.448479e-04 -9.925496e-01
   outer loop
     vertex -5.978800e+00  6.250000e+00  4.972827e+01
     vertex -7.483502e+00  6.250000e+00  4.954356e+01
     vertex -5.803638e+00  1.250000e+01  4.974571e+01
   endloop
 endfacet
 facet normal  2.392342e-02 -5.222757e-04 -9.997137e-01
   outer loop
     vertex -2.941148e+00  1.875000e+01  4.992828e+01
     vertex  2.180969e+00  2.500000e+01  5.004759e+01
     vertex -2.143608e+00  0.000000e+00  4.995716e+01
   endloop
 endfacet
 facet normal  6.132274e-02  1.070981e-03 -9.981174e-01
   outer loop
     vertex -2.941148e+00  1.875000e+01  4.992828e+01
     vertex -2.143608e+00  0.000000e+00  4.995716e+01
     vertex -5.803638e+00  1.250000e+01  4.974571e+01
   endloop
 endfacet
 facet normal  9.175578e-01  6.275740e-03 -3.975529e-01
   outer loop
     vertex -4.512698e+01 -1.666667e+01  2.175025e+01
     vertex -4.466833e+01 -2.500000e+01  2.267725e+01
     vertex -4.709319e+01 -2.500000e+01  1.708064e+01
   endloop
 endfacet
 facet normal  8.624049e-01  1.114823e-02 -5.060963e-01
   outer loop
     vertex -4.321359e+01 -1.666667e+01  2.533975e+01
     vertex -4.158129e+01 -2.500000e+01  2.793767e+01
     vertex -4.466833e+01 -2.500000e+01  2.267725e+01
   endloop
 endfacet
 facet normal  8.824502e-01 -3.758972e-03 -4.703908e-01
   outer loop
     vertex -4.321359e+01 -1.666667e+01  2.533975e+01
     vertex -4.466833e+01 -2.500000e+01  2.267725e+01
     vertex -4.512698e+01 -1.666667e+01  2.175025e+01
   endloop
 endfacet
 facet normal  8.824181e-01  9.313964e-03 -4.703738e-01
   outer loop
     vertex -4.396931e+01 -1.250000e+01  2.400452e+01
     vertex -4.321359e+01 -1.666667e+01  2.533975e+01
     vertex -4.512698e+01 -1.666667e+01  2.175025e+01
   endloop
 endfacet
 facet normal  7.562078e-01 -3.073149e-02 -6.536095e-01
   outer loop
     vertex -4.101529e+01 -1.666667e+01  2.876218e+01
     vertex -3.439738e+01 -1.666667e+01  3.641891e+01
     vertex -3.787784e+01 -2.500000e+01  3.278394e+01
   endloop
 endfacet
 facet normal  7.945421e-01  6.109366e-03 -6.071784e-01
   outer loop
     vertex -4.101529e+01 -1.666667e+01  2.876218e+01
     vertex -3.787784e+01 -2.500000e+01  3.278394e+01
     vertex -4.158129e+01 -2.500000e+01  2.793767e+01
   endloop
 endfacet
 facet normal  8.413780e-01 -3.675398e-03 -5.404345e-01
   outer loop
     vertex -4.101529e+01 -1.666667e+01  2.876218e+01
     vertex -4.158129e+01 -2.500000e+01  2.793767e+01
     vertex -4.321359e+01 -1.666667e+01  2.533975e+01
   endloop
 endfacet
 facet normal  8.627048e-01 -5.574697e-03 -5.056772e-01
   outer loop
     vertex -4.242643e+01 -1.250000e+01  2.663674e+01
     vertex -4.321359e+01 -1.666667e+01  2.533975e+01
     vertex -4.396931e+01 -1.250000e+01  2.400452e+01
   endloop
 endfacet
 facet normal  8.413475e-01  9.273225e-03 -5.404149e-01
   outer loop
     vertex -4.242643e+01 -1.250000e+01  2.663674e+01
     vertex -4.101529e+01 -1.666667e+01  2.876218e+01
     vertex -4.321359e+01 -1.666667e+01  2.533975e+01
   endloop
 endfacet
 facet normal  8.303275e-01 -3.055475e-03 -5.572674e-01
   outer loop
     vertex -4.072615e+01 -1.250000e+01  2.917015e+01
     vertex -4.101529e+01 -1.666667e+01  2.876218e+01
     vertex -4.242643e+01 -1.250000e+01  2.663674e+01
   endloop
 endfacet
 facet normal  9.175578e-01 -6.275740e-03 -3.975529e-01
   outer loop
     vertex -4.512698e+01  1.666667e+01  2.175025e+01
     vertex -4.709319e+01  2.500000e+01  1.708064e+01
     vertex -4.466833e+01  2.500000e+01  2.267725e+01
   endloop
 endfacet
 facet normal  8.627048e-01  5.574697e-03 -5.056772e-01
   outer loop
     vertex -4.321359e+01  1.666667e+01  2.533975e+01
     vertex -4.242643e+01  1.250000e+01  2.663674e+01
     vertex -4.396931e+01  1.250000e+01  2.400452e+01
   endloop
 endfacet
 facet normal  8.824181e-01 -9.313964e-03 -4.703738e-01
   outer loop
     vertex -4.321359e+01  1.666667e+01  2.533975e+01
     vertex -4.396931e+01  1.250000e+01  2.400452e+01
     vertex -4.512698e+01  1.666667e+01  2.175025e+01
   endloop
 endfacet
 facet normal  8.824502e-01  3.758972e-03 -4.703908e-01
   outer loop
     vertex -4.321359e+01  1.666667e+01  2.533975e+01
     vertex -4.512698e+01  1.666667e+01  2.175025e+01
     vertex -4.466833e+01  2.500000e+01  2.267725e+01
   endloop
 endfacet
 facet normal  8.624049e-01 -1.114823e-02 -5.060963e-01
   outer loop
     vertex -4.321359e+01  1.666667e+01  2.533975e+01
     vertex -4.466833e+01  2.500000e+01  2.267725e+01
     vertex -4.158129e+01  2.500000e+01  2.793767e+01
   endloop
 endfacet
 facet normal  3.937261e-01 -2.069173e-02 -9.189949e-01
   outer loop
     vertex -2.244004e+01 -1.250000e+01  4.478768e+01
     vertex -1.690982e+01 -1.250000e+01  4.715700e+01
     vertex -1.920359e+01 -1.666667e+01  4.626809e+01
   endloop
 endfacet
 facet normal  3.938047e-01  5.394195e-03 -9.191783e-01
   outer loop
     vertex -2.244004e+01 -1.250000e+01  4.478768e+01
     vertex -2.106467e+01  0.000000e+00  4.545029e+01
     vertex -1.690982e+01 -1.250000e+01  4.715700e+01
   endloop
 endfacet
 facet normal  4.733540e-01  5.532178e-02 -8.791334e-01
   outer loop
     vertex -2.244004e+01 -1.250000e+01  4.478768e+01
     vertex -1.920359e+01 -1.666667e+01  4.626809e+01
     vertex -2.805451e+01 -1.666667e+01  4.150247e+01
   endloop
 endfacet
 facet normal  5.008450e-01  7.532522e-03 -8.655042e-01
   outer loop
     vertex -2.244004e+01 -1.250000e+01  4.478768e+01
     vertex -2.805451e+01 -1.666667e+01  4.150247e+01
     vertex -2.765312e+01 -1.250000e+01  4.177101e+01
   endloop
 endfacet
 facet normal  5.092290e-01 -1.041272e-02 -8.605681e-01
   outer loop
     vertex -2.934005e+01 -4.166667e+00  4.060387e+01
     vertex -2.106467e+01  0.000000e+00  4.545029e+01
     vertex -2.244004e+01 -1.250000e+01  4.478768e+01
   endloop
 endfacet
 facet normal  5.007607e-01 -1.982959e-02 -8.653586e-01
   outer loop
     vertex -2.934005e+01 -4.166667e+00  4.060387e+01
     vertex -2.244004e+01 -1.250000e+01  4.478768e+01
     vertex -2.765312e+01 -1.250000e+01  4.177101e+01
   endloop
 endfacet
 facet normal  6.463514e-01 -1.786855e-02 -7.628306e-01
   outer loop
     vertex -2.934005e+01 -4.166667e+00  4.060387e+01
     vertex -3.252467e+01 -1.250000e+01  3.810072e+01
     vertex -3.584759e+01  0.000000e+00  3.499238e+01
   endloop
 endfacet
 facet normal  6.257822e-01 -4.855779e-03 -7.799827e-01
   outer loop
     vertex -2.934005e+01 -4.166667e+00  4.060387e+01
     vertex -3.014482e+01 -1.250000e+01  4.001007e+01
     vertex -3.252467e+01 -1.250000e+01  3.810072e+01
   endloop
 endfacet
 facet normal  5.771372e-01  2.454299e-03 -8.166435e-01
   outer loop
     vertex -2.934005e+01 -4.166667e+00  4.060387e+01
     vertex -2.765312e+01 -1.250000e+01  4.177101e+01
     vertex -3.014482e+01 -1.250000e+01  4.001007e+01
   endloop
 endfacet
 facet normal  7.562078e-01  3.073149e-02 -6.536095e-01
   outer loop
     vertex -4.101529e+01  1.666667e+01  2.876218e+01
     vertex -3.787784e+01  2.500000e+01  3.278394e+01
     vertex -3.439738e+01  1.666667e+01  3.641891e+01
   endloop
 endfacet
 facet normal  8.413780e-01  3.675398e-03 -5.404345e-01
   outer loop
     vertex -4.101529e+01  1.666667e+01  2.876218e+01
     vertex -4.321359e+01  1.666667e+01  2.533975e+01
     vertex -4.158129e+01  2.500000e+01  2.793767e+01
   endloop
 endfacet
 facet normal  8.303275e-01  3.055475e-03 -5.572674e-01
   outer loop
     vertex -4.101529e+01  1.666667e+01  2.876218e+01
     vertex -4.072615e+01  1.250000e+01  2.917015e+01
     vertex -4.242643e+01  1.250000e+01  2.663674e+01
   endloop
 endfacet
 facet normal  7.945421e-01 -6.109366e-03 -6.071784e-01
   outer loop
     vertex -4.101529e+01  1.666667e+01  2.876218e+01
     vertex -4.158129e+01  2.500000e+01  2.793767e+01
     vertex -3.787784e+01  2.500000e+01  3.278394e+01
   endloop
 endfacet
 facet normal  8.413475e-01 -9.273225e-03 -5.404149e-01
   outer loop
     vertex -4.101529e+01  1.666667e+01  2.876218e+01
     vertex -4.242643e+01  1.250000e+01  2.663674e+01
     vertex -4.321359e+01  1.666667e+01  2.533975e+01
   endloop
 endfacet
 facet normal  5.010097e-01  1.149165e-02 -8.653654e-01
   outer loop
     vertex -2.893326e+01  0.000000e+00  4.089471e+01
     vertex -2.106467e+01  0.000000e+00  4.545029e+01
     vertex -2.934005e+01 -4.166667e+00  4.060387e+01
   endloop
 endfacet
 facet normal  6.492185e-01 -1.029546e-02 -7.605323e-01
   outer loop
     vertex -2.893326e+01  0.000000e+00  4.089471e+01
     vertex -2.934005e+01 -4.166667e+00  4.060387e+01
     vertex -3.584759e+01  0.000000e+00  3.499238e+01
   endloop
 endfacet
 facet normal  2.137489e-01 -5.765994e-02 -9.751855e-01
   outer loop
     vertex -6.021087e+00 -2.187500e+01  4.972392e+01
     vertex -8.152914e+00 -2.500000e+01  4.944142e+01
     vertex -1.287521e+01 -2.500000e+01  4.840635e+01
   endloop
 endfacet
 facet normal  1.153418e-01  1.110616e-02 -9.932638e-01
   outer loop
     vertex -6.021087e+00 -2.187500e+01  4.972392e+01
     vertex -4.837572e+00 -2.500000e+01  4.982641e+01
     vertex -8.152914e+00 -2.500000e+01  4.944142e+01
   endloop
 endfacet
 facet normal  1.845704e-01  9.537046e-03 -9.827730e-01
   outer loop
     vertex -6.021087e+00 -2.187500e+01  4.972392e+01
     vertex -1.287521e+01 -2.500000e+01  4.840635e+01
     vertex -1.164746e+01 -1.666667e+01  4.871780e+01
   endloop
 endfacet
 facet normal  6.492185e-01  1.029546e-02 -7.605323e-01
   outer loop
     vertex -2.934005e+01  4.166667e+00  4.060387e+01
     vertex -2.893326e+01  0.000000e+00  4.089471e+01
     vertex -3.584759e+01  0.000000e+00  3.499238e+01
   endloop
 endfacet
 facet normal  5.771372e-01 -2.454299e-03 -8.166435e-01
   outer loop
     vertex -2.934005e+01  4.166667e+00  4.060387e+01
     vertex -3.014482e+01  1.250000e+01  4.001007e+01
     vertex -2.765312e+01  1.250000e+01  4.177101e+01
   endloop
 endfacet
 facet normal  5.010097e-01 -1.149165e-02 -8.653654e-01
   outer loop
     vertex -2.934005e+01  4.166667e+00  4.060387e+01
     vertex -2.106467e+01  0.000000e+00  4.545029e+01
     vertex -2.893326e+01  0.000000e+00  4.089471e+01
   endloop
 endfacet
 facet normal  6.463514e-01  1.786855e-02 -7.628306e-01
   outer loop
     vertex -2.934005e+01  4.166667e+00  4.060387e+01
     vertex -3.584759e+01  0.000000e+00  3.499238e+01
     vertex -3.252467e+01  1.250000e+01  3.810072e+01
   endloop
 endfacet
 facet normal  6.257822e-01  4.855779e-03 -7.799827e-01
   outer loop
     vertex -2.934005e+01  4.166667e+00  4.060387e+01
     vertex -3.252467e+01  1.250000e+01  3.810072e+01
     vertex -3.014482e+01  1.250000e+01  4.001007e+01
   endloop
 endfacet
 facet normal  1.323618e-01 -3.787750e-03 -9.911942e-01
   outer loop
     vertex -6.190719e+00 -1.562500e+01  4.970596e+01
     vertex -8.440287e+00 -1.250000e+01  4.939362e+01
     vertex -5.803638e+00 -1.250000e+01  4.974571e+01
   endloop
 endfacet
 facet normal  1.778221e-01  1.998402e-03 -9.840606e-01
   outer loop
     vertex -6.190719e+00 -1.562500e+01  4.970596e+01
     vertex -6.021087e+00 -2.187500e+01  4.972392e+01
     vertex -1.164746e+01 -1.666667e+01  4.871780e+01
   endloop
 endfacet
 facet normal  6.725879e-02 -1.041710e-03 -9.977350e-01
   outer loop
     vertex -6.190719e+00 -1.562500e+01  4.970596e+01
     vertex -2.941148e+00 -1.875000e+01  4.992828e+01
     vertex -6.021087e+00 -2.187500e+01  4.972392e+01
   endloop
 endfacet
 facet normal  7.187639e-02  3.783346e-03 -9.974064e-01
   outer loop
     vertex -6.190719e+00 -1.562500e+01  4.970596e+01
     vertex -5.803638e+00 -1.250000e+01  4.974571e+01
     vertex -2.941148e+00 -1.875000e+01  4.992828e+01
   endloop
 endfacet
 facet normal  1.732628e-01  2.632200e-02 -9.845238e-01
   outer loop
     vertex -6.190719e+00 -1.562500e+01  4.970596e+01
     vertex -1.164746e+01 -1.666667e+01  4.871780e+01
     vertex -8.440287e+00 -1.250000e+01  4.939362e+01
   endloop
 endfacet
 facet normal  5.092290e-01  1.041272e-02 -8.605681e-01
   outer loop
     vertex -2.244004e+01  1.250000e+01  4.478768e+01
     vertex -2.106467e+01  0.000000e+00  4.545029e+01
     vertex -2.934005e+01  4.166667e+00  4.060387e+01
   endloop
 endfacet
 facet normal  5.007607e-01  1.982959e-02 -8.653586e-01
   outer loop
     vertex -2.244004e+01  1.250000e+01  4.478768e+01
     vertex -2.934005e+01  4.166667e+00  4.060387e+01
     vertex -2.765312e+01  1.250000e+01  4.177101e+01
   endloop
 endfacet
 facet normal  3.937261e-01  2.069173e-02 -9.189949e-01
   outer loop
     vertex -2.244004e+01  1.250000e+01  4.478768e+01
     vertex -1.920359e+01  1.666667e+01  4.626809e+01
     vertex -1.690982e+01  1.250000e+01  4.715700e+01
   endloop
 endfacet
 facet normal  4.733540e-01 -5.532178e-02 -8.791334e-01
   outer loop
     vertex -2.244004e+01  1.250000e+01  4.478768e+01
     vertex -2.805451e+01  1.666667e+01  4.150247e+01
     vertex -1.920359e+01  1.666667e+01  4.626809e+01
   endloop
 endfacet
 facet normal  5.008450e-01 -7.532522e-03 -8.655042e-01
   outer loop
     vertex -2.244004e+01  1.250000e+01  4.478768e+01
     vertex -2.765312e+01  1.250000e+01  4.177101e+01
     vertex -2.805451e+01  1.666667e+01  4.150247e+01
   endloop
 endfacet
 facet normal  3.938047e-01 -5.394195e-03 -9.191783e-01
   outer loop
     vertex -2.244004e+01  1.250000e+01  4.478768e+01
     vertex -1.690982e+01  1.250000e+01  4.715700e+01
     vertex -2.106467e+01  0.000000e+00  4.545029e+01
   endloop
 endfacet
 facet normal  2.009428e-01 -4.795097e-02 -9.784287e-01
   outer loop
     vertex -6.310411e+00 -3.125000e+00  4.969279e+01
     vertex -8.993830e+00 -6.250000e+00  4.929484e+01
     vertex -1.305036e+01 -4.166667e+00  4.835963e+01
   endloop
 endfacet
 facet normal  1.624762e-01 -1.387746e-02 -9.866149e-01
   outer loop
     vertex -6.310411e+00 -3.125000e+00  4.969279e+01
     vertex -7.483502e+00 -6.250000e+00  4.954356e+01
     vertex -8.993830e+00 -6.250000e+00  4.929484e+01
   endloop
 endfacet
 facet normal  1.929286e-01  7.431156e-03 -9.811847e-01
   outer loop
     vertex -6.310411e+00 -3.125000e+00  4.969279e+01
     vertex -1.305036e+01 -4.166667e+00  4.835963e+01
     vertex -1.258137e+01  0.000000e+00  4.848341e+01
   endloop
 endfacet
 facet normal  1.218391e-01  1.660624e-03 -9.925485e-01
   outer loop
     vertex -6.310411e+00 -3.125000e+00  4.969279e+01
     vertex -5.978800e+00 -6.250000e+00  4.972827e+01
     vertex -7.483502e+00 -6.250000e+00  4.954356e+01
   endloop
 endfacet
 facet normal  9.786648e-02 -9.133415e-04 -9.951991e-01
   outer loop
     vertex -5.386055e+00 -3.125000e+00  4.978369e+01
     vertex -5.978800e+00 -6.250000e+00  4.972827e+01
     vertex -6.310411e+00 -3.125000e+00  4.969279e+01
   endloop
 endfacet
 facet normal  4.450672e-02  9.274660e-03 -9.989660e-01
   outer loop
     vertex -5.386055e+00 -3.125000e+00  4.978369e+01
     vertex -2.143608e+00  0.000000e+00  4.995716e+01
     vertex -5.978800e+00 -6.250000e+00  4.972827e+01
   endloop
 endfacet
 facet normal  9.776180e-02 -4.625010e-02 -9.941346e-01
   outer loop
     vertex -5.386055e+00 -3.125000e+00  4.978369e+01
     vertex -6.310411e+00 -3.125000e+00  4.969279e+01
     vertex -2.143608e+00  0.000000e+00  4.995716e+01
   endloop
 endfacet
 facet normal  2.009428e-01  4.795097e-02 -9.784287e-01
   outer loop
     vertex -6.310411e+00  3.125000e+00  4.969279e+01
     vertex -1.305036e+01  4.166667e+00  4.835963e+01
     vertex -8.993830e+00  6.250000e+00  4.929484e+01
   endloop
 endfacet
 facet normal  1.624762e-01  1.387746e-02 -9.866149e-01
   outer loop
     vertex -6.310411e+00  3.125000e+00  4.969279e+01
     vertex -8.993830e+00  6.250000e+00  4.929484e+01
     vertex -7.483502e+00  6.250000e+00  4.954356e+01
   endloop
 endfacet
 facet normal  1.218391e-01 -1.660624e-03 -9.925485e-01
   outer loop
     vertex -6.310411e+00  3.125000e+00  4.969279e+01
     vertex -7.483502e+00  6.250000e+00  4.954356e+01
     vertex -5.978800e+00  6.250000e+00  4.972827e+01
   endloop
 endfacet
 facet normal  6.332018e-02  0.000000e+00 -9.979933e-01
   outer loop
     vertex -6.310411e+00  3.125000e+00  4.969279e+01
     vertex -2.143608e+00  0.000000e+00  4.995716e+01
     vertex -6.310411e+00 -3.125000e+00  4.969279e+01
   endloop
 endfacet
 facet normal  1.893647e-01  0.000000e+00 -9.819068e-01
   outer loop
     vertex -6.310411e+00  3.125000e+00  4.969279e+01
     vertex -6.310411e+00 -3.125000e+00  4.969279e+01
     vertex -1.258137e+01  0.000000e+00  4.848341e+01
   endloop
 endfacet
 facet normal  1.929286e-01 -7.431156e-03 -9.811847e-01
   outer loop
     vertex -6.310411e+00  3.125000e+00  4.969279e+01
     vertex -1.258137e+01  0.000000e+00  4.848341e+01
     vertex -1.305036e+01  4.166667e+00  4.835963e+01
   endloop
 endfacet
 facet normal  9.776180e-02  4.625010e-02 -9.941346e-01
   outer loop
     vertex -5.386055e+00  3.125000e+00  4.978369e+01
     vertex -2.143608e+00  0.000000e+00  4.995716e+01
     vertex -6.310411e+00  3.125000e+00  4.969279e+01
   endloop
 endfacet
 facet normal  9.786648e-02  9.133415e-04 -9.951991e-01
   outer loop
     vertex -5.386055e+00  3.125000e+00  4.978369e+01
     vertex -6.310411e+00  3.125000e+00  4.969279e+01
     vertex -5.978800e+00  6.250000e+00  4.972827e+01
   endloop
 endfacet
 facet normal  4.450672e-02 -9.274660e-03 -9.989660e-01
   outer loop
     vertex -5.386055e+00  3.125000e+00  4.978369e+01
     vertex -5.978800e+00  6.250000e+00  4.972827e+01
     vertex -2.143608e+00  0.000000e+00  4.995716e+01
   endloop
 endfacet
 facet normal  7.187639e-02 -3.783346e-03 -9.974064e-01
   outer loop
     vertex -6.190719e+00  1.562500e+01  4.970596e+01
     vertex -2.941148e+00  1.875000e+01  4.992828e+01
     vertex -5.803638e+00  1.250000e+01  4.974571e+01
   endloop
 endfacet
 facet normal  1.732628e-01 -2.632200e-02 -9.845238e-01
   outer loop
     vertex -6.190719e+00  1.562500e+01  4.970596e+01
     vertex -8.440287e+00  1.250000e+01  4.939362e+01
     vertex -1.164746e+01  1.666667e+01  4.871780e+01
   endloop
 endfacet
 facet normal  1.323618e-01  3.787750e-03 -9.911942e-01
   outer loop
     vertex -6.190719e+00  1.562500e+01  4.970596e+01
     vertex -5.803638e+00  1.250000e+01  4.974571e+01
     vertex -8.440287e+00  1.250000e+01  4.939362e+01
   endloop
 endfacet
 facet normal  2.137489e-01  5.765994e-02 -9.751855e-01
   outer loop
     vertex -6.021087e+00  2.187500e+01  4.972392e+01
     vertex -1.287521e+01  2.500000e+01  4.840635e+01
     vertex -8.152914e+00  2.500000e+01  4.944142e+01
   endloop
 endfacet
 facet normal  1.153418e-01 -1.110616e-02 -9.932638e-01
   outer loop
     vertex -6.021087e+00  2.187500e+01  4.972392e+01
     vertex -8.152914e+00  2.500000e+01  4.944142e+01
     vertex -4.837572e+00  2.500000e+01  4.982641e+01
   endloop
 endfacet
 facet normal  1.778221e-01 -1.998402e-03 -9.840606e-01
   outer loop
     vertex -6.021087e+00  2.187500e+01  4.972392e+01
     vertex -6.190719e+00  1.562500e+01  4.970596e+01
     vertex -1.164746e+01  1.666667e+01  4.871780e+01
   endloop
 endfacet
 facet normal  6.725879e-02  1.041710e-03 -9.977350e-01
   outer loop
     vertex -6.021087e+00  2.187500e+01  4.972392e+01
     vertex -2.941148e+00  1.875000e+01  4.992828e+01
     vertex -6.190719e+00  1.562500e+01  4.970596e+01
   endloop
 endfacet
 facet normal  1.845704e-01 -9.537046e-03 -9.827730e-01
   outer loop
     vertex -6.021087e+00  2.187500e+01  4.972392e+01
     vertex -1.164746e+01  1.666667e+01  4.871780e+01
     vertex -1.287521e+01  2.500000e+01  4.840635e+01
   endloop
 endfacet
 facet normal  9.990405e-01  6.220791e-03 -4.335192e-02
   outer loop
     vertex -4.991902e+01 -1.666667e+01  4.196191e+00
     vertex -4.982295e+01 -2.500000e+01  5.214532e+00
     vertex -5.008737e+01 -2.500000e+01 -8.790708e-01
   endloop
 endfacet
 facet normal  9.922563e-01 -3.731124e-03 -1.241508e-01
   outer loop
     vertex -4.941402e+01 -1.666667e+01  8.232343e+00
     vertex -4.982295e+01 -2.500000e+01  5.214532e+00
     vertex -4.991902e+01 -1.666667e+01  4.196191e+00
   endloop
 endfacet
 facet normal  9.863248e-01  1.114855e-02 -1.644356e-01
   outer loop
     vertex -4.941402e+01 -1.666667e+01  8.232343e+00
     vertex -4.881994e+01 -2.500000e+01  1.123083e+01
     vertex -4.982295e+01 -2.500000e+01  5.214532e+00
   endloop
 endfacet
 facet normal  9.922203e-01  9.301135e-03 -1.241463e-01
   outer loop
     vertex -4.964219e+01 -1.250000e+01  6.720902e+00
     vertex -4.941402e+01 -1.666667e+01  8.232343e+00
     vertex -4.991902e+01 -1.666667e+01  4.196191e+00
   endloop
 endfacet
 facet normal  9.789129e-01 -3.703773e-03 -2.042443e-01
   outer loop
     vertex -4.858323e+01 -1.666667e+01  1.221422e+01
     vertex -4.881994e+01 -2.500000e+01  1.123083e+01
     vertex -4.941402e+01 -1.666667e+01  8.232343e+00
   endloop
 endfacet
 facet normal  9.590711e-01  6.165078e-03 -2.830982e-01
   outer loop
     vertex -4.858323e+01 -1.666667e+01  1.221422e+01
     vertex -4.709319e+01 -2.500000e+01  1.708064e+01
     vertex -4.881994e+01 -2.500000e+01  1.123083e+01
   endloop
 endfacet
 facet normal  9.397056e-01 -3.087017e-02 -3.405884e-01
   outer loop
     vertex -4.858323e+01 -1.666667e+01  1.221422e+01
     vertex -4.512698e+01 -1.666667e+01  2.175025e+01
     vertex -4.709319e+01 -2.500000e+01  1.708064e+01
   endloop
 endfacet
 facet normal  9.863985e-01 -5.574969e-03 -1.642771e-01
   outer loop
     vertex -4.914096e+01 -1.250000e+01  9.730534e+00
     vertex -4.941402e+01 -1.666667e+01  8.232343e+00
     vertex -4.964219e+01 -1.250000e+01  6.720902e+00
   endloop
 endfacet
 facet normal  9.788775e-01  9.286069e-03 -2.042369e-01
   outer loop
     vertex -4.914096e+01 -1.250000e+01  9.730534e+00
     vertex -4.858323e+01 -1.666667e+01  1.221422e+01
     vertex -4.941402e+01 -1.666667e+01  8.232343e+00
   endloop
 endfacet
 facet normal  9.745788e-01 -3.084112e-03 -2.240240e-01
   outer loop
     vertex -4.845744e+01 -1.250000e+01  1.270407e+01
     vertex -4.858323e+01 -1.666667e+01  1.221422e+01
     vertex -4.914096e+01 -1.250000e+01  9.730534e+00
   endloop
 endfacet
 facet normal  9.990405e-01 -6.220791e-03 -4.335192e-02
   outer loop
     vertex -4.991902e+01  1.666667e+01  4.196191e+00
     vertex -5.008737e+01  2.500000e+01 -8.790708e-01
     vertex -4.982295e+01  2.500000e+01  5.214532e+00
   endloop
 endfacet
 facet normal  9.863248e-01 -1.114855e-02 -1.644356e-01
   outer loop
     vertex -4.941402e+01  1.666667e+01  8.232343e+00
     vertex -4.982295e+01  2.500000e+01  5.214532e+00
     vertex -4.881994e+01  2.500000e+01  1.123083e+01
   endloop
 endfacet
 facet normal  9.922203e-01 -9.301135e-03 -1.241463e-01
   outer loop
     vertex -4.941402e+01  1.666667e+01  8.232343e+00
     vertex -4.964219e+01  1.250000e+01  6.720902e+00
     vertex -4.991902e+01  1.666667e+01  4.196191e+00
   endloop
 endfacet
 facet normal  9.922563e-01  3.731124e-03 -1.241508e-01
   outer loop
     vertex -4.941402e+01  1.666667e+01  8.232343e+00
     vertex -4.991902e+01  1.666667e+01  4.196191e+00
     vertex -4.982295e+01  2.500000e+01  5.214532e+00
   endloop
 endfacet
 facet normal  9.863985e-01  5.574969e-03 -1.642771e-01
   outer loop
     vertex -4.941402e+01  1.666667e+01  8.232343e+00
     vertex -4.914096e+01  1.250000e+01  9.730534e+00
     vertex -4.964219e+01  1.250000e+01  6.720902e+00
   endloop
 endfacet
 facet normal  7.761584e-01  7.872949e-03 -6.304889e-01
   outer loop
     vertex -3.689660e+01 -1.250000e+01  3.388449e+01
     vertex -4.101529e+01 -1.666667e+01  2.876218e+01
     vertex -4.072615e+01 -1.250000e+01  2.917015e+01
   endloop
 endfacet
 facet normal  6.941621e-01  5.542082e-03 -7.197973e-01
   outer loop
     vertex -3.689660e+01 -1.250000e+01  3.388449e+01
     vertex -3.584759e+01  0.000000e+00  3.499238e+01
     vertex -3.252467e+01 -1.250000e+01  3.810072e+01
   endloop
 endfacet
 facet normal  7.553798e-01  5.595597e-02 -6.528938e-01
   outer loop
     vertex -3.689660e+01 -1.250000e+01  3.388449e+01
     vertex -3.439738e+01 -1.666667e+01  3.641891e+01
     vertex -4.101529e+01 -1.666667e+01  2.876218e+01
   endloop
 endfacet
 facet normal  6.940130e-01 -2.145325e-02 -7.196427e-01
   outer loop
     vertex -3.689660e+01 -1.250000e+01  3.388449e+01
     vertex -3.252467e+01 -1.250000e+01  3.810072e+01
     vertex -3.439738e+01 -1.666667e+01  3.641891e+01
   endloop
 endfacet
 facet normal  8.303288e-01  2.471350e-03 -5.572683e-01
   outer loop
     vertex -4.187998e+01 -4.166667e+00  2.748790e+01
     vertex -4.072615e+01 -1.250000e+01  2.917015e+01
     vertex -4.242643e+01 -1.250000e+01  2.663674e+01
   endloop
 endfacet
 facet normal  8.758231e-01 -1.798314e-02 -4.822972e-01
   outer loop
     vertex -4.187998e+01 -4.166667e+00  2.748790e+01
     vertex -4.396931e+01 -1.250000e+01  2.400452e+01
     vertex -4.597281e+01  0.000000e+00  1.990021e+01
   endloop
 endfacet
 facet normal  7.760302e-01 -1.980685e-02 -6.303847e-01
   outer loop
     vertex -4.187998e+01 -4.166667e+00  2.748790e+01
     vertex -3.689660e+01 -1.250000e+01  3.388449e+01
     vertex -4.072615e+01 -1.250000e+01  2.917015e+01
   endloop
 endfacet
 facet normal  7.821842e-01 -1.042757e-02 -6.229600e-01
   outer loop
     vertex -4.187998e+01 -4.166667e+00  2.748790e+01
     vertex -3.584759e+01  0.000000e+00  3.499238e+01
     vertex -3.689660e+01 -1.250000e+01  3.388449e+01
   endloop
 endfacet
 facet normal  8.627077e-01 -4.921142e-03 -5.056789e-01
   outer loop
     vertex -4.187998e+01 -4.166667e+00  2.748790e+01
     vertex -4.242643e+01 -1.250000e+01  2.663674e+01
     vertex -4.396931e+01 -1.250000e+01  2.400452e+01
   endloop
 endfacet
 facet normal  9.745788e-01  3.084112e-03 -2.240240e-01
   outer loop
     vertex -4.858323e+01  1.666667e+01  1.221422e+01
     vertex -4.845744e+01  1.250000e+01  1.270407e+01
     vertex -4.914096e+01  1.250000e+01  9.730534e+00
   endloop
 endfacet
 facet normal  9.397056e-01  3.087017e-02 -3.405884e-01
   outer loop
     vertex -4.858323e+01  1.666667e+01  1.221422e+01
     vertex -4.709319e+01  2.500000e+01  1.708064e+01
     vertex -4.512698e+01  1.666667e+01  2.175025e+01
   endloop
 endfacet
 facet normal  9.590711e-01 -6.165078e-03 -2.830982e-01
   outer loop
     vertex -4.858323e+01  1.666667e+01  1.221422e+01
     vertex -4.881994e+01  2.500000e+01  1.123083e+01
     vertex -4.709319e+01  2.500000e+01  1.708064e+01
   endloop
 endfacet
 facet normal  9.789129e-01  3.703773e-03 -2.042443e-01
   outer loop
     vertex -4.858323e+01  1.666667e+01  1.221422e+01
     vertex -4.941402e+01  1.666667e+01  8.232343e+00
     vertex -4.881994e+01  2.500000e+01  1.123083e+01
   endloop
 endfacet
 facet normal  9.788775e-01 -9.286069e-03 -2.042369e-01
   outer loop
     vertex -4.858323e+01  1.666667e+01  1.221422e+01
     vertex -4.914096e+01  1.250000e+01  9.730534e+00
     vertex -4.941402e+01  1.666667e+01  8.232343e+00
   endloop
 endfacet
 facet normal  8.776692e-01 -1.044441e-02 -4.791532e-01
   outer loop
     vertex -4.160034e+01  0.000000e+00  2.790930e+01
     vertex -4.187998e+01 -4.166667e+00  2.748790e+01
     vertex -4.597281e+01  0.000000e+00  1.990021e+01
   endloop
 endfacet
 facet normal  7.761822e-01  1.166328e-02 -6.304008e-01
   outer loop
     vertex -4.160034e+01  0.000000e+00  2.790930e+01
     vertex -3.584759e+01  0.000000e+00  3.499238e+01
     vertex -4.187998e+01 -4.166667e+00  2.748790e+01
   endloop
 endfacet
 facet normal  8.627077e-01  4.921142e-03 -5.056789e-01
   outer loop
     vertex -4.187998e+01  4.166667e+00  2.748790e+01
     vertex -4.396931e+01  1.250000e+01  2.400452e+01
     vertex -4.242643e+01  1.250000e+01  2.663674e+01
   endloop
 endfacet
 facet normal  7.761822e-01 -1.166328e-02 -6.304008e-01
   outer loop
     vertex -4.187998e+01  4.166667e+00  2.748790e+01
     vertex -3.584759e+01  0.000000e+00  3.499238e+01
     vertex -4.160034e+01  0.000000e+00  2.790930e+01
   endloop
 endfacet
 facet normal  8.776692e-01  1.044441e-02 -4.791532e-01
   outer loop
     vertex -4.187998e+01  4.166667e+00  2.748790e+01
     vertex -4.160034e+01  0.000000e+00  2.790930e+01
     vertex -4.597281e+01  0.000000e+00  1.990021e+01
   endloop
 endfacet
 facet normal  8.303288e-01 -2.471350e-03 -5.572683e-01
   outer loop
     vertex -4.187998e+01  4.166667e+00  2.748790e+01
     vertex -4.242643e+01  1.250000e+01  2.663674e+01
     vertex -4.072615e+01  1.250000e+01  2.917015e+01
   endloop
 endfacet
 facet normal  8.758231e-01  1.798314e-02 -4.822972e-01
   outer loop
     vertex -4.187998e+01  4.166667e+00  2.748790e+01
     vertex -4.597281e+01  0.000000e+00  1.990021e+01
     vertex -4.396931e+01  1.250000e+01  2.400452e+01
   endloop
 endfacet
 facet normal  7.761584e-01 -7.872949e-03 -6.304889e-01
   outer loop
     vertex -3.689660e+01  1.250000e+01  3.388449e+01
     vertex -4.072615e+01  1.250000e+01  2.917015e+01
     vertex -4.101529e+01  1.666667e+01  2.876218e+01
   endloop
 endfacet
 facet normal  7.760302e-01  1.980685e-02 -6.303847e-01
   outer loop
     vertex -3.689660e+01  1.250000e+01  3.388449e+01
     vertex -4.187998e+01  4.166667e+00  2.748790e+01
     vertex -4.072615e+01  1.250000e+01  2.917015e+01
   endloop
 endfacet
 facet normal  6.940130e-01  2.145325e-02 -7.196427e-01
   outer loop
     vertex -3.689660e+01  1.250000e+01  3.388449e+01
     vertex -3.439738e+01  1.666667e+01  3.641891e+01
     vertex -3.252467e+01  1.250000e+01  3.810072e+01
   endloop
 endfacet
 facet normal  7.553798e-01 -5.595597e-02 -6.528938e-01
   outer loop
     vertex -3.689660e+01  1.250000e+01  3.388449e+01
     vertex -4.101529e+01  1.666667e+01  2.876218e+01
     vertex -3.439738e+01  1.666667e+01  3.641891e+01
   endloop
 endfacet
 facet normal  6.941621e-01 -5.542082e-03 -7.197973e-01
   outer loop
     vertex -3.689660e+01  1.250000e+01  3.388449e+01
     vertex -3.252467e+01  1.250000e+01  3.810072e+01
     vertex -3.584759e+01  0.000000e+00  3.499238e+01
   endloop
 endfacet
 facet normal  7.821842e-01  1.042757e-02 -6.229600e-01
   outer loop
     vertex -3.689660e+01  1.250000e+01  3.388449e+01
     vertex -3.584759e+01  0.000000e+00  3.499238e+01
     vertex -4.187998e+01  4.166667e+00  2.748790e+01
   endloop
 endfacet
 facet normal  2.410797e-02  6.736088e-04 -9.997091e-01
   outer loop
     vertex -3.125960e+00 -2.343750e+01  4.992067e+01
     vertex -2.941148e+00 -1.875000e+01  4.992828e+01
     vertex  2.180969e+00 -2.500000e+01  5.004759e+01
   endloop
 endfacet
 facet normal  6.303981e-02 -8.856317e-03 -9.979717e-01
   outer loop
     vertex -3.125960e+00 -2.343750e+01  4.992067e+01
     vertex -4.837572e+00 -2.500000e+01  4.982641e+01
     vertex -6.021087e+00 -2.187500e+01  4.972392e+01
   endloop
 endfacet
 facet normal  6.724740e-02 -1.030437e-03 -9.977358e-01
   outer loop
     vertex -3.125960e+00 -2.343750e+01  4.992067e+01
     vertex -6.021087e+00 -2.187500e+01  4.972392e+01
     vertex -2.941148e+00 -1.875000e+01  4.992828e+01
   endloop
 endfacet
 facet normal  3.148707e-02  2.577991e-02 -9.991716e-01
   outer loop
     vertex -3.125960e+00 -2.343750e+01  4.992067e+01
     vertex  2.180969e+00 -2.500000e+01  5.004759e+01
     vertex -4.837572e+00 -2.500000e+01  4.982641e+01
   endloop
 endfacet
 facet normal  2.410797e-02 -6.736088e-04 -9.997091e-01
   outer loop
     vertex -3.125960e+00  2.343750e+01  4.992067e+01
     vertex  2.180969e+00  2.500000e+01  5.004759e+01
     vertex -2.941148e+00  1.875000e+01  4.992828e+01
   endloop
 endfacet
 facet normal  3.148707e-02 -2.577991e-02 -9.991716e-01
   outer loop
     vertex -3.125960e+00  2.343750e+01  4.992067e+01
     vertex -4.837572e+00  2.500000e+01  4.982641e+01
     vertex  2.180969e+00  2.500000e+01  5.004759e+01
   endloop
 endfacet
 facet normal  6.303981e-02  8.856317e-03 -9.979717e-01
   outer loop
     vertex -3.125960e+00  2.343750e+01  4.992067e+01
     vertex -6.021087e+00  2.187500e+01  4.972392e+01
     vertex -4.837572e+00  2.500000e+01  4.982641e+01
   endloop
 endfacet
 facet normal  6.724740e-02  1.030437e-03 -9.977358e-01
   outer loop
     vertex -3.125960e+00  2.343750e+01  4.992067e+01
     vertex -2.941148e+00  1.875000e+01  4.992828e+01
     vertex -6.021087e+00  2.187500e+01  4.972392e+01
   endloop
 endfacet
 facet normal  9.485468e-01  6.202779e-03  3.165762e-01
   outer loop
     vertex -4.812259e+01 -1.666667e+01 -1.391881e+01
     vertex -4.839576e+01 -2.500000e+01 -1.293704e+01
     vertex -4.646482e+01 -2.500000e+01 -1.872266e+01
   endloop
 endfacet
 facet normal  9.711066e-01 -3.721300e-03  2.386171e-01
   outer loop
     vertex -4.909320e+01 -1.666667e+01 -9.968689e+00
     vertex -4.839576e+01 -2.500000e+01 -1.293704e+01
     vertex -4.812259e+01 -1.666667e+01 -1.391881e+01
   endloop
 endfacet
 facet normal  9.799468e-01  1.114916e-02  1.989469e-01
   outer loop
     vertex -4.909320e+01 -1.666667e+01 -9.968689e+00
     vertex -4.960928e+01 -2.500000e+01 -6.959642e+00
     vertex -4.839576e+01 -2.500000e+01 -1.293704e+01
   endloop
 endfacet
 facet normal  9.710714e-01  9.295323e-03  2.386084e-01
   outer loop
     vertex -4.876664e+01 -1.250000e+01 -1.146002e+01
     vertex -4.909320e+01 -1.666667e+01 -9.968689e+00
     vertex -4.812259e+01 -1.666667e+01 -1.391881e+01
   endloop
 endfacet
 facet normal  9.872646e-01 -3.712560e-03  1.590435e-01
   outer loop
     vertex -4.974014e+01 -1.666667e+01 -5.952841e+00
     vertex -4.960928e+01 -2.500000e+01 -6.959642e+00
     vertex -4.909320e+01 -1.666667e+01 -9.968689e+00
   endloop
 endfacet
 facet normal  9.993667e-01 -3.091647e-02  1.761484e-02
   outer loop
     vertex -4.974014e+01 -1.666667e+01 -5.952841e+00
     vertex -4.991902e+01 -1.666667e+01  4.196191e+00
     vertex -5.008737e+01 -2.500000e+01 -8.790708e-01
   endloop
 endfacet
 facet normal  9.969043e-01  6.184075e-03  7.838152e-02
   outer loop
     vertex -4.974014e+01 -1.666667e+01 -5.952841e+00
     vertex -5.008737e+01 -2.500000e+01 -8.790708e-01
     vertex -4.960928e+01 -2.500000e+01 -6.959642e+00
   endloop
 endfacet
 facet normal  9.872288e-01  9.289090e-03  1.590377e-01
   outer loop
     vertex -4.937385e+01 -1.250000e+01 -8.469968e+00
     vertex -4.974014e+01 -1.666667e+01 -5.952841e+00
     vertex -4.909320e+01 -1.666667e+01 -9.968689e+00
   endloop
 endfacet
 facet normal  9.799818e-01 -5.576422e-03  1.990090e-01
   outer loop
     vertex -4.937385e+01 -1.250000e+01 -8.469968e+00
     vertex -4.909320e+01 -1.666667e+01 -9.968689e+00
     vertex -4.876664e+01 -1.250000e+01 -1.146002e+01
   endloop
 endfacet
 facet normal  9.902896e-01 -3.093874e-03  1.389853e-01
   outer loop
     vertex -4.979790e+01 -1.250000e+01 -5.448497e+00
     vertex -4.974014e+01 -1.666667e+01 -5.952841e+00
     vertex -4.937385e+01 -1.250000e+01 -8.469968e+00
   endloop
 endfacet
 facet normal  9.485468e-01 -6.202779e-03  3.165762e-01
   outer loop
     vertex -4.812259e+01  1.666667e+01 -1.391881e+01
     vertex -4.646482e+01  2.500000e+01 -1.872266e+01
     vertex -4.839576e+01  2.500000e+01 -1.293704e+01
   endloop
 endfacet
 facet normal  9.799468e-01 -1.114916e-02  1.989469e-01
   outer loop
     vertex -4.909320e+01  1.666667e+01 -9.968689e+00
     vertex -4.839576e+01  2.500000e+01 -1.293704e+01
     vertex -4.960928e+01  2.500000e+01 -6.959642e+00
   endloop
 endfacet
 facet normal  9.710714e-01 -9.295323e-03  2.386084e-01
   outer loop
     vertex -4.909320e+01  1.666667e+01 -9.968689e+00
     vertex -4.876664e+01  1.250000e+01 -1.146002e+01
     vertex -4.812259e+01  1.666667e+01 -1.391881e+01
   endloop
 endfacet
 facet normal  9.799818e-01  5.576422e-03  1.990090e-01
   outer loop
     vertex -4.909320e+01  1.666667e+01 -9.968689e+00
     vertex -4.937385e+01  1.250000e+01 -8.469968e+00
     vertex -4.876664e+01  1.250000e+01 -1.146002e+01
   endloop
 endfacet
 facet normal  9.711066e-01  3.721300e-03  2.386171e-01
   outer loop
     vertex -4.909320e+01  1.666667e+01 -9.968689e+00
     vertex -4.812259e+01  1.666667e+01 -1.391881e+01
     vertex -4.839576e+01  2.500000e+01 -1.293704e+01
   endloop
 endfacet
 facet normal  9.052101e-01  5.563952e-03 -4.249278e-01
   outer loop
     vertex -4.655751e+01 -1.250000e+01  1.849097e+01
     vertex -4.597281e+01  0.000000e+00  1.990021e+01
     vertex -4.396931e+01 -1.250000e+01  2.400452e+01
   endloop
 endfacet
 facet normal  9.386705e-01  5.614802e-02 -3.402132e-01
   outer loop
     vertex -4.655751e+01 -1.250000e+01  1.849097e+01
     vertex -4.512698e+01 -1.666667e+01  2.175025e+01
     vertex -4.858323e+01 -1.666667e+01  1.221422e+01
   endloop
 endfacet
 facet normal  9.500733e-01  7.989623e-03 -3.119245e-01
   outer loop
     vertex -4.655751e+01 -1.250000e+01  1.849097e+01
     vertex -4.858323e+01 -1.666667e+01  1.221422e+01
     vertex -4.845744e+01 -1.250000e+01  1.270407e+01
   endloop
 endfacet
 facet normal  9.050129e-01 -2.160119e-02 -4.248352e-01
   outer loop
     vertex -4.655751e+01 -1.250000e+01  1.849097e+01
     vertex -4.396931e+01 -1.250000e+01  2.400452e+01
     vertex -4.512698e+01 -1.666667e+01  2.175025e+01
   endloop
 endfacet
 facet normal  9.499173e-01 -1.980210e-02 -3.118733e-01
   outer loop
     vertex -4.893368e+01 -4.166667e+00  1.072442e+01
     vertex -4.655751e+01 -1.250000e+01  1.849097e+01
     vertex -4.845744e+01 -1.250000e+01  1.270407e+01
   endloop
 endfacet
 facet normal  9.864017e-01 -4.943203e-03 -1.642777e-01
   outer loop
     vertex -4.893368e+01 -4.166667e+00  1.072442e+01
     vertex -4.914096e+01 -1.250000e+01  9.730534e+00
     vertex -4.964219e+01 -1.250000e+01  6.720902e+00
   endloop
 endfacet
 facet normal  9.745804e-01  2.476589e-03 -2.240243e-01
   outer loop
     vertex -4.893368e+01 -4.166667e+00  1.072442e+01
     vertex -4.845744e+01 -1.250000e+01  1.270407e+01
     vertex -4.914096e+01 -1.250000e+01  9.730534e+00
   endloop
 endfacet
 facet normal  9.530046e-01 -1.044296e-02 -3.027757e-01
   outer loop
     vertex -4.893368e+01 -4.166667e+00  1.072442e+01
     vertex -4.597281e+01  0.000000e+00  1.990021e+01
     vertex -4.655751e+01 -1.250000e+01  1.849097e+01
   endloop
 endfacet
 facet normal  9.903041e-01 -1.802302e-02 -1.377426e-01
   outer loop
     vertex -4.893368e+01 -4.166667e+00  1.072442e+01
     vertex -4.964219e+01 -1.250000e+01  6.720902e+00
     vertex -5.004824e+01  0.000000e+00  2.166069e+00
   endloop
 endfacet
 facet normal  9.872646e-01  3.712560e-03  1.590435e-01
   outer loop
     vertex -4.974014e+01  1.666667e+01 -5.952841e+00
     vertex -4.909320e+01  1.666667e+01 -9.968689e+00
     vertex -4.960928e+01  2.500000e+01 -6.959642e+00
   endloop
 endfacet
 facet normal  9.969043e-01 -6.184075e-03  7.838152e-02
   outer loop
     vertex -4.974014e+01  1.666667e+01 -5.952841e+00
     vertex -4.960928e+01  2.500000e+01 -6.959642e+00
     vertex -5.008737e+01  2.500000e+01 -8.790708e-01
   endloop
 endfacet
 facet normal  9.872288e-01 -9.289090e-03  1.590377e-01
   outer loop
     vertex -4.974014e+01  1.666667e+01 -5.952841e+00
     vertex -4.937385e+01  1.250000e+01 -8.469968e+00
     vertex -4.909320e+01  1.666667e+01 -9.968689e+00
   endloop
 endfacet
 facet normal  9.902896e-01  3.093874e-03  1.389853e-01
   outer loop
     vertex -4.974014e+01  1.666667e+01 -5.952841e+00
     vertex -4.979790e+01  1.250000e+01 -5.448497e+00
     vertex -4.937385e+01  1.250000e+01 -8.469968e+00
   endloop
 endfacet
 facet normal  9.993667e-01  3.091647e-02  1.761484e-02
   outer loop
     vertex -4.974014e+01  1.666667e+01 -5.952841e+00
     vertex -5.008737e+01  2.500000e+01 -8.790708e-01
     vertex -4.991902e+01  1.666667e+01  4.196191e+00
   endloop
 endfacet
 facet normal  9.909047e-01 -1.049463e-02 -1.341556e-01
   outer loop
     vertex -4.882249e+01  0.000000e+00  1.121973e+01
     vertex -4.893368e+01 -4.166667e+00  1.072442e+01
     vertex -5.004824e+01  0.000000e+00  2.166069e+00
   endloop
 endfacet
 facet normal  9.500469e-01  1.172358e-02 -3.118870e-01
   outer loop
     vertex -4.882249e+01  0.000000e+00  1.121973e+01
     vertex -4.597281e+01  0.000000e+00  1.990021e+01
     vertex -4.893368e+01 -4.166667e+00  1.072442e+01
   endloop
 endfacet
 facet normal  9.745804e-01 -2.476589e-03 -2.240243e-01
   outer loop
     vertex -4.893368e+01  4.166667e+00  1.072442e+01
     vertex -4.914096e+01  1.250000e+01  9.730534e+00
     vertex -4.845744e+01  1.250000e+01  1.270407e+01
   endloop
 endfacet
 facet normal  9.500469e-01 -1.172358e-02 -3.118870e-01
   outer loop
     vertex -4.893368e+01  4.166667e+00  1.072442e+01
     vertex -4.597281e+01  0.000000e+00  1.990021e+01
     vertex -4.882249e+01  0.000000e+00  1.121973e+01
   endloop
 endfacet
 facet normal  9.903041e-01  1.802302e-02 -1.377426e-01
   outer loop
     vertex -4.893368e+01  4.166667e+00  1.072442e+01
     vertex -5.004824e+01  0.000000e+00  2.166069e+00
     vertex -4.964219e+01  1.250000e+01  6.720902e+00
   endloop
 endfacet
 facet normal  9.909047e-01  1.049463e-02 -1.341556e-01
   outer loop
     vertex -4.893368e+01  4.166667e+00  1.072442e+01
     vertex -4.882249e+01  0.000000e+00  1.121973e+01
     vertex -5.004824e+01  0.000000e+00  2.166069e+00
   endloop
 endfacet
 facet normal  9.864017e-01  4.943203e-03 -1.642777e-01
   outer loop
     vertex -4.893368e+01  4.166667e+00  1.072442e+01
     vertex -4.964219e+01  1.250000e+01  6.720902e+00
     vertex -4.914096e+01  1.250000e+01  9.730534e+00
   endloop
 endfacet
 facet normal  9.500733e-01 -7.989623e-03 -3.119245e-01
   outer loop
     vertex -4.655751e+01  1.250000e+01  1.849097e+01
     vertex -4.845744e+01  1.250000e+01  1.270407e+01
     vertex -4.858323e+01  1.666667e+01  1.221422e+01
   endloop
 endfacet
 facet normal  9.499173e-01  1.980210e-02 -3.118733e-01
   outer loop
     vertex -4.655751e+01  1.250000e+01  1.849097e+01
     vertex -4.893368e+01  4.166667e+00  1.072442e+01
     vertex -4.845744e+01  1.250000e+01  1.270407e+01
   endloop
 endfacet
 facet normal  9.050129e-01  2.160119e-02 -4.248352e-01
   outer loop
     vertex -4.655751e+01  1.250000e+01  1.849097e+01
     vertex -4.512698e+01  1.666667e+01  2.175025e+01
     vertex -4.396931e+01  1.250000e+01  2.400452e+01
   endloop
 endfacet
 facet normal  9.052101e-01 -5.563952e-03 -4.249278e-01
   outer loop
     vertex -4.655751e+01  1.250000e+01  1.849097e+01
     vertex -4.396931e+01  1.250000e+01  2.400452e+01
     vertex -4.597281e+01  0.000000e+00  1.990021e+01
   endloop
 endfacet
 facet normal  9.530046e-01  1.044296e-02 -3.027757e-01
   outer loop
     vertex -4.655751e+01  1.250000e+01  1.849097e+01
     vertex -4.597281e+01  0.000000e+00  1.990021e+01
     vertex -4.893368e+01  4.166667e+00  1.072442e+01
   endloop
 endfacet
 facet normal  9.386705e-01 -5.614802e-02 -3.402132e-01
   outer loop
     vertex -4.655751e+01  1.250000e+01  1.849097e+01
     vertex -4.858323e+01  1.666667e+01  1.221422e+01
     vertex -4.512698e+01  1.666667e+01  2.175025e+01
   endloop
 endfacet
 facet normal  7.727464e-01  6.196901e-03  6.346846e-01
   outer loop
     vertex -3.997007e+01 -1.666667e+01 -3.019786e+01
     vertex -4.057533e+01 -2.500000e+01 -2.937958e+01
     vertex -3.670410e+01 -2.500000e+01 -3.409291e+01
   endloop
 endfacet
 facet normal  8.441148e-01  1.114968e-02  5.360466e-01
   outer loop
     vertex -4.228830e+01 -1.666667e+01 -2.685550e+01
     vertex -4.384506e+01 -2.500000e+01 -2.423072e+01
     vertex -4.057533e+01 -2.500000e+01 -2.937958e+01
   endloop
 endfacet
 facet normal  8.216940e-01 -3.717987e-03  5.699168e-01
   outer loop
     vertex -4.228830e+01 -1.666667e+01 -2.685550e+01
     vertex -4.057533e+01 -2.500000e+01 -2.937958e+01
     vertex -3.997007e+01 -1.666667e+01 -3.019786e+01
   endloop
 endfacet
 facet normal  8.216642e-01  9.291961e-03  5.698961e-01
   outer loop
     vertex -4.145067e+01 -1.250000e+01 -2.813110e+01
     vertex -4.228830e+01 -1.666667e+01 -2.685550e+01
     vertex -3.997007e+01 -1.666667e+01 -3.019786e+01
   endloop
 endfacet
 facet normal  8.652233e-01 -3.714942e-03  5.013729e-01
   outer loop
     vertex -4.432771e+01 -1.666667e+01 -2.333607e+01
     vertex -4.384506e+01 -2.500000e+01 -2.423072e+01
     vertex -4.228830e+01 -1.666667e+01 -2.685550e+01
   endloop
 endfacet
 facet normal  9.030421e-01  6.190732e-03  4.295075e-01
   outer loop
     vertex -4.432771e+01 -1.666667e+01 -2.333607e+01
     vertex -4.646482e+01 -2.500000e+01 -1.872266e+01
     vertex -4.384506e+01 -2.500000e+01 -2.423072e+01
   endloop
 endfacet
 facet normal  9.270794e-01 -3.093211e-02  3.735866e-01
   outer loop
     vertex -4.432771e+01 -1.666667e+01 -2.333607e+01
     vertex -4.812259e+01 -1.666667e+01 -1.391881e+01
     vertex -4.646482e+01 -2.500000e+01 -1.872266e+01
   endloop
 endfacet
 facet normal  8.441441e-01 -5.577564e-03  5.360873e-01
   outer loop
     vertex -4.308634e+01 -1.250000e+01 -2.555551e+01
     vertex -4.228830e+01 -1.666667e+01 -2.685550e+01
     vertex -4.145067e+01 -1.250000e+01 -2.813110e+01
   endloop
 endfacet
 facet normal  8.651920e-01  9.290259e-03  5.013547e-01
   outer loop
     vertex -4.308634e+01 -1.250000e+01 -2.555551e+01
     vertex -4.432771e+01 -1.666667e+01 -2.333607e+01
     vertex -4.228830e+01 -1.666667e+01 -2.685550e+01
   endloop
 endfacet
 facet normal  8.752225e-01 -3.096470e-03  4.837106e-01
   outer loop
     vertex -4.456219e+01 -1.250000e+01 -2.288512e+01
     vertex -4.432771e+01 -1.666667e+01 -2.333607e+01
     vertex -4.308634e+01 -1.250000e+01 -2.555551e+01
   endloop
 endfacet
 facet normal  7.727464e-01 -6.196901e-03  6.346846e-01
   outer loop
     vertex -3.997007e+01  1.666667e+01 -3.019786e+01
     vertex -3.670410e+01  2.500000e+01 -3.409291e+01
     vertex -4.057533e+01  2.500000e+01 -2.937958e+01
   endloop
 endfacet
 facet normal  8.216642e-01 -9.291961e-03  5.698961e-01
   outer loop
     vertex -4.228830e+01  1.666667e+01 -2.685550e+01
     vertex -4.145067e+01  1.250000e+01 -2.813110e+01
     vertex -3.997007e+01  1.666667e+01 -3.019786e+01
   endloop
 endfacet
 facet normal  8.441148e-01 -1.114968e-02  5.360466e-01
   outer loop
     vertex -4.228830e+01  1.666667e+01 -2.685550e+01
     vertex -4.057533e+01  2.500000e+01 -2.937958e+01
     vertex -4.384506e+01  2.500000e+01 -2.423072e+01
   endloop
 endfacet
 facet normal  8.441441e-01  5.577564e-03  5.360873e-01
   outer loop
     vertex -4.228830e+01  1.666667e+01 -2.685550e+01
     vertex -4.308634e+01  1.250000e+01 -2.555551e+01
     vertex -4.145067e+01  1.250000e+01 -2.813110e+01
   endloop
 endfacet
 facet normal  8.216940e-01  3.717987e-03  5.699168e-01
   outer loop
     vertex -4.228830e+01  1.666667e+01 -2.685550e+01
     vertex -3.997007e+01  1.666667e+01 -3.019786e+01
     vertex -4.057533e+01  2.500000e+01 -2.937958e+01
   endloop
 endfacet
 facet normal  9.988116e-01  8.028715e-03  4.807143e-02
   outer loop
     vertex -5.009098e+01 -1.250000e+01  6.409488e-01
     vertex -4.974014e+01 -1.666667e+01 -5.952841e+00
     vertex -4.979790e+01 -1.250000e+01 -5.448497e+00
   endloop
 endfacet
 facet normal  9.982638e-01  5.621120e-02  1.759540e-02
   outer loop
     vertex -5.009098e+01 -1.250000e+01  6.409488e-01
     vertex -4.991902e+01 -1.666667e+01  4.196191e+00
     vertex -4.974014e+01 -1.666667e+01 -5.952841e+00
   endloop
 endfacet
 facet normal  9.970531e-01 -2.164936e-02 -7.359693e-02
   outer loop
     vertex -5.009098e+01 -1.250000e+01  6.409488e-01
     vertex -4.964219e+01 -1.250000e+01  6.720902e+00
     vertex -4.991902e+01 -1.666667e+01  4.196191e+00
   endloop
 endfacet
 facet normal  9.972713e-01  5.571266e-03 -7.361304e-02
   outer loop
     vertex -5.009098e+01 -1.250000e+01  6.409488e-01
     vertex -5.004824e+01  0.000000e+00  2.166069e+00
     vertex -4.964219e+01 -1.250000e+01  6.720902e+00
   endloop
 endfacet
 facet normal  9.982820e-01 -1.044790e-02  5.765294e-02
   outer loop
     vertex -4.953555e+01 -4.166667e+00 -7.466377e+00
     vertex -5.004824e+01  0.000000e+00  2.166069e+00
     vertex -5.009098e+01 -1.250000e+01  6.409488e-01
   endloop
 endfacet
 facet normal  9.799850e-01 -4.950913e-03  1.990097e-01
   outer loop
     vertex -4.953555e+01 -4.166667e+00 -7.466377e+00
     vertex -4.937385e+01 -1.250000e+01 -8.469968e+00
     vertex -4.876664e+01 -1.250000e+01 -1.146002e+01
   endloop
 endfacet
 facet normal  9.986480e-01 -1.980160e-02  4.806355e-02
   outer loop
     vertex -4.953555e+01 -4.166667e+00 -7.466377e+00
     vertex -5.009098e+01 -1.250000e+01  6.409488e-01
     vertex -4.979790e+01 -1.250000e+01 -5.448497e+00
   endloop
 endfacet
 facet normal  9.902913e-01  2.477841e-03  1.389855e-01
   outer loop
     vertex -4.953555e+01 -4.166667e+00 -7.466377e+00
     vertex -4.979790e+01 -1.250000e+01 -5.448497e+00
     vertex -4.937385e+01 -1.250000e+01 -8.469968e+00
   endloop
 endfacet
 facet normal  9.741477e-01 -1.803642e-02  2.251907e-01
   outer loop
     vertex -4.953555e+01 -4.166667e+00 -7.466377e+00
     vertex -4.876664e+01 -1.250000e+01 -1.146002e+01
     vertex -4.751783e+01  0.000000e+00 -1.586107e+01
   endloop
 endfacet
 facet normal  8.651920e-01 -9.290259e-03  5.013547e-01
   outer loop
     vertex -4.432771e+01  1.666667e+01 -2.333607e+01
     vertex -4.308634e+01  1.250000e+01 -2.555551e+01
     vertex -4.228830e+01  1.666667e+01 -2.685550e+01
   endloop
 endfacet
 facet normal  8.752225e-01  3.096470e-03  4.837106e-01
   outer loop
     vertex -4.432771e+01  1.666667e+01 -2.333607e+01
     vertex -4.456219e+01  1.250000e+01 -2.288512e+01
     vertex -4.308634e+01  1.250000e+01 -2.555551e+01
   endloop
 endfacet
 facet normal  8.652233e-01  3.714942e-03  5.013729e-01
   outer loop
     vertex -4.432771e+01  1.666667e+01 -2.333607e+01
     vertex -4.228830e+01  1.666667e+01 -2.685550e+01
     vertex -4.384506e+01  2.500000e+01 -2.423072e+01
   endloop
 endfacet
 facet normal  9.030421e-01 -6.190732e-03  4.295075e-01
   outer loop
     vertex -4.432771e+01  1.666667e+01 -2.333607e+01
     vertex -4.384506e+01  2.500000e+01 -2.423072e+01
     vertex -4.646482e+01  2.500000e+01 -1.872266e+01
   endloop
 endfacet
 facet normal  9.270794e-01  3.093211e-02  3.735866e-01
   outer loop
     vertex -4.432771e+01  1.666667e+01 -2.333607e+01
     vertex -4.646482e+01  2.500000e+01 -1.872266e+01
     vertex -4.812259e+01  1.666667e+01 -1.391881e+01
   endloop
 endfacet
 facet normal  9.734278e-01 -1.051083e-02  2.287529e-01
   outer loop
     vertex -4.960876e+01  0.000000e+00 -6.963403e+00
     vertex -4.953555e+01 -4.166667e+00 -7.466377e+00
     vertex -4.751783e+01  0.000000e+00 -1.586107e+01
   endloop
 endfacet
 facet normal  9.987745e-01  1.174428e-02  4.807957e-02
   outer loop
     vertex -4.960876e+01  0.000000e+00 -6.963403e+00
     vertex -5.004824e+01  0.000000e+00  2.166069e+00
     vertex -4.953555e+01 -4.166667e+00 -7.466377e+00
   endloop
 endfacet
 facet normal  9.734278e-01  1.051083e-02  2.287529e-01
   outer loop
     vertex -4.953555e+01  4.166667e+00 -7.466377e+00
     vertex -4.960876e+01  0.000000e+00 -6.963403e+00
     vertex -4.751783e+01  0.000000e+00 -1.586107e+01
   endloop
 endfacet
 facet normal  9.987745e-01 -1.174428e-02  4.807957e-02
   outer loop
     vertex -4.953555e+01  4.166667e+00 -7.466377e+00
     vertex -5.004824e+01  0.000000e+00  2.166069e+00
     vertex -4.960876e+01  0.000000e+00 -6.963403e+00
   endloop
 endfacet
 facet normal  9.741477e-01  1.803642e-02  2.251907e-01
   outer loop
     vertex -4.953555e+01  4.166667e+00 -7.466377e+00
     vertex -4.751783e+01  0.000000e+00 -1.586107e+01
     vertex -4.876664e+01  1.250000e+01 -1.146002e+01
   endloop
 endfacet
 facet normal  9.799850e-01  4.950913e-03  1.990097e-01
   outer loop
     vertex -4.953555e+01  4.166667e+00 -7.466377e+00
     vertex -4.876664e+01  1.250000e+01 -1.146002e+01
     vertex -4.937385e+01  1.250000e+01 -8.469968e+00
   endloop
 endfacet
 facet normal  9.902913e-01 -2.477841e-03  1.389855e-01
   outer loop
     vertex -4.953555e+01  4.166667e+00 -7.466377e+00
     vertex -4.937385e+01  1.250000e+01 -8.469968e+00
     vertex -4.979790e+01  1.250000e+01 -5.448497e+00
   endloop
 endfacet
 facet normal  9.972713e-01 -5.571266e-03 -7.361304e-02
   outer loop
     vertex -5.009098e+01  1.250000e+01  6.409488e-01
     vertex -4.964219e+01  1.250000e+01  6.720902e+00
     vertex -5.004824e+01  0.000000e+00  2.166069e+00
   endloop
 endfacet
 facet normal  9.986480e-01  1.980160e-02  4.806355e-02
   outer loop
     vertex -5.009098e+01  1.250000e+01  6.409488e-01
     vertex -4.953555e+01  4.166667e+00 -7.466377e+00
     vertex -4.979790e+01  1.250000e+01 -5.448497e+00
   endloop
 endfacet
 facet normal  9.988116e-01 -8.028715e-03  4.807143e-02
   outer loop
     vertex -5.009098e+01  1.250000e+01  6.409488e-01
     vertex -4.979790e+01  1.250000e+01 -5.448497e+00
     vertex -4.974014e+01  1.666667e+01 -5.952841e+00
   endloop
 endfacet
 facet normal  9.982638e-01 -5.621120e-02  1.759540e-02
   outer loop
     vertex -5.009098e+01  1.250000e+01  6.409488e-01
     vertex -4.974014e+01  1.666667e+01 -5.952841e+00
     vertex -4.991902e+01  1.666667e+01  4.196191e+00
   endloop
 endfacet
 facet normal  9.970531e-01  2.164936e-02 -7.359693e-02
   outer loop
     vertex -5.009098e+01  1.250000e+01  6.409488e-01
     vertex -4.991902e+01  1.666667e+01  4.196191e+00
     vertex -4.964219e+01  1.250000e+01  6.720902e+00
   endloop
 endfacet
 facet normal  9.982820e-01  1.044790e-02  5.765294e-02
   outer loop
     vertex -5.009098e+01  1.250000e+01  6.409488e-01
     vertex -5.004824e+01  0.000000e+00  2.166069e+00
     vertex -4.953555e+01  4.166667e+00 -7.466377e+00
   endloop
 endfacet
 facet normal  4.948623e-01  6.194473e-03  8.689493e-01
   outer loop
     vertex -2.653736e+01 -1.666667e+01 -4.248866e+01
     vertex -2.739474e+01 -2.500000e+01 -4.194098e+01
     vertex -2.209463e+01 -2.500000e+01 -4.495937e+01
   endloop
 endfacet
 facet normal  5.637339e-01 -3.717559e-03  8.259481e-01
   outer loop
     vertex -2.989703e+01 -1.666667e+01 -4.019559e+01
     vertex -2.739474e+01 -2.500000e+01 -4.194098e+01
     vertex -2.653736e+01 -1.666667e+01 -4.248866e+01
   endloop
 endfacet
 facet normal  5.967727e-01  1.114929e-02  8.023329e-01
   outer loop
     vertex -2.989703e+01 -1.666667e+01 -4.019559e+01
     vertex -3.228875e+01 -2.500000e+01 -3.830083e+01
     vertex -2.739474e+01 -2.500000e+01 -4.194098e+01
   endloop
 endfacet
 facet normal  5.637135e-01  9.291469e-03  8.259182e-01
   outer loop
     vertex -2.865900e+01 -1.250000e+01 -4.108745e+01
     vertex -2.989703e+01 -1.666667e+01 -4.019559e+01
     vertex -2.653736e+01 -1.666667e+01 -4.248866e+01
   endloop
 endfacet
 facet normal  6.898845e-01  6.192575e-03  7.238930e-01
   outer loop
     vertex -3.305958e+01 -1.666667e+01 -3.763750e+01
     vertex -3.670410e+01 -2.500000e+01 -3.409291e+01
     vertex -3.228875e+01 -2.500000e+01 -3.830083e+01
   endloop
 endfacet
 facet normal  6.288856e-01 -3.716085e-03  7.774889e-01
   outer loop
     vertex -3.305958e+01 -1.666667e+01 -3.763750e+01
     vertex -3.228875e+01 -2.500000e+01 -3.830083e+01
     vertex -2.989703e+01 -1.666667e+01 -4.019559e+01
   endloop
 endfacet
 facet normal  7.323319e-01 -3.093728e-02  6.802447e-01
   outer loop
     vertex -3.305958e+01 -1.666667e+01 -3.763750e+01
     vertex -3.997007e+01 -1.666667e+01 -3.019786e+01
     vertex -3.670410e+01 -2.500000e+01 -3.409291e+01
   endloop
 endfacet
 facet normal  6.288628e-01  9.292425e-03  7.774607e-01
   outer loop
     vertex -3.110715e+01 -1.250000e+01 -3.926656e+01
     vertex -3.305958e+01 -1.666667e+01 -3.763750e+01
     vertex -2.989703e+01 -1.666667e+01 -4.019559e+01
   endloop
 endfacet
 facet normal  5.967934e-01 -5.576691e-03  8.023756e-01
   outer loop
     vertex -3.110715e+01 -1.250000e+01 -3.926656e+01
     vertex -2.989703e+01 -1.666667e+01 -4.019559e+01
     vertex -2.865900e+01 -1.250000e+01 -4.108745e+01
   endloop
 endfacet
 facet normal  6.445411e-01 -3.096647e-03  7.645634e-01
   outer loop
     vertex -3.343991e+01 -1.250000e+01 -3.730000e+01
     vertex -3.305958e+01 -1.666667e+01 -3.763750e+01
     vertex -3.110715e+01 -1.250000e+01 -3.926656e+01
   endloop
 endfacet
 facet normal  4.948623e-01 -6.194473e-03  8.689493e-01
   outer loop
     vertex -2.653736e+01  1.666667e+01 -4.248866e+01
     vertex -2.209463e+01  2.500000e+01 -4.495937e+01
     vertex -2.739474e+01  2.500000e+01 -4.194098e+01
   endloop
 endfacet
 facet normal  5.967727e-01 -1.114929e-02  8.023329e-01
   outer loop
     vertex -2.989703e+01  1.666667e+01 -4.019559e+01
     vertex -2.739474e+01  2.500000e+01 -4.194098e+01
     vertex -3.228875e+01  2.500000e+01 -3.830083e+01
   endloop
 endfacet
 facet normal  5.637339e-01  3.717559e-03  8.259481e-01
   outer loop
     vertex -2.989703e+01  1.666667e+01 -4.019559e+01
     vertex -2.653736e+01  1.666667e+01 -4.248866e+01
     vertex -2.739474e+01  2.500000e+01 -4.194098e+01
   endloop
 endfacet
 facet normal  5.637135e-01 -9.291469e-03  8.259182e-01
   outer loop
     vertex -2.989703e+01  1.666667e+01 -4.019559e+01
     vertex -2.865900e+01  1.250000e+01 -4.108745e+01
     vertex -2.653736e+01  1.666667e+01 -4.248866e+01
   endloop
 endfacet
 facet normal  5.967934e-01  5.576691e-03  8.023756e-01
   outer loop
     vertex -2.989703e+01  1.666667e+01 -4.019559e+01
     vertex -3.110715e+01  1.250000e+01 -3.926656e+01
     vertex -2.865900e+01  1.250000e+01 -4.108745e+01
   endloop
 endfacet
 facet normal  9.577369e-01  5.573445e-03  2.875916e-01
   outer loop
     vertex -4.701277e+01 -1.250000e+01 -1.730076e+01
     vertex -4.751783e+01  0.000000e+00 -1.586107e+01
     vertex -4.876664e+01 -1.250000e+01 -1.146002e+01
   endloop
 endfacet
 facet normal  9.575270e-01 -2.166654e-02  2.875286e-01
   outer loop
     vertex -4.701277e+01 -1.250000e+01 -1.730076e+01
     vertex -4.876664e+01 -1.250000e+01 -1.146002e+01
     vertex -4.812259e+01 -1.666667e+01 -1.391881e+01
   endloop
 endfacet
 facet normal  9.260557e-01  5.623184e-02  3.731741e-01
   outer loop
     vertex -4.701277e+01 -1.250000e+01 -1.730076e+01
     vertex -4.812259e+01 -1.666667e+01 -1.391881e+01
     vertex -4.432771e+01 -1.666667e+01 -2.333607e+01
   endloop
 endfacet
 facet normal  9.156802e-01  8.042503e-03  4.018271e-01
   outer loop
     vertex -4.701277e+01 -1.250000e+01 -1.730076e+01
     vertex -4.432771e+01 -1.666667e+01 -2.333607e+01
     vertex -4.456219e+01 -1.250000e+01 -2.288512e+01
   endloop
 endfacet
 facet normal  9.155303e-01 -1.980217e-02  4.017613e-01
   outer loop
     vertex -4.359623e+01 -4.166667e+00 -2.467561e+01
     vertex -4.701277e+01 -1.250000e+01 -1.730076e+01
     vertex -4.456219e+01 -1.250000e+01 -2.288512e+01
   endloop
 endfacet
 facet normal  8.441469e-01 -4.954218e-03  5.360891e-01
   outer loop
     vertex -4.359623e+01 -4.166667e+00 -2.467561e+01
     vertex -4.308634e+01 -1.250000e+01 -2.555551e+01
     vertex -4.145067e+01 -1.250000e+01 -2.813110e+01
   endloop
 endfacet
 facet normal  8.752240e-01  2.477702e-03  4.837115e-01
   outer loop
     vertex -4.359623e+01 -4.166667e+00 -2.467561e+01
     vertex -4.456219e+01 -1.250000e+01 -2.288512e+01
     vertex -4.308634e+01 -1.250000e+01 -2.555551e+01
   endloop
 endfacet
 facet normal  9.117630e-01 -1.044986e-02  4.105838e-01
   outer loop
     vertex -4.359623e+01 -4.166667e+00 -2.467561e+01
     vertex -4.751783e+01  0.000000e+00 -1.586107e+01
     vertex -4.701277e+01 -1.250000e+01 -1.730076e+01
   endloop
 endfacet
 facet normal  8.293389e-01 -1.804080e-02  5.584545e-01
   outer loop
     vertex -4.359623e+01 -4.166667e+00 -2.467561e+01
     vertex -4.145067e+01 -1.250000e+01 -2.813110e+01
     vertex -3.871111e+01  0.000000e+00 -3.179571e+01
   endloop
 endfacet
 facet normal  6.898845e-01 -6.192575e-03  7.238930e-01
   outer loop
     vertex -3.305958e+01  1.666667e+01 -3.763750e+01
     vertex -3.228875e+01  2.500000e+01 -3.830083e+01
     vertex -3.670410e+01  2.500000e+01 -3.409291e+01
   endloop
 endfacet
 facet normal  6.288628e-01 -9.292425e-03  7.774607e-01
   outer loop
     vertex -3.305958e+01  1.666667e+01 -3.763750e+01
     vertex -3.110715e+01  1.250000e+01 -3.926656e+01
     vertex -2.989703e+01  1.666667e+01 -4.019559e+01
   endloop
 endfacet
 facet normal  6.445411e-01  3.096647e-03  7.645634e-01
   outer loop
     vertex -3.305958e+01  1.666667e+01 -3.763750e+01
     vertex -3.343991e+01  1.250000e+01 -3.730000e+01
     vertex -3.110715e+01  1.250000e+01 -3.926656e+01
   endloop
 endfacet
 facet normal  7.323319e-01  3.093728e-02  6.802447e-01
   outer loop
     vertex -3.305958e+01  1.666667e+01 -3.763750e+01
     vertex -3.670410e+01  2.500000e+01 -3.409291e+01
     vertex -3.997007e+01  1.666667e+01 -3.019786e+01
   endloop
 endfacet
 facet normal  6.288856e-01  3.716085e-03  7.774889e-01
   outer loop
     vertex -3.305958e+01  1.666667e+01 -3.763750e+01
     vertex -2.989703e+01  1.666667e+01 -4.019559e+01
     vertex -3.228875e+01  2.500000e+01 -3.830083e+01
   endloop
 endfacet
 facet normal  8.273941e-01 -1.051660e-02  5.615233e-01
   outer loop
     vertex -4.384445e+01  0.000000e+00 -2.423183e+01
     vertex -4.359623e+01 -4.166667e+00 -2.467561e+01
     vertex -3.871111e+01  0.000000e+00 -3.179571e+01
   endloop
 endfacet
 facet normal  9.156448e-01  1.175080e-02  4.018165e-01
   outer loop
     vertex -4.384445e+01  0.000000e+00 -2.423183e+01
     vertex -4.751783e+01  0.000000e+00 -1.586107e+01
     vertex -4.359623e+01 -4.166667e+00 -2.467561e+01
   endloop
 endfacet
 facet normal  8.752240e-01 -2.477702e-03  4.837115e-01
   outer loop
     vertex -4.359623e+01  4.166667e+00 -2.467561e+01
     vertex -4.308634e+01  1.250000e+01 -2.555551e+01
     vertex -4.456219e+01  1.250000e+01 -2.288512e+01
   endloop
 endfacet
 facet normal  8.273941e-01  1.051660e-02  5.615233e-01
   outer loop
     vertex -4.359623e+01  4.166667e+00 -2.467561e+01
     vertex -4.384445e+01  0.000000e+00 -2.423183e+01
     vertex -3.871111e+01  0.000000e+00 -3.179571e+01
   endloop
 endfacet
 facet normal  9.156448e-01 -1.175080e-02  4.018165e-01
   outer loop
     vertex -4.359623e+01  4.166667e+00 -2.467561e+01
     vertex -4.751783e+01  0.000000e+00 -1.586107e+01
     vertex -4.384445e+01  0.000000e+00 -2.423183e+01
   endloop
 endfacet
 facet normal  8.293389e-01  1.804080e-02  5.584545e-01
   outer loop
     vertex -4.359623e+01  4.166667e+00 -2.467561e+01
     vertex -3.871111e+01  0.000000e+00 -3.179571e+01
     vertex -4.145067e+01  1.250000e+01 -2.813110e+01
   endloop
 endfacet
 facet normal  8.441469e-01  4.954218e-03  5.360891e-01
   outer loop
     vertex -4.359623e+01  4.166667e+00 -2.467561e+01
     vertex -4.145067e+01  1.250000e+01 -2.813110e+01
     vertex -4.308634e+01  1.250000e+01 -2.555551e+01
   endloop
 endfacet
 facet normal  9.156802e-01 -8.042503e-03  4.018271e-01
   outer loop
     vertex -4.701277e+01  1.250000e+01 -1.730076e+01
     vertex -4.456219e+01  1.250000e+01 -2.288512e+01
     vertex -4.432771e+01  1.666667e+01 -2.333607e+01
   endloop
 endfacet
 facet normal  9.260557e-01 -5.623184e-02  3.731741e-01
   outer loop
     vertex -4.701277e+01  1.250000e+01 -1.730076e+01
     vertex -4.432771e+01  1.666667e+01 -2.333607e+01
     vertex -4.812259e+01  1.666667e+01 -1.391881e+01
   endloop
 endfacet
 facet normal  9.577369e-01 -5.573445e-03  2.875916e-01
   outer loop
     vertex -4.701277e+01  1.250000e+01 -1.730076e+01
     vertex -4.876664e+01  1.250000e+01 -1.146002e+01
     vertex -4.751783e+01  0.000000e+00 -1.586107e+01
   endloop
 endfacet
 facet normal  9.575270e-01  2.166654e-02  2.875286e-01
   outer loop
     vertex -4.701277e+01  1.250000e+01 -1.730076e+01
     vertex -4.812259e+01  1.666667e+01 -1.391881e+01
     vertex -4.876664e+01  1.250000e+01 -1.146002e+01
   endloop
 endfacet
 facet normal  9.117630e-01  1.044986e-02  4.105838e-01
   outer loop
     vertex -4.701277e+01  1.250000e+01 -1.730076e+01
     vertex -4.751783e+01  0.000000e+00 -1.586107e+01
     vertex -4.359623e+01  4.166667e+00 -2.467561e+01
   endloop
 endfacet
 facet normal  9.155303e-01  1.980217e-02  4.017613e-01
   outer loop
     vertex -4.701277e+01  1.250000e+01 -1.730076e+01
     vertex -4.359623e+01  4.166667e+00 -2.467561e+01
     vertex -4.456219e+01  1.250000e+01 -2.288512e+01
   endloop
 endfacet
 facet normal  1.516052e-01  6.193233e-03  9.884217e-01
   outer loop
     vertex -9.598850e+00 -1.666667e+01 -4.916685e+01
     vertex -1.059521e+01 -2.500000e+01 -4.896181e+01
     vertex -4.566376e+00 -2.500000e+01 -4.988652e+01
   endloop
 endfacet
 facet normal  2.705942e-01  1.114865e-02  9.626290e-01
   outer loop
     vertex -1.355617e+01 -1.666667e+01 -4.822600e+01
     vertex -1.646697e+01 -2.500000e+01 -4.731127e+01
     vertex -1.059521e+01 -2.500000e+01 -4.896181e+01
   endloop
 endfacet
 facet normal  2.313001e-01 -3.717848e-03  9.728754e-01
   outer loop
     vertex -1.355617e+01 -1.666667e+01 -4.822600e+01
     vertex -1.059521e+01 -2.500000e+01 -4.896181e+01
     vertex -9.598850e+00 -1.666667e+01 -4.916685e+01
   endloop
 endfacet
 facet normal  2.312917e-01  9.292843e-03  9.728401e-01
   outer loop
     vertex -1.208122e+01 -1.250000e+01 -4.861647e+01
     vertex -1.355617e+01 -1.666667e+01 -4.822600e+01
     vertex -9.598850e+00 -1.666667e+01 -4.916685e+01
   endloop
 endfacet
 facet normal  3.094679e-01 -3.717014e-03  9.509026e-01
   outer loop
     vertex -1.742411e+01 -1.666667e+01 -4.696720e+01
     vertex -1.646697e+01 -2.500000e+01 -4.731127e+01
     vertex -1.355617e+01 -1.666667e+01 -4.822600e+01
   endloop
 endfacet
 facet normal  3.855917e-01  6.192808e-03  9.226487e-01
   outer loop
     vertex -1.742411e+01 -1.666667e+01 -4.696720e+01
     vertex -2.209463e+01 -2.500000e+01 -4.495937e+01
     vertex -1.646697e+01 -2.500000e+01 -4.731127e+01
   endloop
 endfacet
 facet normal  4.408396e-01 -3.093872e-02  8.970525e-01
   outer loop
     vertex -1.742411e+01 -1.666667e+01 -4.696720e+01
     vertex -2.653736e+01 -1.666667e+01 -4.248866e+01
     vertex -2.209463e+01 -2.500000e+01 -4.495937e+01
   endloop
 endfacet
 facet normal  3.094567e-01  9.294091e-03  9.508681e-01
   outer loop
     vertex -1.501847e+01 -1.250000e+01 -4.779083e+01
     vertex -1.742411e+01 -1.666667e+01 -4.696720e+01
     vertex -1.355617e+01 -1.666667e+01 -4.822600e+01
   endloop
 endfacet
 facet normal  2.706022e-01 -5.575144e-03  9.626751e-01
   outer loop
     vertex -1.501847e+01 -1.250000e+01 -4.779083e+01
     vertex -1.355617e+01 -1.666667e+01 -4.822600e+01
     vertex -1.208122e+01 -1.250000e+01 -4.861647e+01
   endloop
 endfacet
 facet normal  3.287125e-01 -3.096951e-03  9.444249e-01
   outer loop
     vertex -1.790000e+01 -1.250000e+01 -4.678789e+01
     vertex -1.742411e+01 -1.666667e+01 -4.696720e+01
     vertex -1.501847e+01 -1.250000e+01 -4.779083e+01
   endloop
 endfacet
 facet normal  1.516052e-01 -6.193233e-03  9.884217e-01
   outer loop
     vertex -9.598850e+00  1.666667e+01 -4.916685e+01
     vertex -4.566376e+00  2.500000e+01 -4.988652e+01
     vertex -1.059521e+01  2.500000e+01 -4.896181e+01
   endloop
 endfacet
 facet normal  2.313001e-01  3.717848e-03  9.728754e-01
   outer loop
     vertex -1.355617e+01  1.666667e+01 -4.822600e+01
     vertex -9.598850e+00  1.666667e+01 -4.916685e+01
     vertex -1.059521e+01  2.500000e+01 -4.896181e+01
   endloop
 endfacet
 facet normal  2.706022e-01  5.575144e-03  9.626751e-01
   outer loop
     vertex -1.355617e+01  1.666667e+01 -4.822600e+01
     vertex -1.501847e+01  1.250000e+01 -4.779083e+01
     vertex -1.208122e+01  1.250000e+01 -4.861647e+01
   endloop
 endfacet
 facet normal  2.705942e-01 -1.114865e-02  9.626290e-01
   outer loop
     vertex -1.355617e+01  1.666667e+01 -4.822600e+01
     vertex -1.059521e+01  2.500000e+01 -4.896181e+01
     vertex -1.646697e+01  2.500000e+01 -4.731127e+01
   endloop
 endfacet
 facet normal  2.312917e-01 -9.292843e-03  9.728401e-01
   outer loop
     vertex -1.355617e+01  1.666667e+01 -4.822600e+01
     vertex -1.208122e+01  1.250000e+01 -4.861647e+01
     vertex -9.598850e+00  1.666667e+01 -4.916685e+01
   endloop
 endfacet
 facet normal  7.315230e-01  5.623933e-02  6.794933e-01
   outer loop
     vertex -3.772489e+01 -1.250000e+01 -3.295983e+01
     vertex -3.997007e+01 -1.666667e+01 -3.019786e+01
     vertex -3.305958e+01 -1.666667e+01 -3.763750e+01
   endloop
 endfacet
 facet normal  7.115943e-01  8.047442e-03  7.025445e-01
   outer loop
     vertex -3.772489e+01 -1.250000e+01 -3.295983e+01
     vertex -3.305958e+01 -1.666667e+01 -3.763750e+01
     vertex -3.343991e+01 -1.250000e+01 -3.730000e+01
   endloop
 endfacet
 facet normal  7.915352e-01 -2.167320e-02  6.107391e-01
   outer loop
     vertex -3.772489e+01 -1.250000e+01 -3.295983e+01
     vertex -4.145067e+01 -1.250000e+01 -2.813110e+01
     vertex -3.997007e+01 -1.666667e+01 -3.019786e+01
   endloop
 endfacet
 facet normal  7.917089e-01  5.573828e-03  6.108731e-01
   outer loop
     vertex -3.772489e+01 -1.250000e+01 -3.295983e+01
     vertex -3.871111e+01  0.000000e+00 -3.179571e+01
     vertex -4.145067e+01 -1.250000e+01 -2.813110e+01
   endloop
 endfacet
 facet normal  7.114778e-01 -1.980173e-02  7.024295e-01
   outer loop
     vertex -3.189794e+01 -4.166667e+00 -3.862691e+01
     vertex -3.772489e+01 -1.250000e+01 -3.295983e+01
     vertex -3.343991e+01 -1.250000e+01 -3.730000e+01
   endloop
 endfacet
 facet normal  7.048077e-01 -1.045097e-02  7.093214e-01
   outer loop
     vertex -3.189794e+01 -4.166667e+00 -3.862691e+01
     vertex -3.871111e+01  0.000000e+00 -3.179571e+01
     vertex -3.772489e+01 -1.250000e+01 -3.295983e+01
   endloop
 endfacet
 facet normal  6.445422e-01  2.477592e-03  7.645647e-01
   outer loop
     vertex -3.189794e+01 -4.166667e+00 -3.862691e+01
     vertex -3.343991e+01 -1.250000e+01 -3.730000e+01
     vertex -3.110715e+01 -1.250000e+01 -3.926656e+01
   endloop
 endfacet
 facet normal  5.967953e-01 -4.955775e-03  8.023782e-01
   outer loop
     vertex -3.189794e+01 -4.166667e+00 -3.862691e+01
     vertex -3.110715e+01 -1.250000e+01 -3.926656e+01
     vertex -2.865900e+01 -1.250000e+01 -4.108745e+01
   endloop
 endfacet
 facet normal  5.749731e-01 -1.804216e-02  8.179733e-01
   outer loop
     vertex -3.189794e+01 -4.166667e+00 -3.862691e+01
     vertex -2.865900e+01 -1.250000e+01 -4.108745e+01
     vertex -2.479048e+01  0.000000e+00 -4.353101e+01
   endloop
 endfacet
 facet normal  3.094679e-01  3.717014e-03  9.509026e-01
   outer loop
     vertex -1.742411e+01  1.666667e+01 -4.696720e+01
     vertex -1.355617e+01  1.666667e+01 -4.822600e+01
     vertex -1.646697e+01  2.500000e+01 -4.731127e+01
   endloop
 endfacet
 facet normal  3.287125e-01  3.096951e-03  9.444249e-01
   outer loop
     vertex -1.742411e+01  1.666667e+01 -4.696720e+01
     vertex -1.790000e+01  1.250000e+01 -4.678789e+01
     vertex -1.501847e+01  1.250000e+01 -4.779083e+01
   endloop
 endfacet
 facet normal  3.855917e-01 -6.192808e-03  9.226487e-01
   outer loop
     vertex -1.742411e+01  1.666667e+01 -4.696720e+01
     vertex -1.646697e+01  2.500000e+01 -4.731127e+01
     vertex -2.209463e+01  2.500000e+01 -4.495937e+01
   endloop
 endfacet
 facet normal  4.408396e-01  3.093872e-02  8.970525e-01
   outer loop
     vertex -1.742411e+01  1.666667e+01 -4.696720e+01
     vertex -2.209463e+01  2.500000e+01 -4.495937e+01
     vertex -2.653736e+01  1.666667e+01 -4.248866e+01
   endloop
 endfacet
 facet normal  3.094567e-01 -9.294091e-03  9.508681e-01
   outer loop
     vertex -1.742411e+01  1.666667e+01 -4.696720e+01
     vertex -1.501847e+01  1.250000e+01 -4.779083e+01
     vertex -1.355617e+01  1.666667e+01 -4.822600e+01
   endloop
 endfacet
 facet normal  7.115670e-01  1.175247e-02  7.025199e-01
   outer loop
     vertex -3.228842e+01  0.000000e+00 -3.830111e+01
     vertex -3.871111e+01  0.000000e+00 -3.179571e+01
     vertex -3.189794e+01 -4.166667e+00 -3.862691e+01
   endloop
 endfacet
 facet normal  5.720605e-01 -1.051903e-02  8.201440e-01
   outer loop
     vertex -3.228842e+01  0.000000e+00 -3.830111e+01
     vertex -3.189794e+01 -4.166667e+00 -3.862691e+01
     vertex -2.479048e+01  0.000000e+00 -4.353101e+01
   endloop
 endfacet
 facet normal  7.115670e-01 -1.175247e-02  7.025199e-01
   outer loop
     vertex -3.189794e+01  4.166667e+00 -3.862691e+01
     vertex -3.871111e+01  0.000000e+00 -3.179571e+01
     vertex -3.228842e+01  0.000000e+00 -3.830111e+01
   endloop
 endfacet
 facet normal  5.720605e-01  1.051903e-02  8.201440e-01
   outer loop
     vertex -3.189794e+01  4.166667e+00 -3.862691e+01
     vertex -3.228842e+01  0.000000e+00 -3.830111e+01
     vertex -2.479048e+01  0.000000e+00 -4.353101e+01
   endloop
 endfacet
 facet normal  5.749731e-01  1.804216e-02  8.179733e-01
   outer loop
     vertex -3.189794e+01  4.166667e+00 -3.862691e+01
     vertex -2.479048e+01  0.000000e+00 -4.353101e+01
     vertex -2.865900e+01  1.250000e+01 -4.108745e+01
   endloop
 endfacet
 facet normal  5.967953e-01  4.955775e-03  8.023782e-01
   outer loop
     vertex -3.189794e+01  4.166667e+00 -3.862691e+01
     vertex -2.865900e+01  1.250000e+01 -4.108745e+01
     vertex -3.110715e+01  1.250000e+01 -3.926656e+01
   endloop
 endfacet
 facet normal  6.445422e-01 -2.477592e-03  7.645647e-01
   outer loop
     vertex -3.189794e+01  4.166667e+00 -3.862691e+01
     vertex -3.110715e+01  1.250000e+01 -3.926656e+01
     vertex -3.343991e+01  1.250000e+01 -3.730000e+01
   endloop
 endfacet
 facet normal  7.915352e-01  2.167320e-02  6.107391e-01
   outer loop
     vertex -3.772489e+01  1.250000e+01 -3.295983e+01
     vertex -3.997007e+01  1.666667e+01 -3.019786e+01
     vertex -4.145067e+01  1.250000e+01 -2.813110e+01
   endloop
 endfacet
 facet normal  7.048077e-01  1.045097e-02  7.093214e-01
   outer loop
     vertex -3.772489e+01  1.250000e+01 -3.295983e+01
     vertex -3.871111e+01  0.000000e+00 -3.179571e+01
     vertex -3.189794e+01  4.166667e+00 -3.862691e+01
   endloop
 endfacet
 facet normal  7.114778e-01  1.980173e-02  7.024295e-01
   outer loop
     vertex -3.772489e+01  1.250000e+01 -3.295983e+01
     vertex -3.189794e+01  4.166667e+00 -3.862691e+01
     vertex -3.343991e+01  1.250000e+01 -3.730000e+01
   endloop
 endfacet
 facet normal  7.315230e-01 -5.623933e-02  6.794933e-01
   outer loop
     vertex -3.772489e+01  1.250000e+01 -3.295983e+01
     vertex -3.305958e+01  1.666667e+01 -3.763750e+01
     vertex -3.997007e+01  1.666667e+01 -3.019786e+01
   endloop
 endfacet
 facet normal  7.115943e-01 -8.047442e-03  7.025445e-01
   outer loop
     vertex -3.772489e+01  1.250000e+01 -3.295983e+01
     vertex -3.343991e+01  1.250000e+01 -3.730000e+01
     vertex -3.305958e+01  1.666667e+01 -3.763750e+01
   endloop
 endfacet
 facet normal  7.917089e-01 -5.573828e-03  6.108731e-01
   outer loop
     vertex -3.772489e+01  1.250000e+01 -3.295983e+01
     vertex -4.145067e+01  1.250000e+01 -2.813110e+01
     vertex -3.871111e+01  0.000000e+00 -3.179571e+01
   endloop
 endfacet
 facet normal -2.116781e-01  6.193082e-03  9.773198e-01
   outer loop
     vertex  8.607776e+00 -1.666667e+01 -4.935001e+01
     vertex  7.603991e+00 -2.500000e+01 -4.951461e+01
     vertex  1.356511e+01 -2.500000e+01 -4.822349e+01
   endloop
 endfacet
 facet normal -1.316910e-01 -3.717519e-03  9.912838e-01
   outer loop
     vertex  4.575580e+00 -1.666667e+01 -4.988568e+01
     vertex  7.603991e+00 -2.500000e+01 -4.951461e+01
     vertex  8.607776e+00 -1.666667e+01 -4.935001e+01
   endloop
 endfacet
 facet normal -9.133213e-02  1.114851e-02  9.957581e-01
   outer loop
     vertex  4.575580e+00 -1.666667e+01 -4.988568e+01
     vertex  1.530149e+00 -2.500000e+01 -5.007171e+01
     vertex  7.603991e+00 -2.500000e+01 -4.951461e+01
   endloop
 endfacet
 facet normal -1.316863e-01  9.294137e-03  9.912479e-01
   outer loop
     vertex  6.092635e+00 -1.250000e+01 -4.972321e+01
     vertex  4.575580e+00 -1.666667e+01 -4.988568e+01
     vertex  8.607776e+00 -1.666667e+01 -4.935001e+01
   endloop
 endfacet
 facet normal -5.083311e-02 -3.717602e-03  9.987002e-01
   outer loop
     vertex  5.132166e-01 -1.666667e+01 -5.009245e+01
     vertex  1.530149e+00 -2.500000e+01 -5.007171e+01
     vertex  4.575580e+00 -1.666667e+01 -4.988568e+01
   endloop
 endfacet
 facet normal  3.036127e-02  6.192745e-03  9.995198e-01
   outer loop
     vertex  5.132166e-01 -1.666667e+01 -5.009245e+01
     vertex -4.566376e+00 -2.500000e+01 -4.988652e+01
     vertex  1.530149e+00 -2.500000e+01 -5.007171e+01
   endloop
 endfacet
 facet normal  9.110946e-02 -3.093917e-02  9.953602e-01
   outer loop
     vertex  5.132166e-01 -1.666667e+01 -5.009245e+01
     vertex -9.598850e+00 -1.666667e+01 -4.916685e+01
     vertex -4.566376e+00 -2.500000e+01 -4.988652e+01
   endloop
 endfacet
 facet normal -5.083126e-02  9.293507e-03  9.986640e-01
   outer loop
     vertex  3.054305e+00 -1.250000e+01 -5.000189e+01
     vertex  5.132166e-01 -1.666667e+01 -5.009245e+01
     vertex  4.575580e+00 -1.666667e+01 -4.988568e+01
   endloop
 endfacet
 facet normal -9.133604e-02 -5.574784e-03  9.958045e-01
   outer loop
     vertex  3.054305e+00 -1.250000e+01 -5.000189e+01
     vertex  4.575580e+00 -1.666667e+01 -4.988568e+01
     vertex  6.092635e+00 -1.250000e+01 -4.972321e+01
   endloop
 endfacet
 facet normal -3.054399e-02 -3.097707e-03  9.995286e-01
   outer loop
     vertex  4.644627e-03 -1.250000e+01 -5.009508e+01
     vertex  5.132166e-01 -1.666667e+01 -5.009245e+01
     vertex  3.054305e+00 -1.250000e+01 -5.000189e+01
   endloop
 endfacet
 facet normal -2.116781e-01 -6.193082e-03  9.773198e-01
   outer loop
     vertex  8.607776e+00  1.666667e+01 -4.935001e+01
     vertex  1.356511e+01  2.500000e+01 -4.822349e+01
     vertex  7.603991e+00  2.500000e+01 -4.951461e+01
   endloop
 endfacet
 facet normal -9.133213e-02 -1.114851e-02  9.957581e-01
   outer loop
     vertex  4.575580e+00  1.666667e+01 -4.988568e+01
     vertex  7.603991e+00  2.500000e+01 -4.951461e+01
     vertex  1.530149e+00  2.500000e+01 -5.007171e+01
   endloop
 endfacet
 facet normal -1.316863e-01 -9.294137e-03  9.912479e-01
   outer loop
     vertex  4.575580e+00  1.666667e+01 -4.988568e+01
     vertex  6.092635e+00  1.250000e+01 -4.972321e+01
     vertex  8.607776e+00  1.666667e+01 -4.935001e+01
   endloop
 endfacet
 facet normal -9.133604e-02  5.574784e-03  9.958045e-01
   outer loop
     vertex  4.575580e+00  1.666667e+01 -4.988568e+01
     vertex  3.054305e+00  1.250000e+01 -5.000189e+01
     vertex  6.092635e+00  1.250000e+01 -4.972321e+01
   endloop
 endfacet
 facet normal -1.316910e-01  3.717519e-03  9.912838e-01
   outer loop
     vertex  4.575580e+00  1.666667e+01 -4.988568e+01
     vertex  8.607776e+00  1.666667e+01 -4.935001e+01
     vertex  7.603991e+00  2.500000e+01 -4.951461e+01
   endloop
 endfacet
 facet normal  5.209793e-01 -2.167473e-02  8.532941e-01
   outer loop
     vertex -2.345334e+01 -1.250000e+01 -4.426577e+01
     vertex -2.865900e+01 -1.250000e+01 -4.108745e+01
     vertex -2.653736e+01 -1.666667e+01 -4.248866e+01
   endloop
 endfacet
 facet normal  4.403526e-01  5.624299e-02  8.960616e-01
   outer loop
     vertex -2.345334e+01 -1.250000e+01 -4.426577e+01
     vertex -2.653736e+01 -1.666667e+01 -4.248866e+01
     vertex -1.742411e+01 -1.666667e+01 -4.696720e+01
   endloop
 endfacet
 facet normal  5.210936e-01  5.573829e-03  8.534813e-01
   outer loop
     vertex -2.345334e+01 -1.250000e+01 -4.426577e+01
     vertex -2.479048e+01  0.000000e+00 -4.353101e+01
     vertex -2.865900e+01 -1.250000e+01 -4.108745e+01
   endloop
 endfacet
 facet normal  4.135013e-01  8.048508e-03  9.104679e-01
   outer loop
     vertex -2.345334e+01 -1.250000e+01 -4.426577e+01
     vertex -1.742411e+01 -1.666667e+01 -4.696720e+01
     vertex -1.790000e+01 -1.250000e+01 -4.678789e+01
   endloop
 endfacet
 facet normal  2.446484e-01 -1.804256e-02  9.694440e-01
   outer loop
     vertex -1.598568e+01 -4.166667e+00 -4.747605e+01
     vertex -1.208122e+01 -1.250000e+01 -4.861647e+01
     vertex -7.594809e+00  0.000000e+00 -4.951602e+01
   endloop
 endfacet
 facet normal  4.047428e-01 -1.045150e-02  9.143708e-01
   outer loop
     vertex -1.598568e+01 -4.166667e+00 -4.747605e+01
     vertex -2.479048e+01  0.000000e+00 -4.353101e+01
     vertex -2.345334e+01 -1.250000e+01 -4.426577e+01
   endloop
 endfacet
 facet normal  4.134337e-01 -1.980043e-02  9.103189e-01
   outer loop
     vertex -1.598568e+01 -4.166667e+00 -4.747605e+01
     vertex -2.345334e+01 -1.250000e+01 -4.426577e+01
     vertex -1.790000e+01 -1.250000e+01 -4.678789e+01
   endloop
 endfacet
 facet normal  2.706031e-01 -4.955950e-03  9.626782e-01
   outer loop
     vertex -1.598568e+01 -4.166667e+00 -4.747605e+01
     vertex -1.501847e+01 -1.250000e+01 -4.779083e+01
     vertex -1.208122e+01 -1.250000e+01 -4.861647e+01
   endloop
 endfacet
 facet normal  3.287131e-01  2.478031e-03  9.444266e-01
   outer loop
     vertex -1.598568e+01 -4.166667e+00 -4.747605e+01
     vertex -1.790000e+01 -1.250000e+01 -4.678789e+01
     vertex -1.501847e+01 -1.250000e+01 -4.779083e+01
   endloop
 endfacet
 facet normal  9.110946e-02  3.093917e-02  9.953602e-01
   outer loop
     vertex  5.132166e-01  1.666667e+01 -5.009245e+01
     vertex -4.566376e+00  2.500000e+01 -4.988652e+01
     vertex -9.598850e+00  1.666667e+01 -4.916685e+01
   endloop
 endfacet
 facet normal  3.036127e-02 -6.192745e-03  9.995198e-01
   outer loop
     vertex  5.132166e-01  1.666667e+01 -5.009245e+01
     vertex  1.530149e+00  2.500000e+01 -5.007171e+01
     vertex -4.566376e+00  2.500000e+01 -4.988652e+01
   endloop
 endfacet
 facet normal -5.083311e-02  3.717602e-03  9.987002e-01
   outer loop
     vertex  5.132166e-01  1.666667e+01 -5.009245e+01
     vertex  4.575580e+00  1.666667e+01 -4.988568e+01
     vertex  1.530149e+00  2.500000e+01 -5.007171e+01
   endloop
 endfacet
 facet normal -5.083126e-02 -9.293507e-03  9.986640e-01
   outer loop
     vertex  5.132166e-01  1.666667e+01 -5.009245e+01
     vertex  3.054305e+00  1.250000e+01 -5.000189e+01
     vertex  4.575580e+00  1.666667e+01 -4.988568e+01
   endloop
 endfacet
 facet normal -3.054399e-02  3.097707e-03  9.995286e-01
   outer loop
     vertex  5.132166e-01  1.666667e+01 -5.009245e+01
     vertex  4.644627e-03  1.250000e+01 -5.009508e+01
     vertex  3.054305e+00  1.250000e+01 -5.000189e+01
   endloop
 endfacet
 facet normal  2.411527e-01 -1.052011e-02  9.704302e-01
   outer loop
     vertex -1.646684e+01  0.000000e+00 -4.731131e+01
     vertex -1.598568e+01 -4.166667e+00 -4.747605e+01
     vertex -7.594809e+00  0.000000e+00 -4.951602e+01
   endloop
 endfacet
 facet normal  4.134867e-01  1.175275e-02  9.104343e-01
   outer loop
     vertex -1.646684e+01  0.000000e+00 -4.731131e+01
     vertex -2.479048e+01  0.000000e+00 -4.353101e+01
     vertex -1.598568e+01 -4.166667e+00 -4.747605e+01
   endloop
 endfacet
 facet normal  2.411527e-01  1.052011e-02  9.704302e-01
   outer loop
     vertex -1.598568e+01  4.166667e+00 -4.747605e+01
     vertex -1.646684e+01  0.000000e+00 -4.731131e+01
     vertex -7.594809e+00  0.000000e+00 -4.951602e+01
   endloop
 endfacet
 facet normal  2.706031e-01  4.955950e-03  9.626782e-01
   outer loop
     vertex -1.598568e+01  4.166667e+00 -4.747605e+01
     vertex -1.208122e+01  1.250000e+01 -4.861647e+01
     vertex -1.501847e+01  1.250000e+01 -4.779083e+01
   endloop
 endfacet
 facet normal  3.287131e-01 -2.478031e-03  9.444266e-01
   outer loop
     vertex -1.598568e+01  4.166667e+00 -4.747605e+01
     vertex -1.501847e+01  1.250000e+01 -4.779083e+01
     vertex -1.790000e+01  1.250000e+01 -4.678789e+01
   endloop
 endfacet
 facet normal  2.446484e-01  1.804256e-02  9.694440e-01
   outer loop
     vertex -1.598568e+01  4.166667e+00 -4.747605e+01
     vertex -7.594809e+00  0.000000e+00 -4.951602e+01
     vertex -1.208122e+01  1.250000e+01 -4.861647e+01
   endloop
 endfacet
 facet normal  4.134867e-01 -1.175275e-02  9.104343e-01
   outer loop
     vertex -1.598568e+01  4.166667e+00 -4.747605e+01
     vertex -2.479048e+01  0.000000e+00 -4.353101e+01
     vertex -1.646684e+01  0.000000e+00 -4.731131e+01
   endloop
 endfacet
 facet normal  4.135013e-01 -8.048508e-03  9.104679e-01
   outer loop
     vertex -2.345334e+01  1.250000e+01 -4.426577e+01
     vertex -1.790000e+01  1.250000e+01 -4.678789e+01
     vertex -1.742411e+01  1.666667e+01 -4.696720e+01
   endloop
 endfacet
 facet normal  4.403526e-01 -5.624299e-02  8.960616e-01
   outer loop
     vertex -2.345334e+01  1.250000e+01 -4.426577e+01
     vertex -1.742411e+01  1.666667e+01 -4.696720e+01
     vertex -2.653736e+01  1.666667e+01 -4.248866e+01
   endloop
 endfacet
 facet normal  5.210936e-01 -5.573829e-03  8.534813e-01
   outer loop
     vertex -2.345334e+01  1.250000e+01 -4.426577e+01
     vertex -2.865900e+01  1.250000e+01 -4.108745e+01
     vertex -2.479048e+01  0.000000e+00 -4.353101e+01
   endloop
 endfacet
 facet normal  5.209793e-01  2.167473e-02  8.532941e-01
   outer loop
     vertex -2.345334e+01  1.250000e+01 -4.426577e+01
     vertex -2.653736e+01  1.666667e+01 -4.248866e+01
     vertex -2.865900e+01  1.250000e+01 -4.108745e+01
   endloop
 endfacet
 facet normal  4.134337e-01  1.980043e-02  9.103189e-01
   outer loop
     vertex -2.345334e+01  1.250000e+01 -4.426577e+01
     vertex -1.598568e+01  4.166667e+00 -4.747605e+01
     vertex -1.790000e+01  1.250000e+01 -4.678789e+01
   endloop
 endfacet
 facet normal  4.047428e-01  1.045150e-02  9.143708e-01
   outer loop
     vertex -2.345334e+01  1.250000e+01 -4.426577e+01
     vertex -2.479048e+01  0.000000e+00 -4.353101e+01
     vertex -1.598568e+01  4.166667e+00 -4.747605e+01
   endloop
 endfacet
 facet normal -6.432053e-01 -6.783134e-02  7.626833e-01
   outer loop
     vertex  2.567732e+01 -1.666667e+01 -4.301387e+01
     vertex  2.990460e+01 -2.500000e+01 -4.018996e+01
     vertex  3.456720e+01 -2.500000e+01 -3.625778e+01
   endloop
 endfacet
 facet normal -5.469978e-01  6.193429e-03  8.371111e-01
   outer loop
     vertex  2.567732e+01 -1.666667e+01 -4.301387e+01
     vertex  2.479867e+01 -2.500000e+01 -4.352635e+01
     vertex  2.990460e+01 -2.500000e+01 -4.018996e+01
   endloop
 endfacet
 facet normal -4.411926e-01  1.114894e-02  8.973432e-01
   outer loop
     vertex  2.210291e+01 -1.666667e+01 -4.495530e+01
     vertex  1.932514e+01 -2.500000e+01 -4.621750e+01
     vertex  2.479867e+01 -2.500000e+01 -4.352635e+01
   endloop
 endfacet
 facet normal -4.772859e-01 -3.716876e-03  8.787402e-01
   outer loop
     vertex  2.210291e+01 -1.666667e+01 -4.495530e+01
     vertex  2.479867e+01 -2.500000e+01 -4.352635e+01
     vertex  2.567732e+01 -1.666667e+01 -4.301387e+01
   endloop
 endfacet
 facet normal -4.772686e-01  9.293605e-03  8.787083e-01
   outer loop
     vertex  2.346168e+01 -1.250000e+01 -4.426135e+01
     vertex  2.210291e+01 -1.666667e+01 -4.495530e+01
     vertex  2.567732e+01 -1.666667e+01 -4.301387e+01
   endloop
 endfacet
 facet normal -2.706575e-01 -3.093940e-02  9.621784e-01
   outer loop
     vertex  1.838277e+01 -1.666667e+01 -4.660033e+01
     vertex  8.607776e+00 -1.666667e+01 -4.935001e+01
     vertex  1.356511e+01 -2.500000e+01 -4.822349e+01
   endloop
 endfacet
 facet normal -3.288809e-01  6.193077e-03  9.443511e-01
   outer loop
     vertex  1.838277e+01 -1.666667e+01 -4.660033e+01
     vertex  1.356511e+01 -2.500000e+01 -4.822349e+01
     vertex  1.932514e+01 -2.500000e+01 -4.621750e+01
   endloop
 endfacet
 facet normal -4.044194e-01 -3.717424e-03  9.145661e-01
   outer loop
     vertex  1.838277e+01 -1.666667e+01 -4.660033e+01
     vertex  1.932514e+01 -2.500000e+01 -4.621750e+01
     vertex  2.210291e+01 -1.666667e+01 -4.495530e+01
   endloop
 endfacet
 facet normal -4.044047e-01  9.291856e-03  9.145329e-01
   outer loop
     vertex  2.072364e+01 -1.250000e+01 -4.560754e+01
     vertex  1.838277e+01 -1.666667e+01 -4.660033e+01
     vertex  2.210291e+01 -1.666667e+01 -4.495530e+01
   endloop
 endfacet
 facet normal -4.412105e-01 -5.575892e-03  8.973863e-01
   outer loop
     vertex  2.072364e+01 -1.250000e+01 -4.560754e+01
     vertex  2.210291e+01 -1.666667e+01 -4.495530e+01
     vertex  2.346168e+01 -1.250000e+01 -4.426135e+01
   endloop
 endfacet
 facet normal -3.849605e-01 -6.473792e-02  9.206598e-01
   outer loop
     vertex  1.790872e+01 -1.250000e+01 -4.678456e+01
     vertex  2.072364e+01 -1.250000e+01 -4.560754e+01
     vertex  1.060424e+01  0.000000e+00 -4.895986e+01
   endloop
 endfacet
 facet normal -2.412538e-01  2.783561e-02  9.700628e-01
   outer loop
     vertex  1.790872e+01 -1.250000e+01 -4.678456e+01
     vertex  1.060424e+01  0.000000e+00 -4.895986e+01
     vertex  6.092635e+00 -1.250000e+01 -4.972321e+01
   endloop
 endfacet
 facet normal -2.707684e-01  1.175303e-02  9.625728e-01
   outer loop
     vertex  1.790872e+01 -1.250000e+01 -4.678456e+01
     vertex  8.607776e+00 -1.666667e+01 -4.935001e+01
     vertex  1.838277e+01 -1.666667e+01 -4.660033e+01
   endloop
 endfacet
 facet normal -2.409316e-01 -5.866359e-02  9.687675e-01
   outer loop
     vertex  1.790872e+01 -1.250000e+01 -4.678456e+01
     vertex  6.092635e+00 -1.250000e+01 -4.972321e+01
     vertex  8.607776e+00 -1.666667e+01 -4.935001e+01
   endloop
 endfacet
 facet normal -3.857678e-01 -3.098399e-03  9.225907e-01
   outer loop
     vertex  1.790872e+01 -1.250000e+01 -4.678456e+01
     vertex  1.838277e+01 -1.666667e+01 -4.660033e+01
     vertex  2.072364e+01 -1.250000e+01 -4.560754e+01
   endloop
 endfacet
 facet normal -3.849602e-01 -6.473768e-02  9.206599e-01
   outer loop
     vertex  2.740247e+01  0.000000e+00 -4.193593e+01
     vertex  1.060424e+01  0.000000e+00 -4.895986e+01
     vertex  2.072364e+01 -1.250000e+01 -4.560754e+01
   endloop
 endfacet
 facet normal -4.410464e-01 -2.783629e-02  8.970525e-01
   outer loop
     vertex  2.740247e+01  0.000000e+00 -4.193593e+01
     vertex  2.072364e+01 -1.250000e+01 -4.560754e+01
     vertex  2.346168e+01 -1.250000e+01 -4.426135e+01
   endloop
 endfacet
 facet normal -8.531382e-01  2.237285e-01  4.712757e-01
   outer loop
     vertex  2.740247e+01  0.000000e+00 -4.193593e+01
     vertex  4.524280e+01  2.500000e+01 -2.150827e+01
     vertex  4.229358e+01  2.500000e+01 -2.684718e+01
   endloop
 endfacet
 facet normal -8.034533e-01  1.275861e-01  5.815364e-01
   outer loop
     vertex  2.740247e+01  0.000000e+00 -4.193593e+01
     vertex  4.229358e+01  2.500000e+01 -2.684718e+01
     vertex  3.871736e+01  2.500000e+01 -3.178809e+01
   endloop
 endfacet
 facet normal -7.316892e-01  5.538819e-02  6.793843e-01
   outer loop
     vertex  2.740247e+01  0.000000e+00 -4.193593e+01
     vertex  3.871736e+01  2.500000e+01 -3.178809e+01
     vertex  3.456720e+01  2.500000e+01 -3.625778e+01
   endloop
 endfacet
 facet normal -7.531952e-01  0.000000e+00  6.577971e-01
   outer loop
     vertex  2.740247e+01  0.000000e+00 -4.193593e+01
     vertex  4.524280e+01 -2.500000e+01 -2.150827e+01
     vertex  4.524280e+01  2.500000e+01 -2.150827e+01
   endloop
 endfacet
 facet normal -8.531382e-01 -2.237285e-01  4.712757e-01
   outer loop
     vertex  2.740247e+01  0.000000e+00 -4.193593e+01
     vertex  4.229358e+01 -2.500000e+01 -2.684718e+01
     vertex  4.524280e+01 -2.500000e+01 -2.150827e+01
   endloop
 endfacet
 facet normal -8.034533e-01 -1.275861e-01  5.815364e-01
   outer loop
     vertex  2.740247e+01  0.000000e+00 -4.193593e+01
     vertex  3.871736e+01 -2.500000e+01 -3.178809e+01
     vertex  4.229358e+01 -2.500000e+01 -2.684718e+01
   endloop
 endfacet
 facet normal -7.316892e-01 -5.538819e-02  6.793843e-01
   outer loop
     vertex  2.740247e+01  0.000000e+00 -4.193593e+01
     vertex  3.456720e+01 -2.500000e+01 -3.625778e+01
     vertex  3.871736e+01 -2.500000e+01 -3.178809e+01
   endloop
 endfacet
 facet normal -5.989548e-01  1.021005e-02  8.007177e-01
   outer loop
     vertex  2.740247e+01  0.000000e+00 -4.193593e+01
     vertex  2.567732e+01 -1.666667e+01 -4.301387e+01
     vertex  3.456720e+01 -2.500000e+01 -3.625778e+01
   endloop
 endfacet
 facet normal -4.972308e-01 -4.645385e-03  8.676059e-01
   outer loop
     vertex  2.740247e+01  0.000000e+00 -4.193593e+01
     vertex  2.346168e+01 -1.250000e+01 -4.426135e+01
     vertex  2.567732e+01 -1.666667e+01 -4.301387e+01
   endloop
 endfacet
 facet normal -6.432053e-01  6.783134e-02  7.626833e-01
   outer loop
     vertex  2.567732e+01  1.666667e+01 -4.301387e+01
     vertex  3.456720e+01  2.500000e+01 -3.625778e+01
     vertex  2.990460e+01  2.500000e+01 -4.018996e+01
   endloop
 endfacet
 facet normal -4.972308e-01  4.645385e-03  8.676059e-01
   outer loop
     vertex  2.567732e+01  1.666667e+01 -4.301387e+01
     vertex  2.346168e+01  1.250000e+01 -4.426135e+01
     vertex  2.740247e+01  0.000000e+00 -4.193593e+01
   endloop
 endfacet
 facet normal -5.469978e-01 -6.193429e-03  8.371111e-01
   outer loop
     vertex  2.567732e+01  1.666667e+01 -4.301387e+01
     vertex  2.990460e+01  2.500000e+01 -4.018996e+01
     vertex  2.479867e+01  2.500000e+01 -4.352635e+01
   endloop
 endfacet
 facet normal -5.989548e-01 -1.021005e-02  8.007177e-01
   outer loop
     vertex  2.567732e+01  1.666667e+01 -4.301387e+01
     vertex  2.740247e+01  0.000000e+00 -4.193593e+01
     vertex  3.456720e+01  2.500000e+01 -3.625778e+01
   endloop
 endfacet
 facet normal -4.410464e-01  2.783629e-02  8.970525e-01
   outer loop
     vertex  2.072364e+01  1.250000e+01 -4.560754e+01
     vertex  2.740247e+01  0.000000e+00 -4.193593e+01
     vertex  2.346168e+01  1.250000e+01 -4.426135e+01
   endloop
 endfacet
 facet normal -3.849602e-01  6.473768e-02  9.206599e-01
   outer loop
     vertex  2.072364e+01  1.250000e+01 -4.560754e+01
     vertex  1.060424e+01  0.000000e+00 -4.895986e+01
     vertex  2.740247e+01  0.000000e+00 -4.193593e+01
   endloop
 endfacet
 facet normal -4.411926e-01 -1.114894e-02  8.973432e-01
   outer loop
     vertex  2.210291e+01  1.666667e+01 -4.495530e+01
     vertex  2.479867e+01  2.500000e+01 -4.352635e+01
     vertex  1.932514e+01  2.500000e+01 -4.621750e+01
   endloop
 endfacet
 facet normal -4.412105e-01  5.575892e-03  8.973863e-01
   outer loop
     vertex  2.210291e+01  1.666667e+01 -4.495530e+01
     vertex  2.072364e+01  1.250000e+01 -4.560754e+01
     vertex  2.346168e+01  1.250000e+01 -4.426135e+01
   endloop
 endfacet
 facet normal -4.772859e-01  3.716876e-03  8.787402e-01
   outer loop
     vertex  2.210291e+01  1.666667e+01 -4.495530e+01
     vertex  2.567732e+01  1.666667e+01 -4.301387e+01
     vertex  2.479867e+01  2.500000e+01 -4.352635e+01
   endloop
 endfacet
 facet normal -4.772686e-01 -9.293605e-03  8.787083e-01
   outer loop
     vertex  2.210291e+01  1.666667e+01 -4.495530e+01
     vertex  2.346168e+01  1.250000e+01 -4.426135e+01
     vertex  2.567732e+01  1.666667e+01 -4.301387e+01
   endloop
 endfacet
 facet normal  1.816360e-01  5.574144e-03  9.833500e-01
   outer loop
     vertex -6.083380e+00 -1.250000e+01 -4.972434e+01
     vertex -7.594809e+00  0.000000e+00 -4.951602e+01
     vertex -1.208122e+01 -1.250000e+01 -4.861647e+01
   endloop
 endfacet
 facet normal  9.100881e-02  5.624429e-02  9.942605e-01
   outer loop
     vertex -6.083380e+00 -1.250000e+01 -4.972434e+01
     vertex -9.598850e+00 -1.666667e+01 -4.916685e+01
     vertex  5.132166e-01 -1.666667e+01 -5.009245e+01
   endloop
 endfacet
 facet normal  6.078168e-02  8.048366e-03  9.981186e-01
   outer loop
     vertex -6.083380e+00 -1.250000e+01 -4.972434e+01
     vertex  5.132166e-01 -1.666667e+01 -5.009245e+01
     vertex  4.644627e-03 -1.250000e+01 -5.009508e+01
   endloop
 endfacet
 facet normal  1.815961e-01 -2.167404e-02  9.831343e-01
   outer loop
     vertex -6.083380e+00 -1.250000e+01 -4.972434e+01
     vertex -1.208122e+01 -1.250000e+01 -4.861647e+01
     vertex -9.598850e+00 -1.666667e+01 -4.916685e+01
   endloop
 endfacet
 facet normal  6.077174e-02 -1.979970e-02  9.979553e-01
   outer loop
     vertex  2.038460e+00 -4.166667e+00 -5.005360e+01
     vertex -6.083380e+00 -1.250000e+01 -4.972434e+01
     vertex  4.644627e-03 -1.250000e+01 -5.009508e+01
   endloop
 endfacet
 facet normal -1.179972e-01 -1.804277e-02  9.928500e-01
   outer loop
     vertex  2.038460e+00 -4.166667e+00 -5.005360e+01
     vertex  6.092635e+00 -1.250000e+01 -4.972321e+01
     vertex  1.060424e+01  0.000000e+00 -4.895986e+01
   endloop
 endfacet
 facet normal -9.133634e-02 -4.954971e-03  9.958078e-01
   outer loop
     vertex  2.038460e+00 -4.166667e+00 -5.005360e+01
     vertex  3.054305e+00 -1.250000e+01 -5.000189e+01
     vertex  6.092635e+00 -1.250000e+01 -4.972321e+01
   endloop
 endfacet
 facet normal -3.054404e-02  2.478791e-03  9.995303e-01
   outer loop
     vertex  2.038460e+00 -4.166667e+00 -5.005360e+01
     vertex  4.644627e-03 -1.250000e+01 -5.009508e+01
     vertex  3.054305e+00 -1.250000e+01 -5.000189e+01
   endloop
 endfacet
 facet normal  5.120735e-02 -1.045126e-02  9.986334e-01
   outer loop
     vertex  2.038460e+00 -4.166667e+00 -5.005360e+01
     vertex -7.594809e+00  0.000000e+00 -4.951602e+01
     vertex -6.083380e+00 -1.250000e+01 -4.972434e+01
   endloop
 endfacet
 facet normal -3.849605e-01  6.473792e-02  9.206598e-01
   outer loop
     vertex  1.790872e+01  1.250000e+01 -4.678456e+01
     vertex  1.060424e+01  0.000000e+00 -4.895986e+01
     vertex  2.072364e+01  1.250000e+01 -4.560754e+01
   endloop
 endfacet
 facet normal -2.412538e-01 -2.783561e-02  9.700628e-01
   outer loop
     vertex  1.790872e+01  1.250000e+01 -4.678456e+01
     vertex  6.092635e+00  1.250000e+01 -4.972321e+01
     vertex  1.060424e+01  0.000000e+00 -4.895986e+01
   endloop
 endfacet
 facet normal -2.409316e-01  5.866359e-02  9.687675e-01
   outer loop
     vertex  1.790872e+01  1.250000e+01 -4.678456e+01
     vertex  8.607776e+00  1.666667e+01 -4.935001e+01
     vertex  6.092635e+00  1.250000e+01 -4.972321e+01
   endloop
 endfacet
 facet normal -3.288809e-01 -6.193077e-03  9.443511e-01
   outer loop
     vertex  1.838277e+01  1.666667e+01 -4.660033e+01
     vertex  1.932514e+01  2.500000e+01 -4.621750e+01
     vertex  1.356511e+01  2.500000e+01 -4.822349e+01
   endloop
 endfacet
 facet normal -3.857678e-01  3.098399e-03  9.225907e-01
   outer loop
     vertex  1.838277e+01  1.666667e+01 -4.660033e+01
     vertex  1.790872e+01  1.250000e+01 -4.678456e+01
     vertex  2.072364e+01  1.250000e+01 -4.560754e+01
   endloop
 endfacet
 facet normal -2.707684e-01 -1.175303e-02  9.625728e-01
   outer loop
     vertex  1.838277e+01  1.666667e+01 -4.660033e+01
     vertex  8.607776e+00  1.666667e+01 -4.935001e+01
     vertex  1.790872e+01  1.250000e+01 -4.678456e+01
   endloop
 endfacet
 facet normal -4.044194e-01  3.717424e-03  9.145661e-01
   outer loop
     vertex  1.838277e+01  1.666667e+01 -4.660033e+01
     vertex  2.210291e+01  1.666667e+01 -4.495530e+01
     vertex  1.932514e+01  2.500000e+01 -4.621750e+01
   endloop
 endfacet
 facet normal -2.706575e-01  3.093940e-02  9.621784e-01
   outer loop
     vertex  1.838277e+01  1.666667e+01 -4.660033e+01
     vertex  1.356511e+01  2.500000e+01 -4.822349e+01
     vertex  8.607776e+00  1.666667e+01 -4.935001e+01
   endloop
 endfacet
 facet normal -4.044047e-01 -9.291856e-03  9.145329e-01
   outer loop
     vertex  1.838277e+01  1.666667e+01 -4.660033e+01
     vertex  2.072364e+01  1.250000e+01 -4.560754e+01
     vertex  2.210291e+01  1.666667e+01 -4.495530e+01
   endloop
 endfacet
 facet normal  6.078063e-02  1.175316e-02  9.980819e-01
   outer loop
     vertex  1.530196e+00  0.000000e+00 -5.007171e+01
     vertex -7.594809e+00  0.000000e+00 -4.951602e+01
     vertex  2.038460e+00 -4.166667e+00 -5.005360e+01
   endloop
 endfacet
 facet normal -1.216145e-01 -1.052017e-02  9.925217e-01
   outer loop
     vertex  1.530196e+00  0.000000e+00 -5.007171e+01
     vertex  2.038460e+00 -4.166667e+00 -5.005360e+01
     vertex  1.060424e+01  0.000000e+00 -4.895986e+01
   endloop
 endfacet
 facet normal  6.078063e-02 -1.175316e-02  9.980819e-01
   outer loop
     vertex  2.038460e+00  4.166667e+00 -5.005360e+01
     vertex -7.594809e+00  0.000000e+00 -4.951602e+01
     vertex  1.530196e+00  0.000000e+00 -5.007171e+01
   endloop
 endfacet
 facet normal -1.216145e-01  1.052017e-02  9.925217e-01
   outer loop
     vertex  2.038460e+00  4.166667e+00 -5.005360e+01
     vertex  1.530196e+00  0.000000e+00 -5.007171e+01
     vertex  1.060424e+01  0.000000e+00 -4.895986e+01
   endloop
 endfacet
 facet normal -1.179972e-01  1.804277e-02  9.928500e-01
   outer loop
     vertex  2.038460e+00  4.166667e+00 -5.005360e+01
     vertex  1.060424e+01  0.000000e+00 -4.895986e+01
     vertex  6.092635e+00  1.250000e+01 -4.972321e+01
   endloop
 endfacet
 facet normal -9.133634e-02  4.954971e-03  9.958078e-01
   outer loop
     vertex  2.038460e+00  4.166667e+00 -5.005360e+01
     vertex  6.092635e+00  1.250000e+01 -4.972321e+01
     vertex  3.054305e+00  1.250000e+01 -5.000189e+01
   endloop
 endfacet
 facet normal -3.054404e-02 -2.478791e-03  9.995303e-01
   outer loop
     vertex  2.038460e+00  4.166667e+00 -5.005360e+01
     vertex  3.054305e+00  1.250000e+01 -5.000189e+01
     vertex  4.644627e-03  1.250000e+01 -5.009508e+01
   endloop
 endfacet
 facet normal  5.120735e-02  1.045126e-02  9.986334e-01
   outer loop
     vertex -6.083380e+00  1.250000e+01 -4.972434e+01
     vertex -7.594809e+00  0.000000e+00 -4.951602e+01
     vertex  2.038460e+00  4.166667e+00 -5.005360e+01
   endloop
 endfacet
 facet normal  6.077174e-02  1.979970e-02  9.979553e-01
   outer loop
     vertex -6.083380e+00  1.250000e+01 -4.972434e+01
     vertex  2.038460e+00  4.166667e+00 -5.005360e+01
     vertex  4.644627e-03  1.250000e+01 -5.009508e+01
   endloop
 endfacet
 facet normal  1.816360e-01 -5.574144e-03  9.833500e-01
   outer loop
     vertex -6.083380e+00  1.250000e+01 -4.972434e+01
     vertex -1.208122e+01  1.250000e+01 -4.861647e+01
     vertex -7.594809e+00  0.000000e+00 -4.951602e+01
   endloop
 endfacet
 facet normal  9.100881e-02 -5.624429e-02  9.942605e-01
   outer loop
     vertex -6.083380e+00  1.250000e+01 -4.972434e+01
     vertex  5.132166e-01  1.666667e+01 -5.009245e+01
     vertex -9.598850e+00  1.666667e+01 -4.916685e+01
   endloop
 endfacet
 facet normal  1.815961e-01  2.167404e-02  9.831343e-01
   outer loop
     vertex -6.083380e+00  1.250000e+01 -4.972434e+01
     vertex -9.598850e+00  1.666667e+01 -4.916685e+01
     vertex -1.208122e+01  1.250000e+01 -4.861647e+01
   endloop
 endfacet
 facet normal  6.078168e-02 -8.048366e-03  9.981186e-01
   outer loop
     vertex -6.083380e+00  1.250000e+01 -4.972434e+01
     vertex  4.644627e-03  1.250000e+01 -5.009508e+01
     vertex  5.132166e-01  1.666667e+01 -5.009245e+01
   endloop
 endfacet
 facet normal  4.361939e-02  0.000000e+00  9.990482e-01
   outer loop
     vertex  1.499524e+02 -2.500000e+01 -2.180969e+00
     vertex  5.004759e+01  2.500000e+01  2.180969e+00
     vertex  5.004759e+01 -2.500000e+01  2.180969e+00
   endloop
 endfacet
 facet normal  4.361939e-02  0.000000e+00  9.990482e-01
   outer loop
     vertex  1.499524e+02  2.500000e+01 -2.180969e+00
     vertex  5.004759e+01  2.500000e+01  2.180969e+00
     vertex  1.499524e+02 -2.500000e+01 -2.180969e+00
   endloop
 endfacet
 facet normal  9.990482e-01  0.000000e+00  4.361939e-02
   outer loop
     vertex -2.180969e+00 -2.500000e+01  1.499524e+02
     vertex  2.180969e+00 -2.500000e+01  5.004759e+01
     vertex  2.180969e+00  2.500000e+01  5.004759e+01
   endloop
 endfacet
 facet normal  9.990482e-01  0.000000e+00  4.361939e-02
   outer loop
     vertex -2.180969e+00  2.500000e+01  1.499524e+02
     vertex -2.180969e+00 -2.500000e+01  1.499524e+02
     vertex  2.180969e+00  2.500000e+01  5.004759e+01
   endloop
 endfacet
endsolid
